{
    "timestamp": {
        "min": [
            0.0
        ],
        "max": [
            23.466666666666665
        ],
        "mean": [
            8.23182412358883
        ],
        "std": [
            5.356180831856742
        ],
        "count": [
            2805
        ],
        "q01": [
            0.14920504118520989
        ],
        "q10": [
            1.6355246611201057
        ],
        "q50": [
            8.231198431372533
        ],
        "q90": [
            14.82812358605755
        ],
        "q99": [
            16.314443205992447
        ]
    },
    "observation.images.side": {
        "min": [
            [
                [
                    0.03137254901960784
                ]
            ],
            [
                [
                    0.03529411764705882
                ]
            ],
            [
                [
                    0.047058823529411764
                ]
            ]
        ],
        "max": [
            [
                [
                    1.0
                ]
            ],
            [
                [
                    1.0
                ]
            ],
            [
                [
                    1.0
                ]
            ]
        ],
        "mean": [
            [
                [
                    0.560711663734198
                ]
            ],
            [
                [
                    0.5386842237025427
                ]
            ],
            [
                [
                    0.5330046705006455
                ]
            ]
        ],
        "std": [
            [
                [
                    0.0025322353413500223
                ]
            ],
            [
                [
                    0.0024710236284023347
                ]
            ],
            [
                [
                    0.0023332444421835423
                ]
            ]
        ],
        "count": [
            638
        ],
        "q01": [
            [
                [
                    0.10075324508724091
                ]
            ],
            [
                [
                    0.09930394280664417
                ]
            ],
            [
                [
                    0.11039983523069483
                ]
            ]
        ],
        "q10": [
            [
                [
                    0.23618102114829598
                ]
            ],
            [
                [
                    0.23096787107399636
                ]
            ],
            [
                [
                    0.24145616067584272
                ]
            ]
        ],
        "q50": [
            [
                [
                    0.5653339748518658
                ]
            ],
            [
                [
                    0.5071368652025094
                ]
            ],
            [
                [
                    0.47847132588501806
                ]
            ]
        ],
        "q90": [
            [
                [
                    0.8462156018598342
                ]
            ],
            [
                [
                    0.8462168592660614
                ]
            ],
            [
                [
                    0.8449526197806262
                ]
            ]
        ],
        "q99": [
            [
                [
                    0.8679294655574862
                ]
            ],
            [
                [
                    0.8679081581175051
                ]
            ],
            [
                [
                    0.8685467923393442
                ]
            ]
        ]
    },
    "index": {
        "min": [
            0
        ],
        "max": [
            2804
        ],
        "mean": [
            1402.0
        ],
        "std": [
            809.7337010812053
        ],
        "count": [
            2805
        ],
        "q01": [
            1159.5214275307396
        ],
        "q10": [
            1204.1110161282622
        ],
        "q50": [
            1401.9812292335116
        ],
        "q90": [
            1599.888983871738
        ],
        "q99": [
            1644.4785724692604
        ]
    },
    "task_index": {
        "min": [
            0
        ],
        "max": [
            0
        ],
        "mean": [
            0.0
        ],
        "std": [
            0.0
        ],
        "count": [
            2805
        ],
        "q01": [
            3.9999999999994176e-16
        ],
        "q10": [
            3.999999999999418e-15
        ],
        "q50": [
            1.9999999999997088e-14
        ],
        "q90": [
            3.5999999999994766e-14
        ],
        "q99": [
            3.9599999999994235e-14
        ]
    },
    "action": {
        "min": [
            -0.16812585294246674,
            -1.9139764308929443,
            -0.31601667404174805,
            1.3532851934432983,
            -0.24000033736228943,
            -0.12085077166557312,
            0.6274438500404358,
            -0.005156368017196655
        ],
        "max": [
            0.26791393756866455,
            0.7989953756332397,
            0.12137321382761002,
            2.2205238342285156,
            0.012790687382221222,
            0.17723852396011353,
            1.5315101146697998,
            0.08810301125049591
        ],
        "mean": [
            0.06107283480823996,
            0.02841288240463763,
            -0.11283155575314945,
            1.723202797945808,
            -0.11334428891088023,
            0.017284792281916355,
            0.9023122919647026,
            0.04895879217753861
        ],
        "std": [
            0.10869463544297656,
            0.7520969501854365,
            0.09112769624651008,
            0.239748425397326,
            0.03872613939130133,
            0.043505995822874344,
            0.18170055687287026,
            0.028071836441128744
        ],
        "count": [
            2805
        ],
        "q01": [
            -0.11077904975067644,
            -1.8621059522379104,
            -0.27392978068198115,
            1.4396577041327634,
            -0.18974710529888592,
            -0.06363074143245524,
            0.7206387521860433,
            -0.0021405208847573055
        ],
        "q10": [
            -0.07728663240086267,
            -1.0087076525233434,
            -0.22507469165266727,
            1.509379034800963,
            -0.15948682553999777,
            -0.042309614151530305,
            0.7532650872124707,
            0.0019719338349046753
        ],
        "q50": [
            0.04296213753800341,
            0.3497841622952684,
            -0.10421330405004096,
            1.6424582781957433,
            -0.11491858106299092,
            0.024154794365566043,
            0.8637836584114136,
            0.062176129889059684
        ],
        "q90": [
            0.20023167421712595,
            0.6216782149826567,
            -0.00745209733698245,
            2.062001953830481,
            -0.07721735576456562,
            0.06363673445508017,
            1.1053962625305496,
            0.07306036317186454
        ],
        "q99": [
            0.22708611069638246,
            0.738042673850442,
            0.020530520635545783,
            2.2090745034617325,
            -0.026456835793567002,
            0.08766525112297022,
            1.46793128025043,
            0.07754215294130665
        ]
    },
    "observation.images.front": {
        "min": [
            [
                [
                    0.0
                ]
            ],
            [
                [
                    0.0
                ]
            ],
            [
                [
                    0.0
                ]
            ]
        ],