{
  "action": {
    "mean": [
      -0.10376675426959991,
      0.192019522190094,
      -0.3069661259651184,
      0.029603181406855583,
      0.15367625653743744,
      -0.3364875614643097,
      -0.2164449244737625,
      -0.246710866689682,
      -0.04692038893699646,
      0.08673342317342758,
      0.12527547776699066,
      -0.04845068231225014,
      -0.24629253149032593,
      0.08319444954395294,
      -0.0029246830381453037,
      0.06447197496891022,
      0.23470336198806763,
      -0.09638334065675735
    ],
    "std": [
      0.17214429378509521,
      0.1614847630262375,
      0.4199496805667877,
      0.5885350704193115,
      0.29115885496139526,
      0.1479383260011673,
      0.15368416905403137,
      0.16547426581382751,
      0.18830430507659912,
      0.2696898579597473,
      0.5402913689613342,
      0.23793382942676544,
      0.1321570724248886,
      0.12770555913448334,
      0.1114194318652153,
      0.4852491319179535,
      0.5108344554901123,
      0.14441171288490295
    ],
    "min": [
      -1.387461543083191,
      -0.1298113316297531,
      -2.618000030517578,
      -0.9927620887756348,
      -0.7862297892570496,
      -1.6144293546676636,
      -1.614429235458374,
      -0.9102548956871033,
      -1.384244441986084,
      -1.142428994178772,
      -0.8248578906059265,
      -0.9011436700820923,
      -0.8375858068466187,
      -0.3730640709400177,
      -0.7633699774742126,
      -0.7706959843635559,
      -0.7775335907936096,
      -0.7726495862007141
    ],
    "max": [
      0.883530855178833,
      1.406849980354309,
      0.996425449848175,
      1.9774513244628906,
      1.9722219705581665,
      0.2946985065937042,
      0.3890978693962097,
      0.5968035459518433,
      0.345013827085495,
      0.8984347581863403,
      1.3096721172332764,
      0.9013908505439758,
      0.5027437210083008,
      0.8671442270278931,
      1.2927961349487305,
      1.297680139541626,
      1.258608102798462,
      1.3382173776626587
    ]
  },
  "observation.state": {
    "mean": [
      -0.32973387837409973,
      -0.023330971598625183,
      0.014913990162312984,
      0.6844719052314758,
      -0.355379194021225,
      0.003948723431676626,
      -0.39117884635925293,
      0.014043707400560379,
      -0.00905576441437006,
      0.6864059567451477,
      -0.2955147325992584,
      -0.023337550461292267,
      -0.003765131114050746,
      0.0,
      0.0,
      -0.04754561558365822,
      0.21326550841331482,
      -0.24513864517211914,
      0.05968745797872543,
      0.14616966247558594,
      0.0,
      0.0,
      -0.18551425635814667,
      -0.08976726233959198,
      0.026897206902503967,
      0.15077441930770874,
      -0.051682647317647934,
      0.0,
      0.0
    ],
    "std": [
      0.10509117692708969,
      0.0461098775267601,
      0.05210725963115692,
      0.14425936341285706,
      0.08864017575979233,
      0.04643294960260391,
      0.10028272122144699,
      0.03975110873579979,
      0.045791368931531906,
      0.16216248273849487,
      0.09905363619327545,
      0.030129550024867058,
      0.00862044095993042,
      0.0,
      0.0,
      0.18258218467235565,
      0.13343645632266998,
      0.3830219507217407,
      0.5863218307495117,
      0.2899826765060425,
      0.0,
      0.0,
      0.15353773534297943,
      0.14961689710617065,
      0.2532081604003906,
      0.5408386588096619,
      0.23644202947616577,
      0.0,
      0.0
    ],
    "min": [
      -1.0154850482940674,
      -0.22702915966510773,
      -0.24803130328655243,
      0.22921933233737946,
      -0.8333232402801514,
      -0.24093857407569885,
      -0.9249716997146606,
      -0.5877447128295898,
      -0.4138631522655487,
      0.11365093290805817,
      -0.8411810398101807,
      -0.15517182648181915,
      -0.1183575764298439,
      0.0,
      0.0,
      -1.3149811029434204,
      -0.0824514701962471,
      -2.6165757179260254,
      -0.9645982980728149,
      -0.7722035646438599,
      0.0,
      0.0,
      -0.7586134672164917,
      -1.3242688179016113,
      -1.0525145530700684,
      -0.8076289296150208,
      -0.9340624809265137,
      0.0,
      0.0
    ],
    "max": [
      0.4863162338733673,
      0.40458744764328003,
      0.3215528130531311,
      1.4227330684661865,
      0.11464308947324753,
      0.1515566110610962,
      0.3629074692726135,
      0.2525869905948639,
      0.2914746105670929,
      1.5590869188308716,
      0.22836242616176605,
      0.24019145965576172,
      0.17204567790031433,
      0.0,
      0.0,
      0.8579866290092468,
      1.3459843397140503,
      0.9848995804786682,
      1.9470411539077759,
      1.9658563137054443,
      0.0,
      0.0,
      0.5597951412200928,
      0.12657739222049713,
      0.9289811849594116,
      1.3259825706481934,
      0.8872281312942505,
      0.0,
      0.0
    ]
  }
}