INFO 2026-09-29 19:11:10 y_server.py:143 Policy server software={'lerobot_version': '0.6.2', 'revision': '62aa001b7da39b60df9e9a158ecd93b5ede414bd', 'dirty': False} protocol=1
Fetching 9 files: 100%|██████████| 9/9 [00:00<00:00, 776.96it/s]
INFO 2026-09-29 19:11:11 y_server.py:160 Deployment warmed: name=omx-act instance=4bc7a2bb48514cdaa75527d9c0cf2e26 artifact=sha256:1588834040a64b94aa14416afed99dbae2779e826efe78275324195cf1ade138 capabilities=PolicyCapabilities(modes=(<ExecutionMode.CHUNK: 'chunk'>,), prediction_steps=30, execution_steps=30, action_interval=0.03333333333333333, features=(FeatureSpec(name='observation.state', shape=(6,), dtype='float32', kind='tensor', names=('shoulder_pan.pos', 'shoulder_lift.pos', 'elbow_flex.pos', 'wrist_flex.pos', 'wrist_roll.pos', 'gripper.pos'), semantics='omx-normalized-joints-gripper-percent-v1'), FeatureSpec(name='observation.images.wrist', shape=(480, 640, 3), dtype='uint8', kind='rgb', names=(), semantics='rgb-wrist-v1'), FeatureSpec(name='observation.images.top', shape=(480, 640, 3), dtype='uint8', kind='rgb', names=(), semantics='rgb-top-v1')), action_feature=FeatureSpec(name='action', shape=(6,), dtype='float32', kind='tensor', names=('shoulder_pan.pos', 'shoulder_lift.pos', 'elbow_flex.pos', 'wrist_flex.pos', 'wrist_roll.pos', 'gripper.pos'), semantics='omx-normalized-joints-gripper-percent-v1'), language=False, training_max_delay=0, rtc_horizon=0, current_observation_only=True, retains_session_state=True, action_representation='canonical')
INFO 2026-09-29 19:11:22 e/server.py:430 Session admitted instance=4bc7a2bb48514cdaa75527d9c0cf2e26 session=945ddea2027c497fa9ea3506b14f1176
INFO 2026-09-29 19:11:22 e/server.py:614 Session client absent instance=4bc7a2bb48514cdaa75527d9c0cf2e26 session=945ddea2027c497fa9ea3506b14f1176 grace_s=30.000 inference_pending=False
INFO 2026-09-29 19:11:22 e/server.py:602 Session presence restored instance=4bc7a2bb48514cdaa75527d9c0cf2e26 session=945ddea2027c497fa9ea3506b14f1176; absence cleanup cancelled
INFO 2026-09-29 19:11:22 e/server.py:574 Policy operation deployment=omx-act instance=4bc7a2bb48514cdaa75527d9c0cf2e26 session=945ddea2027c497fa9ea3506b14f1176 generation=1 request=5ba9de5e2cb5461f849c78f5480a6b09 type=observation queue_s=0.000172 worker_s=0.022969
INFO 2026-09-29 19:11:23 e/server.py:574 Policy operation deployment=omx-act instance=4bc7a2bb48514cdaa75527d9c0cf2e26 session=945ddea2027c497fa9ea3506b14f1176 generation=1 request=f7ba23e156d84299bd911ac7f4fff35f type=observation queue_s=0.000122 worker_s=0.014402
INFO 2026-09-29 19:11:24 e/server.py:574 Policy operation deployment=omx-act instance=4bc7a2bb48514cdaa75527d9c0cf2e26 session=945ddea2027c497fa9ea3506b14f1176 generation=1 request=80b538ed18c74af4acef454a8445869b type=observation queue_s=0.000132 worker_s=0.012880
INFO 2026-09-29 19:11:25 e/server.py:574 Policy operation deployment=omx-act instance=4bc7a2bb48514cdaa75527d9c0cf2e26 session=945ddea2027c497fa9ea3506b14f1176 generation=1 request=ab566f641514436ba725952c7fa63e3d type=observation queue_s=0.000148 worker_s=0.013686
INFO 2026-09-29 19:11:26 e/server.py:574 Policy operation deployment=omx-act instance=4bc7a2bb48514cdaa75527d9c0cf2e26 session=945ddea2027c497fa9ea3506b14f1176 generation=1 request=ebfbc97dc6f04ded98d5a96a58435053 type=observation queue_s=0.000151 worker_s=0.014319
INFO 2026-09-29 19:11:27 e/server.py:574 Policy operation deployment=omx-act instance=4bc7a2bb48514cdaa75527d9c0cf2e26 session=945ddea2027c497fa9ea3506b14f1176 generation=1 request=a81702990af34ad08ee4ee55db475688 type=observation queue_s=0.000159 worker_s=0.014668
INFO 2026-09-29 19:11:28 e/server.py:574 Policy operation deployment=omx-act instance=4bc7a2bb48514cdaa75527d9c0cf2e26 session=945ddea2027c497fa9ea3506b14f1176 generation=1 request=21e49ee2b6e94653b1bc0eae28a60d64 type=observation queue_s=0.000180 worker_s=0.013958
INFO 2026-09-29 19:11:29 e/server.py:574 Policy operation deployment=omx-act instance=4bc7a2bb48514cdaa75527d9c0cf2e26 session=945ddea2027c497fa9ea3506b14f1176 generation=1 request=4ab1bfb8f0ca433c9c7ef75ef5f77a28 type=observation queue_s=0.000178 worker_s=0.010441
INFO 2026-09-29 19:11:30 e/server.py:574 Policy operation deployment=omx-act instance=4bc7a2bb48514cdaa75527d9c0cf2e26 session=945ddea2027c497fa9ea3506b14f1176 generation=1 request=61bf3bc627ab431a83df3f09b4e77dc9 type=observation queue_s=0.000132 worker_s=0.012663
INFO 2026-09-29 19:11:31 e/server.py:574 Policy operation deployment=omx-act instance=4bc7a2bb48514cdaa75527d9c0cf2e26 session=945ddea2027c497fa9ea3506b14f1176 generation=1 request=bcf5f0d0f3c5493f84fa5caecc95568e type=observation queue_s=0.000145 worker_s=0.013089
INFO 2026-09-29 19:11:32 e/server.py:574 Policy operation deployment=omx-act instance=4bc7a2bb48514cdaa75527d9c0cf2e26 session=945ddea2027c497fa9ea3506b14f1176 generation=1 request=80340b75d03640d9a5023d485267f919 type=observation queue_s=0.000136 worker_s=0.013531
INFO 2026-09-29 19:11:33 e/server.py:574 Policy operation deployment=omx-act instance=4bc7a2bb48514cdaa75527d9c0cf2e26 session=945ddea2027c497fa9ea3506b14f1176 generation=1 request=aa1b38b159bd4ea5a52e31b6894f5e26 type=observation queue_s=0.000135 worker_s=0.012443
INFO 2026-09-29 19:11:34 e/server.py:574 Policy operation deployment=omx-act instance=4bc7a2bb48514cdaa75527d9c0cf2e26 session=945ddea2027c497fa9ea3506b14f1176 generation=1 request=3d01086603f44569835d954efd18e365 type=observation queue_s=0.000112 worker_s=0.010400
INFO 2026-09-29 19:11:35 e/server.py:574 Policy operation deployment=omx-act instance=4bc7a2bb48514cdaa75527d9c0cf2e26 session=945ddea2027c497fa9ea3506b14f1176 generation=1 request=0e353c9c8b564cae9f2dfdcffee9befa type=observation queue_s=0.000118 worker_s=0.012838
INFO 2026-09-29 19:11:36 e/server.py:574 Policy operation deployment=omx-act instance=4bc7a2bb48514cdaa75527d9c0cf2e26 session=945ddea2027c497fa9ea3506b14f1176 generation=1 request=caaa5d7119f347bda62266f61e2713ef type=observation queue_s=0.000128 worker_s=0.011928
INFO 2026-09-29 19:11:37 e/server.py:574 Policy operation deployment=omx-act instance=4bc7a2bb48514cdaa75527d9c0cf2e26 session=945ddea2027c497fa9ea3506b14f1176 generation=1 request=8614b87caba64f61a7beeba50e767498 type=observation queue_s=0.000137 worker_s=0.011936
INFO 2026-09-29 19:11:38 e/server.py:574 Policy operation deployment=omx-act instance=4bc7a2bb48514cdaa75527d9c0cf2e26 session=945ddea2027c497fa9ea3506b14f1176 generation=1 request=65c36225f832440c80d69357d7ded8f7 type=observation queue_s=0.000186 worker_s=0.011813
INFO 2026-09-29 19:11:39 e/server.py:574 Policy operation deployment=omx-act instance=4bc7a2bb48514cdaa75527d9c0cf2e26 session=945ddea2027c497fa9ea3506b14f1176 generation=1 request=3acd6943f8d4402dbae81d6a459b774b type=observation queue_s=0.000152 worker_s=0.010939
INFO 2026-09-29 19:11:40 e/server.py:574 Policy operation deployment=omx-act instance=4bc7a2bb48514cdaa75527d9c0cf2e26 session=945ddea2027c497fa9ea3506b14f1176 generation=1 request=79bcd26f8e8b4fe588d22b857b2894a4 type=observation queue_s=0.000147 worker_s=0.011030
INFO 2026-09-29 19:11:41 e/server.py:574 Policy operation deployment=omx-act instance=4bc7a2bb48514cdaa75527d9c0cf2e26 session=945ddea2027c497fa9ea3506b14f1176 generation=1 request=0c5e22ea23c54a39886901aeb8837d57 type=observation queue_s=0.000120 worker_s=0.012035
INFO 2026-09-29 19:11:42 e/server.py:574 Policy operation deployment=omx-act instance=4bc7a2bb48514cdaa75527d9c0cf2e26 session=945ddea2027c497fa9ea3506b14f1176 generation=1 request=f9903ca27d9d4826bff716582cf9cc3e type=observation queue_s=0.000159 worker_s=0.011652
INFO 2026-09-29 19:11:43 e/server.py:574 Policy operation deployment=omx-act instance=4bc7a2bb48514cdaa75527d9c0cf2e26 session=945ddea2027c497fa9ea3506b14f1176 generation=1 request=7b71e6d4d974424b992ed77401254c62 type=observation queue_s=0.000062 worker_s=0.010505
INFO 2026-09-29 19:11:44 e/server.py:574 Policy operation deployment=omx-act instance=4bc7a2bb48514cdaa75527d9c0cf2e26 session=945ddea2027c497fa9ea3506b14f1176 generation=1 request=882af117dd0c4a7da6b6ccf2ae0e571a type=observation queue_s=0.000148 worker_s=0.015238
INFO 2026-09-29 19:11:45 e/server.py:574 Policy operation deployment=omx-act instance=4bc7a2bb48514cdaa75527d9c0cf2e26 session=945ddea2027c497fa9ea3506b14f1176 generation=1 request=2752166934734cf78d928731d3298a44 type=observation queue_s=0.000157 worker_s=0.014173
INFO 2026-09-29 19:11:46 e/server.py:574 Policy operation deployment=omx-act instance=4bc7a2bb48514cdaa75527d9c0cf2e26 session=945ddea2027c497fa9ea3506b14f1176 generation=1 request=2144404135fd4ac6b4a7232c042c6af3 type=observation queue_s=0.000142 worker_s=0.014311
INFO 2026-09-29 19:11:47 e/server.py:574 Policy operation deployment=omx-act instance=4bc7a2bb48514cdaa75527d9c0cf2e26 session=945ddea2027c497fa9ea3506b14f1176 generation=1 request=c327d9d9d5294221af3191bbe72e6b11 type=observation queue_s=0.000171 worker_s=0.013744
INFO 2026-09-29 19:11:48 e/server.py:574 Policy operation deployment=omx-act instance=4bc7a2bb48514cdaa75527d9c0cf2e26 session=945ddea2027c497fa9ea3506b14f1176 generation=1 request=fb6569f57bca49ebbf134b325a360841 type=observation queue_s=0.000138 worker_s=0.014166
INFO 2026-09-29 19:11:49 e/server.py:574 Policy operation deployment=omx-act instance=4bc7a2bb48514cdaa75527d9c0cf2e26 session=945ddea2027c497fa9ea3506b14f1176 generation=1 request=26479332981b4b2eae86800a23632df1 type=observation queue_s=0.000171 worker_s=0.013823
INFO 2026-09-29 19:11:50 e/server.py:574 Policy operation deployment=omx-act instance=4bc7a2bb48514cdaa75527d9c0cf2e26 session=945ddea2027c497fa9ea3506b14f1176 generation=1 request=99e6d7562fe842e49eb513df401092de type=observation queue_s=0.000137 worker_s=0.014453
INFO 2026-09-29 19:11:51 e/server.py:318 Session cleanup queued instance=4bc7a2bb48514cdaa75527d9c0cf2e26 session=945ddea2027c497fa9ea3506b14f1176 reason=client_close inference_pending=False; ownership releases only after worker close/reset completes
INFO 2026-09-29 19:11:51 e/server.py:459 Session released instance=4bc7a2bb48514cdaa75527d9c0cf2e26 session=945ddea2027c497fa9ea3506b14f1176 reason=client_close; deployment available for a new session
INFO 2026-09-29 19:12:28 e/server.py:430 Session admitted instance=4bc7a2bb48514cdaa75527d9c0cf2e26 session=4eb22a24781d4801ad635deef5a48a9f
INFO 2026-09-29 19:12:28 e/server.py:614 Session client absent instance=4bc7a2bb48514cdaa75527d9c0cf2e26 session=4eb22a24781d4801ad635deef5a48a9f grace_s=30.000 inference_pending=False
INFO 2026-09-29 19:12:28 e/server.py:602 Session presence restored instance=4bc7a2bb48514cdaa75527d9c0cf2e26 session=4eb22a24781d4801ad635deef5a48a9f; absence cleanup cancelled
INFO 2026-09-29 19:12:28 e/server.py:574 Policy operation deployment=omx-act instance=4bc7a2bb48514cdaa75527d9c0cf2e26 session=4eb22a24781d4801ad635deef5a48a9f generation=1 request=a187d17b301843a9a5dd351382191fe6 type=observation queue_s=0.000145 worker_s=0.026049
INFO 2026-09-29 19:12:28 e/server.py:574 Policy operation deployment=omx-act instance=4bc7a2bb48514cdaa75527d9c0cf2e26 session=4eb22a24781d4801ad635deef5a48a9f generation=1 request=20248eb38b394ae1aa54f9a8c82c315b type=observation queue_s=0.000172 worker_s=0.014037
INFO 2026-09-29 19:12:28 e/server.py:574 Policy operation deployment=omx-act instance=4bc7a2bb48514cdaa75527d9c0cf2e26 session=4eb22a24781d4801ad635deef5a48a9f generation=1 request=d07f9341b5274e0194e45329e59e58a2 type=observation queue_s=0.000188 worker_s=0.013653
INFO 2026-09-29 19:12:28 e/server.py:574 Policy operation deployment=omx-act instance=4bc7a2bb48514cdaa75527d9c0cf2e26 session=4eb22a24781d4801ad635deef5a48a9f generation=1 request=5ef04262f9f34f3a8a8496829d288839 type=observation queue_s=0.000165 worker_s=0.013123
INFO 2026-09-29 19:12:28 e/server.py:574 Policy operation deployment=omx-act instance=4bc7a2bb48514cdaa75527d9c0cf2e26 session=4eb22a24781d4801ad635deef5a48a9f generation=1 request=b472fadb15734363bd1595e8708ff4b8 type=observation queue_s=0.000144 worker_s=0.012921
INFO 2026-09-29 19:12:28 e/server.py:574 Policy operation deployment=omx-act instance=4bc7a2bb48514cdaa75527d9c0cf2e26 session=4eb22a24781d4801ad635deef5a48a9f generation=1 request=5310e9d5d3ec4eadbc07e951c3e79f3a type=observation queue_s=0.000151 worker_s=0.012239
INFO 2026-09-29 19:12:28 e/server.py:574 Policy operation deployment=omx-act instance=4bc7a2bb48514cdaa75527d9c0cf2e26 session=4eb22a24781d4801ad635deef5a48a9f generation=1 request=911b52a786c54707885d51a6ea53bde0 type=observation queue_s=0.000161 worker_s=0.012067
INFO 2026-09-29 19:12:28 e/server.py:574 Policy operation deployment=omx-act instance=4bc7a2bb48514cdaa75527d9c0cf2e26 session=4eb22a24781d4801ad635deef5a48a9f generation=1 request=69872d2c52484fa7bf6e1c2ea3933fda type=observation queue_s=0.000134 worker_s=0.012329
INFO 2026-09-29 19:12:28 e/server.py:574 Policy operation deployment=omx-act instance=4bc7a2bb48514cdaa75527d9c0cf2e26 session=4eb22a24781d4801ad635deef5a48a9f generation=1 request=89b8e05d466f48a3a170ebb5f32cae2e type=observation queue_s=0.000093 worker_s=0.011033
INFO 2026-09-29 19:12:28 e/server.py:574 Policy operation deployment=omx-act instance=4bc7a2bb48514cdaa75527d9c0cf2e26 session=4eb22a24781d4801ad635deef5a48a9f generation=1 request=48f732e9eae94e898310d64f9621232f type=observation queue_s=0.000118 worker_s=0.011571
INFO 2026-09-29 19:12:29 e/server.py:574 Policy operation deployment=omx-act instance=4bc7a2bb48514cdaa75527d9c0cf2e26 session=4eb22a24781d4801ad635deef5a48a9f generation=1 request=b98856414ef44739bb9ec58eb57650f5 type=observation queue_s=0.000100 worker_s=0.010880
INFO 2026-09-29 19:12:29 e/server.py:574 Policy operation deployment=omx-act instance=4bc7a2bb48514cdaa75527d9c0cf2e26 session=4eb22a24781d4801ad635deef5a48a9f generation=1 request=229b20672f244d80be34cba9ff65a352 type=observation queue_s=0.000134 worker_s=0.011312
INFO 2026-09-29 19:12:29 e/server.py:574 Policy operation deployment=omx-act instance=4bc7a2bb48514cdaa75527d9c0cf2e26 session=4eb22a24781d4801ad635deef5a48a9f generation=1 request=7c8b0101e5ff4628bf855c760a63b533 type=observation queue_s=0.000109 worker_s=0.011901
INFO 2026-09-29 19:12:29 e/server.py:574 Policy operation deployment=omx-act instance=4bc7a2bb48514cdaa75527d9c0cf2e26 session=4eb22a24781d4801ad635deef5a48a9f generation=1 request=d43b1a147c5c4acc909ddde5e6c43b71 type=observation queue_s=0.000110 worker_s=0.010948
INFO 2026-09-29 19:12:29 e/server.py:574 Policy operation deployment=omx-act instance=4bc7a2bb48514cdaa75527d9c0cf2e26 session=4eb22a24781d4801ad635deef5a48a9f generation=1 request=f693c46f249e4c8791699ab3b8fb83d1 type=observation queue_s=0.000092 worker_s=0.010765
INFO 2026-09-29 19:12:29 e/server.py:574 Policy operation deployment=omx-act instance=4bc7a2bb48514cdaa75527d9c0cf2e26 session=4eb22a24781d4801ad635deef5a48a9f generation=1 request=b5994716698a466ebd6879c9a167639d type=observation queue_s=0.000101 worker_s=0.010862
INFO 2026-09-29 19:12:29 e/server.py:574 Policy operation deployment=omx-act instance=4bc7a2bb48514cdaa75527d9c0cf2e26 session=4eb22a24781d4801ad635deef5a48a9f generation=1 request=e33a016462ad445d98afd6f34c8321d0 type=observation queue_s=0.000106 worker_s=0.010804
INFO 2026-09-29 19:12:29 e/server.py:574 Policy operation deployment=omx-act instance=4bc7a2bb48514cdaa75527d9c0cf2e26 session=4eb22a24781d4801ad635deef5a48a9f generation=1 request=bba79a76eeb949078b40211b3918f58d type=observation queue_s=0.000090 worker_s=0.011007
INFO 2026-09-29 19:12:29 e/server.py:574 Policy operation deployment=omx-act instance=4bc7a2bb48514cdaa75527d9c0cf2e26 session=4eb22a24781d4801ad635deef5a48a9f generation=1 request=2bd54073fc6d423fb19f835989226eb9 type=observation queue_s=0.000129 worker_s=0.010965
INFO 2026-09-29 19:12:29 e/server.py:574 Policy operation deployment=omx-act instance=4bc7a2bb48514cdaa75527d9c0cf2e26 session=4eb22a24781d4801ad635deef5a48a9f generation=1 request=e42a0273b85549989f72fd1512612add type=observation queue_s=0.000101 worker_s=0.010528
INFO 2026-09-29 19:12:29 e/server.py:574 Policy operation deployment=omx-act instance=4bc7a2bb48514cdaa75527d9c0cf2e26 session=4eb22a24781d4801ad635deef5a48a9f generation=1 request=53bba6a2566b481c9ac527ccbaea3c45 type=observation queue_s=0.000101 worker_s=0.010902
INFO 2026-09-29 19:12:29 e/server.py:574 Policy operation deployment=omx-act instance=4bc7a2bb48514cdaa75527d9c0cf2e26 session=4eb22a24781d4801ad635deef5a48a9f generation=1 request=5e3a37f384a64289a83e1b9180ce39ff type=observation queue_s=0.000092 worker_s=0.010762
INFO 2026-09-29 19:12:29 e/server.py:574 Policy operation deployment=omx-act instance=4bc7a2bb48514cdaa75527d9c0cf2e26 session=4eb22a24781d4801ad635deef5a48a9f generation=1 request=7fd6dd534aac40b8851d92f0f60b7af8 type=observation queue_s=0.000093 worker_s=0.009978
INFO 2026-09-29 19:12:29 e/server.py:574 Policy operation deployment=omx-act instance=4bc7a2bb48514cdaa75527d9c0cf2e26 session=4eb22a24781d4801ad635deef5a48a9f generation=1 request=096587d4bfe444fab113119f02138f15 type=observation queue_s=0.000025 worker_s=0.010636
INFO 2026-09-29 19:12:29 e/server.py:574 Policy operation deployment=omx-act instance=4bc7a2bb48514cdaa75527d9c0cf2e26 session=4eb22a24781d4801ad635deef5a48a9f generation=1 request=f2e205e65d4a42e3896b2b43f0bb482d type=observation queue_s=0.000024 worker_s=0.009806
INFO 2026-09-29 19:12:29 e/server.py:574 Policy operation deployment=omx-act instance=4bc7a2bb48514cdaa75527d9c0cf2e26 session=4eb22a24781d4801ad635deef5a48a9f generation=1 request=6648d95177d04a6296c5b1feffaa1458 type=observation queue_s=0.000021 worker_s=0.009907
INFO 2026-09-29 19:12:29 e/server.py:574 Policy operation deployment=omx-act instance=4bc7a2bb48514cdaa75527d9c0cf2e26 session=4eb22a24781d4801ad635deef5a48a9f generation=1 request=10c36cb0aee94e5890a1ec20c833493a type=observation queue_s=0.000019 worker_s=0.009826
INFO 2026-09-29 19:12:29 e/server.py:574 Policy operation deployment=omx-act instance=4bc7a2bb48514cdaa75527d9c0cf2e26 session=4eb22a24781d4801ad635deef5a48a9f generation=1 request=7156c224e2d243ccbf1012f2fbf2c208 type=observation queue_s=0.000024 worker_s=0.010344
INFO 2026-09-29 19:12:29 e/server.py:574 Policy operation deployment=omx-act instance=4bc7a2bb48514cdaa75527d9c0cf2e26 session=4eb22a24781d4801ad635deef5a48a9f generation=1 request=d59a24bda5514886982bce5978b66cfc type=observation queue_s=0.000025 worker_s=0.010343
INFO 2026-09-29 19:12:29 e/server.py:574 Policy operation deployment=omx-act instance=4bc7a2bb48514cdaa75527d9c0cf2e26 session=4eb22a24781d4801ad635deef5a48a9f generation=1 request=a751e2e32bcf4bc6b1d957910241a387 type=observation queue_s=0.000027 worker_s=0.010266
INFO 2026-09-29 19:12:29 e/server.py:574 Policy operation deployment=omx-act instance=4bc7a2bb48514cdaa75527d9c0cf2e26 session=4eb22a24781d4801ad635deef5a48a9f generation=1 request=a969e6699fa546e4a344157be0980b19 type=observation queue_s=0.000023 worker_s=0.010466
INFO 2026-09-29 19:12:29 e/server.py:574 Policy operation deployment=omx-act instance=4bc7a2bb48514cdaa75527d9c0cf2e26 session=4eb22a24781d4801ad635deef5a48a9f generation=1 request=c6ea476156cb4b0194b2128eba21f5c5 type=observation queue_s=0.000022 worker_s=0.010233
INFO 2026-09-29 19:12:29 e/server.py:574 Policy operation deployment=omx-act instance=4bc7a2bb48514cdaa75527d9c0cf2e26 session=4eb22a24781d4801ad635deef5a48a9f generation=1 request=967c5c5e97914272bf3a846a86989465 type=observation queue_s=0.000023 worker_s=0.010296
INFO 2026-09-29 19:12:29 e/server.py:574 Policy operation deployment=omx-act instance=4bc7a2bb48514cdaa75527d9c0cf2e26 session=4eb22a24781d4801ad635deef5a48a9f generation=1 request=bc55a4a2968c42018d6fa364171538ae type=observation queue_s=0.000023 worker_s=0.010103
INFO 2026-09-29 19:12:29 e/server.py:574 Policy operation deployment=omx-act instance=4bc7a2bb48514cdaa75527d9c0cf2e26 session=4eb22a24781d4801ad635deef5a48a9f generation=1 request=b71a80d89ab246cc8f45e5d87dc46a70 type=observation queue_s=0.000020 worker_s=0.009696
INFO 2026-09-29 19:12:29 e/server.py:574 Policy operation deployment=omx-act instance=4bc7a2bb48514cdaa75527d9c0cf2e26 session=4eb22a24781d4801ad635deef5a48a9f generation=1 request=905e3b7457fb4bcc937fcd4ec6454184 type=observation queue_s=0.000065 worker_s=0.010337
INFO 2026-09-29 19:12:29 e/server.py:574 Policy operation deployment=omx-act instance=4bc7a2bb48514cdaa75527d9c0cf2e26 session=4eb22a24781d4801ad635deef5a48a9f generation=1 request=de61899795f34ac983e356d9d31fa0fd type=observation queue_s=0.000026 worker_s=0.010320
INFO 2026-09-29 19:12:29 e/server.py:574 Policy operation deployment=omx-act instance=4bc7a2bb48514cdaa75527d9c0cf2e26 session=4eb22a24781d4801ad635deef5a48a9f generation=1 request=cf0a71624b10469b8e9d8219ebc4faaf type=observation queue_s=0.000040 worker_s=0.010328
INFO 2026-09-29 19:12:30 e/server.py:574 Policy operation deployment=omx-act instance=4bc7a2bb48514cdaa75527d9c0cf2e26 session=4eb22a24781d4801ad635deef5a48a9f generation=1 request=813e1f8ac31049cab4e84acb4a2c8c43 type=observation queue_s=0.000058 worker_s=0.011377
INFO 2026-09-29 19:12:30 e/server.py:574 Policy operation deployment=omx-act instance=4bc7a2bb48514cdaa75527d9c0cf2e26 session=4eb22a24781d4801ad635deef5a48a9f generation=1 request=5359e1ed950b447190ad74571919a236 type=observation queue_s=0.000056 worker_s=0.010636
INFO 2026-09-29 19:12:30 e/server.py:574 Policy operation deployment=omx-act instance=4bc7a2bb48514cdaa75527d9c0cf2e26 session=4eb22a24781d4801ad635deef5a48a9f generation=1 request=dda349bb66b045c29782d5ce6fd075f1 type=observation queue_s=0.000037 worker_s=0.010137
INFO 2026-09-29 19:12:30 e/server.py:574 Policy operation deployment=omx-act instance=4bc7a2bb48514cdaa75527d9c0cf2e26 session=4eb22a24781d4801ad635deef5a48a9f generation=1 request=65858fee00e64a7da8f9f7c375af5032 type=observation queue_s=0.000026 worker_s=0.010467
INFO 2026-09-29 19:12:30 e/server.py:574 Policy operation deployment=omx-act instance=4bc7a2bb48514cdaa75527d9c0cf2e26 session=4eb22a24781d4801ad635deef5a48a9f generation=1 request=6ea84bc1b63a439a9b549f05fd8dd953 type=observation queue_s=0.000025 worker_s=0.010325
INFO 2026-09-29 19:12:30 e/server.py:574 Policy operation deployment=omx-act instance=4bc7a2bb48514cdaa75527d9c0cf2e26 session=4eb22a24781d4801ad635deef5a48a9f generation=1 request=816d93d8149a458a9c88977380949b22 type=observation queue_s=0.000035 worker_s=0.010320
INFO 2026-09-29 19:12:30 e/server.py:574 Policy operation deployment=omx-act instance=4bc7a2bb48514cdaa75527d9c0cf2e26 session=4eb22a24781d4801ad635deef5a48a9f generation=1 request=a0451c69aa304cf9ab9508478b9ce8e9 type=observation queue_s=0.000021 worker_s=0.010265
INFO 2026-09-29 19:12:30 e/server.py:574 Policy operation deployment=omx-act instance=4bc7a2bb48514cdaa75527d9c0cf2e26 session=4eb22a24781d4801ad635deef5a48a9f generation=1 request=0836490595e0416db906161d54b4e9e1 type=observation queue_s=0.000038 worker_s=0.010195
INFO 2026-09-29 19:12:30 e/server.py:574 Policy operation deployment=omx-act instance=4bc7a2bb48514cdaa75527d9c0cf2e26 session=4eb22a24781d4801ad635deef5a48a9f generation=1 request=bdea4e73982d4f4081422699ef0d55dc type=observation queue_s=0.000036 worker_s=0.010261
INFO 2026-09-29 19:12:30 e/server.py:574 Policy operation deployment=omx-act instance=4bc7a2bb48514cdaa75527d9c0cf2e26 session=4eb22a24781d4801ad635deef5a48a9f generation=1 request=c2886a0c0d46461b981cecb0e6f49fa3 type=observation queue_s=0.000038 worker_s=0.010202
INFO 2026-09-29 19:12:30 e/server.py:574 Policy operation deployment=omx-act instance=4bc7a2bb48514cdaa75527d9c0cf2e26 session=4eb22a24781d4801ad635deef5a48a9f generation=1 request=e005b08b236e435ab433ff8f056262e1 type=observation queue_s=0.000037 worker_s=0.010318
INFO 2026-09-29 19:12:30 e/server.py:574 Policy operation deployment=omx-act instance=4bc7a2bb48514cdaa75527d9c0cf2e26 session=4eb22a24781d4801ad635deef5a48a9f generation=1 request=b0eedb303e584f1f841f0938d41b9af2 type=observation queue_s=0.000044 worker_s=0.010505
INFO 2026-09-29 19:12:30 e/server.py:574 Policy operation deployment=omx-act instance=4bc7a2bb48514cdaa75527d9c0cf2e26 session=4eb22a24781d4801ad635deef5a48a9f generation=1 request=c6f151ab5b58463195718f2bb924a9bc type=observation queue_s=0.000037 worker_s=0.009567
INFO 2026-09-29 19:12:30 e/server.py:574 Policy operation deployment=omx-act instance=4bc7a2bb48514cdaa75527d9c0cf2e26 session=4eb22a24781d4801ad635deef5a48a9f generation=1 request=3902975f7dbc445cb2a213a94c2dabe2 type=observation queue_s=0.000025 worker_s=0.010250
INFO 2026-09-29 19:12:30 e/server.py:574 Policy operation deployment=omx-act instance=4bc7a2bb48514cdaa75527d9c0cf2e26 session=4eb22a24781d4801ad635deef5a48a9f generation=1 request=d74778448ace421ba6085d271a5e5b40 type=observation queue_s=0.000037 worker_s=0.010379
INFO 2026-09-29 19:12:30 e/server.py:574 Policy operation deployment=omx-act instance=4bc7a2bb48514cdaa75527d9c0cf2e26 session=4eb22a24781d4801ad635deef5a48a9f generation=1 request=980fa70fc7ac48bdaed6b6f8a7f024d2 type=observation queue_s=0.000035 worker_s=0.009990
INFO 2026-09-29 19:12:30 e/server.py:574 Policy operation deployment=omx-act instance=4bc7a2bb48514cdaa75527d9c0cf2e26 session=4eb22a24781d4801ad635deef5a48a9f generation=1 request=83863b898348407a9ac4fe1f8385e1cc type=observation queue_s=0.000035 worker_s=0.010001
INFO 2026-09-29 19:12:30 e/server.py:574 Policy operation deployment=omx-act instance=4bc7a2bb48514cdaa75527d9c0cf2e26 session=4eb22a24781d4801ad635deef5a48a9f generation=1 request=a2dd89d976144f43bdb03f449ceb115f type=observation queue_s=0.000042 worker_s=0.011420
INFO 2026-09-29 19:12:30 e/server.py:574 Policy operation deployment=omx-act instance=4bc7a2bb48514cdaa75527d9c0cf2e26 session=4eb22a24781d4801ad635deef5a48a9f generation=1 request=89c2c8a01a0d4e708eb86efc1f33ac6e type=observation queue_s=0.000030 worker_s=0.011005
INFO 2026-09-29 19:12:30 e/server.py:574 Policy operation deployment=omx-act instance=4bc7a2bb48514cdaa75527d9c0cf2e26 session=4eb22a24781d4801ad635deef5a48a9f generation=1 request=ab34618645d6428bb230eefd8e20ec56 type=observation queue_s=0.000041 worker_s=0.010366
INFO 2026-09-29 19:12:30 e/server.py:574 Policy operation deployment=omx-act instance=4bc7a2bb48514cdaa75527d9c0cf2e26 session=4eb22a24781d4801ad635deef5a48a9f generation=1 request=325d2da3d39446f2a8f84d42d148d773 type=observation queue_s=0.000028 worker_s=0.010499
INFO 2026-09-29 19:12:30 e/server.py:574 Policy operation deployment=omx-act instance=4bc7a2bb48514cdaa75527d9c0cf2e26 session=4eb22a24781d4801ad635deef5a48a9f generation=1 request=319f9fda72ea43278cce098cdf18f7aa type=observation queue_s=0.000062 worker_s=0.011141
INFO 2026-09-29 19:12:30 e/server.py:574 Policy operation deployment=omx-act instance=4bc7a2bb48514cdaa75527d9c0cf2e26 session=4eb22a24781d4801ad635deef5a48a9f generation=1 request=d0fad19174a44702a11c46cb1d839153 type=observation queue_s=0.000044 worker_s=0.010951
INFO 2026-09-29 19:12:30 e/server.py:574 Policy operation deployment=omx-act instance=4bc7a2bb48514cdaa75527d9c0cf2e26 session=4eb22a24781d4801ad635deef5a48a9f generation=1 request=713a273fed4c416da4e8812ce715462e type=observation queue_s=0.000059 worker_s=0.011257
INFO 2026-09-29 19:12:30 e/server.py:574 Policy operation deployment=omx-act instance=4bc7a2bb48514cdaa75527d9c0cf2e26 session=4eb22a24781d4801ad635deef5a48a9f generation=1 request=4e5c6ad3bf5e41f680ca082e861ef5d0 type=observation queue_s=0.000043 worker_s=0.011229
INFO 2026-09-29 19:12:30 e/server.py:574 Policy operation deployment=omx-act instance=4bc7a2bb48514cdaa75527d9c0cf2e26 session=4eb22a24781d4801ad635deef5a48a9f generation=1 request=f6f6c2d2318e45c780b2d7c8b63f64cc type=observation queue_s=0.000026 worker_s=0.010397
INFO 2026-09-29 19:12:30 e/server.py:574 Policy operation deployment=omx-act instance=4bc7a2bb48514cdaa75527d9c0cf2e26 session=4eb22a24781d4801ad635deef5a48a9f generation=1 request=beddb6bb8dc54fc5a9a9a443e8a6ff2e type=observation queue_s=0.000020 worker_s=0.009412
INFO 2026-09-29 19:12:30 e/server.py:574 Policy operation deployment=omx-act instance=4bc7a2bb48514cdaa75527d9c0cf2e26 session=4eb22a24781d4801ad635deef5a48a9f generation=1 request=c5f8727ee0144965b43616af8c3ed75d type=observation queue_s=0.000046 worker_s=0.010561
INFO 2026-09-29 19:12:30 e/server.py:574 Policy operation deployment=omx-act instance=4bc7a2bb48514cdaa75527d9c0cf2e26 session=4eb22a24781d4801ad635deef5a48a9f generation=1 request=cd056a8ad62742f383f21cee5b9cc9da type=observation queue_s=0.000039 worker_s=0.010634
INFO 2026-09-29 19:12:31 e/server.py:574 Policy operation deployment=omx-act instance=4bc7a2bb48514cdaa75527d9c0cf2e26 session=4eb22a24781d4801ad635deef5a48a9f generation=1 request=de6166f3614140c7a0104543eafb518e type=observation queue_s=0.000043 worker_s=0.010866
INFO 2026-09-29 19:12:31 e/server.py:574 Policy operation deployment=omx-act instance=4bc7a2bb48514cdaa75527d9c0cf2e26 session=4eb22a24781d4801ad635deef5a48a9f generation=1 request=62cfbfc419704af8bf5f8a4727bde8b9 type=observation queue_s=0.000048 worker_s=0.010588
INFO 2026-09-29 19:12:31 e/server.py:574 Policy operation deployment=omx-act instance=4bc7a2bb48514cdaa75527d9c0cf2e26 session=4eb22a24781d4801ad635deef5a48a9f generation=1 request=a39343b98f7147889cd7437a83dc2dc1 type=observation queue_s=0.000038 worker_s=0.010344
INFO 2026-09-29 19:12:31 e/server.py:574 Policy operation deployment=omx-act instance=4bc7a2bb48514cdaa75527d9c0cf2e26 session=4eb22a24781d4801ad635deef5a48a9f generation=1 request=d4e561e49fb64942ab6fdb881b9b2dc5 type=observation queue_s=0.000037 worker_s=0.009640
INFO 2026-09-29 19:12:31 e/server.py:574 Policy operation deployment=omx-act instance=4bc7a2bb48514cdaa75527d9c0cf2e26 session=4eb22a24781d4801ad635deef5a48a9f generation=1 request=d9a86221b47946c2a674384663d06acc type=observation queue_s=0.000023 worker_s=0.009651
INFO 2026-09-29 19:12:31 e/server.py:574 Policy operation deployment=omx-act instance=4bc7a2bb48514cdaa75527d9c0cf2e26 session=4eb22a24781d4801ad635deef5a48a9f generation=1 request=2e680e7c5fad4172a18e119c64ae4ec0 type=observation queue_s=0.000021 worker_s=0.009909
INFO 2026-09-29 19:12:31 e/server.py:574 Policy operation deployment=omx-act instance=4bc7a2bb48514cdaa75527d9c0cf2e26 session=4eb22a24781d4801ad635deef5a48a9f generation=1 request=d469fe42ef434a3c9b623b7f22bb35e7 type=observation queue_s=0.000037 worker_s=0.010485
INFO 2026-09-29 19:12:31 e/server.py:574 Policy operation deployment=omx-act instance=4bc7a2bb48514cdaa75527d9c0cf2e26 session=4eb22a24781d4801ad635deef5a48a9f generation=1 request=d8a66ab5828f4615aeb453536e10e42f type=observation queue_s=0.000027 worker_s=0.010222
INFO 2026-09-29 19:12:31 e/server.py:574 Policy operation deployment=omx-act instance=4bc7a2bb48514cdaa75527d9c0cf2e26 session=4eb22a24781d4801ad635deef5a48a9f generation=1 request=4c29406683e84008b663920284cc0983 type=observation queue_s=0.000026 worker_s=0.010623
INFO 2026-09-29 19:12:31 e/server.py:574 Policy operation deployment=omx-act instance=4bc7a2bb48514cdaa75527d9c0cf2e26 session=4eb22a24781d4801ad635deef5a48a9f generation=1 request=960c784368c84da38a5c10a7c5d43a7e type=observation queue_s=0.000026 worker_s=0.010395
INFO 2026-09-29 19:12:31 e/server.py:574 Policy operation deployment=omx-act instance=4bc7a2bb48514cdaa75527d9c0cf2e26 session=4eb22a24781d4801ad635deef5a48a9f generation=1 request=605c70e9f0374df09aa4e47ff1d784ef type=observation queue_s=0.000059 worker_s=0.010362
INFO 2026-09-29 19:12:31 e/server.py:574 Policy operation deployment=omx-act instance=4bc7a2bb48514cdaa75527d9c0cf2e26 session=4eb22a24781d4801ad635deef5a48a9f generation=1 request=0b2a4c1c4c6945c291413c2db0c6725e type=observation queue_s=0.000100 worker_s=0.009971
INFO 2026-09-29 19:12:31 e/server.py:574 Policy operation deployment=omx-act instance=4bc7a2bb48514cdaa75527d9c0cf2e26 session=4eb22a24781d4801ad635deef5a48a9f generation=1 request=260a26c0c2744d0c8da9a10031583fca type=observation queue_s=0.000057 worker_s=0.010383
INFO 2026-09-29 19:12:31 e/server.py:574 Policy operation deployment=omx-act instance=4bc7a2bb48514cdaa75527d9c0cf2e26 session=4eb22a24781d4801ad635deef5a48a9f generation=1 request=a7465900891744c18ed2c7387d9e1b66 type=observation queue_s=0.000080 worker_s=0.010015
INFO 2026-09-29 19:12:31 e/server.py:574 Policy operation deployment=omx-act instance=4bc7a2bb48514cdaa75527d9c0cf2e26 session=4eb22a24781d4801ad635deef5a48a9f generation=1 request=adf89f17df4d4124ad75f6255abf04b8 type=observation queue_s=0.000083 worker_s=0.010521
INFO 2026-09-29 19:12:31 e/server.py:574 Policy operation deployment=omx-act instance=4bc7a2bb48514cdaa75527d9c0cf2e26 session=4eb22a24781d4801ad635deef5a48a9f generation=1 request=6308f7aab9174a269c364c22aaed0c10 type=observation queue_s=0.000078 worker_s=0.010556
INFO 2026-09-29 19:12:31 e/server.py:574 Policy operation deployment=omx-act instance=4bc7a2bb48514cdaa75527d9c0cf2e26 session=4eb22a24781d4801ad635deef5a48a9f generation=1 request=1cd383bb4afa4dacbe51ad1e3000e90c type=observation queue_s=0.000086 worker_s=0.010415
INFO 2026-09-29 19:12:31 e/server.py:574 Policy operation deployment=omx-act instance=4bc7a2bb48514cdaa75527d9c0cf2e26 session=4eb22a24781d4801ad635deef5a48a9f generation=1 request=cfa6f6334c1a420ca1c54b2608b85d91 type=observation queue_s=0.000083 worker_s=0.010176
INFO 2026-09-29 19:12:31 e/server.py:574 Policy operation deployment=omx-act instance=4bc7a2bb48514cdaa75527d9c0cf2e26 session=4eb22a24781d4801ad635deef5a48a9f generation=1 request=c463c5421a5847a19eed8d02e28d47f1 type=observation queue_s=0.000104 worker_s=0.010242
INFO 2026-09-29 19:12:31 e/server.py:574 Policy operation deployment=omx-act instance=4bc7a2bb48514cdaa75527d9c0cf2e26 session=4eb22a24781d4801ad635deef5a48a9f generation=1 request=cba996ad866747cc83ba6c9b530425d6 type=observation queue_s=0.000097 worker_s=0.010311
INFO 2026-09-29 19:12:31 e/server.py:574 Policy operation deployment=omx-act instance=4bc7a2bb48514cdaa75527d9c0cf2e26 session=4eb22a24781d4801ad635deef5a48a9f generation=1 request=53b87be6565c429a8c2f220d84eae389 type=observation queue_s=0.000088 worker_s=0.010644
INFO 2026-09-29 19:12:31 e/server.py:574 Policy operation deployment=omx-act instance=4bc7a2bb48514cdaa75527d9c0cf2e26 session=4eb22a24781d4801ad635deef5a48a9f generation=1 request=2270d87fbc81495ab251e391fe32d5d2 type=observation queue_s=0.000110 worker_s=0.010097
INFO 2026-09-29 19:12:31 e/server.py:574 Policy operation deployment=omx-act instance=4bc7a2bb48514cdaa75527d9c0cf2e26 session=4eb22a24781d4801ad635deef5a48a9f generation=1 request=5a600800ae934fc88eb74a26ee0e7f51 type=observation queue_s=0.000068 worker_s=0.010363
INFO 2026-09-29 19:12:31 e/server.py:574 Policy operation deployment=omx-act instance=4bc7a2bb48514cdaa75527d9c0cf2e26 session=4eb22a24781d4801ad635deef5a48a9f generation=1 request=a742dd0593344004931d572fb5816720 type=observation queue_s=0.000086 worker_s=0.010077
INFO 2026-09-29 19:12:31 e/server.py:574 Policy operation deployment=omx-act instance=4bc7a2bb48514cdaa75527d9c0cf2e26 session=4eb22a24781d4801ad635deef5a48a9f generation=1 request=e2bc6b5a23c74067a7faf493410ed815 type=observation queue_s=0.000156 worker_s=0.009003
INFO 2026-09-29 19:12:31 e/server.py:574 Policy operation deployment=omx-act instance=4bc7a2bb48514cdaa75527d9c0cf2e26 session=4eb22a24781d4801ad635deef5a48a9f generation=1 request=4cff3639d3c8455aa825e8fcb1b093b7 type=observation queue_s=0.000096 worker_s=0.009327
INFO 2026-09-29 19:12:31 e/server.py:574 Policy operation deployment=omx-act instance=4bc7a2bb48514cdaa75527d9c0cf2e26 session=4eb22a24781d4801ad635deef5a48a9f generation=1 request=e07633b01ac04c6095de5686e82c7f2a type=observation queue_s=0.000104 worker_s=0.008230
INFO 2026-09-29 19:12:31 e/server.py:574 Policy operation deployment=omx-act instance=4bc7a2bb48514cdaa75527d9c0cf2e26 session=4eb22a24781d4801ad635deef5a48a9f generation=1 request=e1452991b9da4548b60731e41f7acea6 type=observation queue_s=0.000191 worker_s=0.008527
INFO 2026-09-29 19:12:32 e/server.py:574 Policy operation deployment=omx-act instance=4bc7a2bb48514cdaa75527d9c0cf2e26 session=4eb22a24781d4801ad635deef5a48a9f generation=1 request=feb87aebaf8041ba841f2679c21a80af type=observation queue_s=0.000179 worker_s=0.009776
INFO 2026-09-29 19:12:32 e/server.py:574 Policy operation deployment=omx-act instance=4bc7a2bb48514cdaa75527d9c0cf2e26 session=4eb22a24781d4801ad635deef5a48a9f generation=1 request=069f57401951416b90c4673d0e6882de type=observation queue_s=0.000176 worker_s=0.009185
INFO 2026-09-29 19:12:32 e/server.py:574 Policy operation deployment=omx-act instance=4bc7a2bb48514cdaa75527d9c0cf2e26 session=4eb22a24781d4801ad635deef5a48a9f generation=1 request=3268d1c55ef448de9817f35176ad6eee type=observation queue_s=0.000190 worker_s=0.009387
INFO 2026-09-29 19:12:32 e/server.py:574 Policy operation deployment=omx-act instance=4bc7a2bb48514cdaa75527d9c0cf2e26 session=4eb22a24781d4801ad635deef5a48a9f generation=1 request=4abe94d7a0be4035a2688d7dfb67d9e8 type=observation queue_s=0.000107 worker_s=0.009230
INFO 2026-09-29 19:12:32 e/server.py:574 Policy operation deployment=omx-act instance=4bc7a2bb48514cdaa75527d9c0cf2e26 session=4eb22a24781d4801ad635deef5a48a9f generation=1 request=2a1c8d44feec4856bcfbc66d1cf1cab6 type=observation queue_s=0.000203 worker_s=0.009929
INFO 2026-09-29 19:12:32 e/server.py:574 Policy operation deployment=omx-act instance=4bc7a2bb48514cdaa75527d9c0cf2e26 session=4eb22a24781d4801ad635deef5a48a9f generation=1 request=6b658a7b39054ee0b91e86be68243fa4 type=observation queue_s=0.000209 worker_s=0.008985
INFO 2026-09-29 19:12:32 e/server.py:574 Policy operation deployment=omx-act instance=4bc7a2bb48514cdaa75527d9c0cf2e26 session=4eb22a24781d4801ad635deef5a48a9f generation=1 request=f51bb7328e36406c96ce217f5eec67eb type=observation queue_s=0.000172 worker_s=0.009202
INFO 2026-09-29 19:12:32 e/server.py:574 Policy operation deployment=omx-act instance=4bc7a2bb48514cdaa75527d9c0cf2e26 session=4eb22a24781d4801ad635deef5a48a9f generation=1 request=6e6ac1f7fc9b48988977e5a0b144b1f8 type=observation queue_s=0.000102 worker_s=0.009743
INFO 2026-09-29 19:12:32 e/server.py:574 Policy operation deployment=omx-act instance=4bc7a2bb48514cdaa75527d9c0cf2e26 session=4eb22a24781d4801ad635deef5a48a9f generation=1 request=343f88afb6ea45d285e4aec35b07eac4 type=observation queue_s=0.000185 worker_s=0.009344
INFO 2026-09-29 19:12:32 e/server.py:574 Policy operation deployment=omx-act instance=4bc7a2bb48514cdaa75527d9c0cf2e26 session=4eb22a24781d4801ad635deef5a48a9f generation=1 request=f14f26dbfb134ad98a2492d3b010251e type=observation queue_s=0.000111 worker_s=0.009787
INFO 2026-09-29 19:12:32 e/server.py:574 Policy operation deployment=omx-act instance=4bc7a2bb48514cdaa75527d9c0cf2e26 session=4eb22a24781d4801ad635deef5a48a9f generation=1 request=ddbc2839aee84c76a41859116be6f7ca type=observation queue_s=0.000164 worker_s=0.010338
INFO 2026-09-29 19:12:32 e/server.py:574 Policy operation deployment=omx-act instance=4bc7a2bb48514cdaa75527d9c0cf2e26 session=4eb22a24781d4801ad635deef5a48a9f generation=1 request=bd2b24d6652142d59136802cdf9909c0 type=observation queue_s=0.000119 worker_s=0.009611
INFO 2026-09-29 19:12:32 e/server.py:574 Policy operation deployment=omx-act instance=4bc7a2bb48514cdaa75527d9c0cf2e26 session=4eb22a24781d4801ad635deef5a48a9f generation=1 request=44f21124fe074bb3957bab8f22460330 type=observation queue_s=0.000138 worker_s=0.009951
INFO 2026-09-29 19:12:32 e/server.py:574 Policy operation deployment=omx-act instance=4bc7a2bb48514cdaa75527d9c0cf2e26 session=4eb22a24781d4801ad635deef5a48a9f generation=1 request=0439741d3f654774b6477cace283943d type=observation queue_s=0.000167 worker_s=0.008224
INFO 2026-09-29 19:12:32 e/server.py:574 Policy operation deployment=omx-act instance=4bc7a2bb48514cdaa75527d9c0cf2e26 session=4eb22a24781d4801ad635deef5a48a9f generation=1 request=1943ccd01f3b4ba69e259eb478599dee type=observation queue_s=0.000131 worker_s=0.009061
INFO 2026-09-29 19:12:32 e/server.py:574 Policy operation deployment=omx-act instance=4bc7a2bb48514cdaa75527d9c0cf2e26 session=4eb22a24781d4801ad635deef5a48a9f generation=1 request=b1b97bc2f8c047398b6823596c7ab314 type=observation queue_s=0.000134 worker_s=0.009562
INFO 2026-09-29 19:12:32 e/server.py:574 Policy operation deployment=omx-act instance=4bc7a2bb48514cdaa75527d9c0cf2e26 session=4eb22a24781d4801ad635deef5a48a9f generation=1 request=442892b99ccb4e0f9e4213d7272437b3 type=observation queue_s=0.000122 worker_s=0.009017
INFO 2026-09-29 19:12:32 e/server.py:574 Policy operation deployment=omx-act instance=4bc7a2bb48514cdaa75527d9c0cf2e26 session=4eb22a24781d4801ad635deef5a48a9f generation=1 request=4f3a755e59fd481a9295ece18201adf3 type=observation queue_s=0.000161 worker_s=0.009314
INFO 2026-09-29 19:12:32 e/server.py:574 Policy operation deployment=omx-act instance=4bc7a2bb48514cdaa75527d9c0cf2e26 session=4eb22a24781d4801ad635deef5a48a9f generation=1 request=f72493ca8fa34f81ac3c7723fb491496 type=observation queue_s=0.000154 worker_s=0.009740
INFO 2026-09-29 19:12:32 e/server.py:574 Policy operation deployment=omx-act instance=4bc7a2bb48514cdaa75527d9c0cf2e26 session=4eb22a24781d4801ad635deef5a48a9f generation=1 request=103b60f8a467415ead154604d1f576fe type=observation queue_s=0.000161 worker_s=0.009223
INFO 2026-09-29 19:12:32 e/server.py:574 Policy operation deployment=omx-act instance=4bc7a2bb48514cdaa75527d9c0cf2e26 session=4eb22a24781d4801ad635deef5a48a9f generation=1 request=a3f6d127e13c4268b974dc9f27184189 type=observation queue_s=0.000119 worker_s=0.009286
INFO 2026-09-29 19:12:32 e/server.py:574 Policy operation deployment=omx-act instance=4bc7a2bb48514cdaa75527d9c0cf2e26 session=4eb22a24781d4801ad635deef5a48a9f generation=1 request=2bf92e83825f4854aa3f021a92dbcc4c type=observation queue_s=0.000146 worker_s=0.009502
INFO 2026-09-29 19:12:32 e/server.py:574 Policy operation deployment=omx-act instance=4bc7a2bb48514cdaa75527d9c0cf2e26 session=4eb22a24781d4801ad635deef5a48a9f generation=1 request=ac4daff2f6a44da1b3d8150be5ac8fbe type=observation queue_s=0.000121 worker_s=0.009505
INFO 2026-09-29 19:12:32 e/server.py:574 Policy operation deployment=omx-act instance=4bc7a2bb48514cdaa75527d9c0cf2e26 session=4eb22a24781d4801ad635deef5a48a9f generation=1 request=79ee57ad03d2411193835cca24a05df3 type=observation queue_s=0.000124 worker_s=0.009965
INFO 2026-09-29 19:12:32 e/server.py:574 Policy operation deployment=omx-act instance=4bc7a2bb48514cdaa75527d9c0cf2e26 session=4eb22a24781d4801ad635deef5a48a9f generation=1 request=d2ab771043384f9ca65775eb589405cd type=observation queue_s=0.000159 worker_s=0.009273
INFO 2026-09-29 19:12:32 e/server.py:574 Policy operation deployment=omx-act instance=4bc7a2bb48514cdaa75527d9c0cf2e26 session=4eb22a24781d4801ad635deef5a48a9f generation=1 request=b20164ccc9564b2ba56e5c1edad1622e type=observation queue_s=0.000169 worker_s=0.010134
INFO 2026-09-29 19:12:32 e/server.py:574 Policy operation deployment=omx-act instance=4bc7a2bb48514cdaa75527d9c0cf2e26 session=4eb22a24781d4801ad635deef5a48a9f generation=1 request=2b41e8017d4c4e23aca8c7e5ac61e6cd type=observation queue_s=0.000132 worker_s=0.012739
INFO 2026-09-29 19:12:32 e/server.py:574 Policy operation deployment=omx-act instance=4bc7a2bb48514cdaa75527d9c0cf2e26 session=4eb22a24781d4801ad635deef5a48a9f generation=1 request=63a92ae9c5494d3eb975c9580baf755e type=observation queue_s=0.000103 worker_s=0.011747
INFO 2026-09-29 19:12:33 e/server.py:574 Policy operation deployment=omx-act instance=4bc7a2bb48514cdaa75527d9c0cf2e26 session=4eb22a24781d4801ad635deef5a48a9f generation=1 request=c6d6c595e51a43a881d533af34af2d97 type=observation queue_s=0.000112 worker_s=0.012084
INFO 2026-09-29 19:12:33 e/server.py:574 Policy operation deployment=omx-act instance=4bc7a2bb48514cdaa75527d9c0cf2e26 session=4eb22a24781d4801ad635deef5a48a9f generation=1 request=61edffb68b564ae3985d1104c6b0ecfc type=observation queue_s=0.000131 worker_s=0.011396
INFO 2026-09-29 19:12:33 e/server.py:574 Policy operation deployment=omx-act instance=4bc7a2bb48514cdaa75527d9c0cf2e26 session=4eb22a24781d4801ad635deef5a48a9f generation=1 request=a0202269df0c45d4b40e53d64c7c4276 type=observation queue_s=0.000097 worker_s=0.011022
INFO 2026-09-29 19:12:33 e/server.py:574 Policy operation deployment=omx-act instance=4bc7a2bb48514cdaa75527d9c0cf2e26 session=4eb22a24781d4801ad635deef5a48a9f generation=1 request=b2bf9ed7defd46088a938564d3ee252a type=observation queue_s=0.000123 worker_s=0.010630
INFO 2026-09-29 19:12:33 e/server.py:574 Policy operation deployment=omx-act instance=4bc7a2bb48514cdaa75527d9c0cf2e26 session=4eb22a24781d4801ad635deef5a48a9f generation=1 request=3c7671489d3d4abd9d64bd7668b0cca5 type=observation queue_s=0.000095 worker_s=0.010664
INFO 2026-09-29 19:12:33 e/server.py:574 Policy operation deployment=omx-act instance=4bc7a2bb48514cdaa75527d9c0cf2e26 session=4eb22a24781d4801ad635deef5a48a9f generation=1 request=9c25429f5b7d45a19d2fb0986bc6cf0a type=observation queue_s=0.000097 worker_s=0.010944
INFO 2026-09-29 19:12:33 e/server.py:574 Policy operation deployment=omx-act instance=4bc7a2bb48514cdaa75527d9c0cf2e26 session=4eb22a24781d4801ad635deef5a48a9f generation=1 request=76de2766faa84d629255fab8ad9f450b type=observation queue_s=0.000123 worker_s=0.010984
INFO 2026-09-29 19:12:33 e/server.py:574 Policy operation deployment=omx-act instance=4bc7a2bb48514cdaa75527d9c0cf2e26 session=4eb22a24781d4801ad635deef5a48a9f generation=1 request=6851bd2f976a414896ec4eb5668404be type=observation queue_s=0.000043 worker_s=0.010284
INFO 2026-09-29 19:12:33 e/server.py:574 Policy operation deployment=omx-act instance=4bc7a2bb48514cdaa75527d9c0cf2e26 session=4eb22a24781d4801ad635deef5a48a9f generation=1 request=b71633c6cf3e4e66a1ec752202b6c20b type=observation queue_s=0.000022 worker_s=0.010424
INFO 2026-09-29 19:12:33 e/server.py:574 Policy operation deployment=omx-act instance=4bc7a2bb48514cdaa75527d9c0cf2e26 session=4eb22a24781d4801ad635deef5a48a9f generation=1 request=7004d9d2ae7a48be9eb295ceb7ae0858 type=observation queue_s=0.000022 worker_s=0.010076
INFO 2026-09-29 19:12:33 e/server.py:574 Policy operation deployment=omx-act instance=4bc7a2bb48514cdaa75527d9c0cf2e26 session=4eb22a24781d4801ad635deef5a48a9f generation=1 request=81d85d5d9f5b46019d66217d844d1cb8 type=observation queue_s=0.000022 worker_s=0.009902
INFO 2026-09-29 19:12:33 e/server.py:574 Policy operation deployment=omx-act instance=4bc7a2bb48514cdaa75527d9c0cf2e26 session=4eb22a24781d4801ad635deef5a48a9f generation=1 request=e2534c3cedb149faa618650a31ebbf0f type=observation queue_s=0.000129 worker_s=0.010085
INFO 2026-09-29 19:12:33 e/server.py:574 Policy operation deployment=omx-act instance=4bc7a2bb48514cdaa75527d9c0cf2e26 session=4eb22a24781d4801ad635deef5a48a9f generation=1 request=30245be0770d4d1c9965448183ca7726 type=observation queue_s=0.000045 worker_s=0.010407
INFO 2026-09-29 19:12:33 e/server.py:574 Policy operation deployment=omx-act instance=4bc7a2bb48514cdaa75527d9c0cf2e26 session=4eb22a24781d4801ad635deef5a48a9f generation=1 request=2b6a5419355942f383113e0705cd0810 type=observation queue_s=0.000046 worker_s=0.010068
INFO 2026-09-29 19:12:33 e/server.py:574 Policy operation deployment=omx-act instance=4bc7a2bb48514cdaa75527d9c0cf2e26 session=4eb22a24781d4801ad635deef5a48a9f generation=1 request=6dc2d7122d4f4813bc8419d3251d9bb1 type=observation queue_s=0.000115 worker_s=0.009318
INFO 2026-09-29 19:12:33 e/server.py:574 Policy operation deployment=omx-act instance=4bc7a2bb48514cdaa75527d9c0cf2e26 session=4eb22a24781d4801ad635deef5a48a9f generation=1 request=9e95c1a5ec36407bbafc4366e1a0da70 type=observation queue_s=0.000118 worker_s=0.009723
INFO 2026-09-29 19:12:33 e/server.py:574 Policy operation deployment=omx-act instance=4bc7a2bb48514cdaa75527d9c0cf2e26 session=4eb22a24781d4801ad635deef5a48a9f generation=1 request=4190bfafc5484cb9807ddfa39bf377e8 type=observation queue_s=0.000095 worker_s=0.009803
INFO 2026-09-29 19:12:33 e/server.py:574 Policy operation deployment=omx-act instance=4bc7a2bb48514cdaa75527d9c0cf2e26 session=4eb22a24781d4801ad635deef5a48a9f generation=1 request=5241cb7d061941d9a35e1fa78d5aab59 type=observation queue_s=0.000086 worker_s=0.009908
INFO 2026-09-29 19:12:33 e/server.py:574 Policy operation deployment=omx-act instance=4bc7a2bb48514cdaa75527d9c0cf2e26 session=4eb22a24781d4801ad635deef5a48a9f generation=1 request=e1c2e1b1a41743e9b74c8e48617ac00f type=observation queue_s=0.000118 worker_s=0.010252
INFO 2026-09-29 19:12:33 e/server.py:574 Policy operation deployment=omx-act instance=4bc7a2bb48514cdaa75527d9c0cf2e26 session=4eb22a24781d4801ad635deef5a48a9f generation=1 request=e0a11abb0540475f8762d8837065b3d8 type=observation queue_s=0.000103 worker_s=0.009990
INFO 2026-09-29 19:12:33 e/server.py:574 Policy operation deployment=omx-act instance=4bc7a2bb48514cdaa75527d9c0cf2e26 session=4eb22a24781d4801ad635deef5a48a9f generation=1 request=d1dc33f324e14a4ea3bcf56d6018e388 type=observation queue_s=0.000092 worker_s=0.009802
INFO 2026-09-29 19:12:33 e/server.py:574 Policy operation deployment=omx-act instance=4bc7a2bb48514cdaa75527d9c0cf2e26 session=4eb22a24781d4801ad635deef5a48a9f generation=1 request=1b80308892404c8bafeadf1285eb84d1 type=observation queue_s=0.000092 worker_s=0.010010
INFO 2026-09-29 19:12:33 e/server.py:574 Policy operation deployment=omx-act instance=4bc7a2bb48514cdaa75527d9c0cf2e26 session=4eb22a24781d4801ad635deef5a48a9f generation=1 request=d1d1f983c7814152b43d907427834ce5 type=observation queue_s=0.000118 worker_s=0.009997
INFO 2026-09-29 19:12:33 e/server.py:574 Policy operation deployment=omx-act instance=4bc7a2bb48514cdaa75527d9c0cf2e26 session=4eb22a24781d4801ad635deef5a48a9f generation=1 request=2ae62c72135740ddb512c3d2ec99b5ea type=observation queue_s=0.000022 worker_s=0.010004
INFO 2026-09-29 19:12:33 e/server.py:574 Policy operation deployment=omx-act instance=4bc7a2bb48514cdaa75527d9c0cf2e26 session=4eb22a24781d4801ad635deef5a48a9f generation=1 request=bcd93fa054f34b8a8934ebb599b9e13f type=observation queue_s=0.000127 worker_s=0.009673
INFO 2026-09-29 19:12:33 e/server.py:574 Policy operation deployment=omx-act instance=4bc7a2bb48514cdaa75527d9c0cf2e26 session=4eb22a24781d4801ad635deef5a48a9f generation=1 request=cced3860e29f4e998d75b0d6eff3f950 type=observation queue_s=0.000031 worker_s=0.009823
INFO 2026-09-29 19:12:33 e/server.py:574 Policy operation deployment=omx-act instance=4bc7a2bb48514cdaa75527d9c0cf2e26 session=4eb22a24781d4801ad635deef5a48a9f generation=1 request=ffac802da8a14a4ab94f922a15bc5b3b type=observation queue_s=0.000100 worker_s=0.010002
INFO 2026-09-29 19:12:33 e/server.py:574 Policy operation deployment=omx-act instance=4bc7a2bb48514cdaa75527d9c0cf2e26 session=4eb22a24781d4801ad635deef5a48a9f generation=1 request=1a14433a5ec344e2b29af4e361c34379 type=observation queue_s=0.000080 worker_s=0.009891
INFO 2026-09-29 19:12:33 e/server.py:574 Policy operation deployment=omx-act instance=4bc7a2bb48514cdaa75527d9c0cf2e26 session=4eb22a24781d4801ad635deef5a48a9f generation=1 request=5d4b8a0ad95c44259cf5c8cf87027907 type=observation queue_s=0.000120 worker_s=0.010219
INFO 2026-09-29 19:12:34 e/server.py:574 Policy operation deployment=omx-act instance=4bc7a2bb48514cdaa75527d9c0cf2e26 session=4eb22a24781d4801ad635deef5a48a9f generation=1 request=e48f12488aaa4b4e93355c4481fb8064 type=observation queue_s=0.000115 worker_s=0.009754
INFO 2026-09-29 19:12:34 e/server.py:574 Policy operation deployment=omx-act instance=4bc7a2bb48514cdaa75527d9c0cf2e26 session=4eb22a24781d4801ad635deef5a48a9f generation=1 request=e894536f75714bf998785a3a3089bee8 type=observation queue_s=0.000049 worker_s=0.009726
INFO 2026-09-29 19:12:34 e/server.py:574 Policy operation deployment=omx-act instance=4bc7a2bb48514cdaa75527d9c0cf2e26 session=4eb22a24781d4801ad635deef5a48a9f generation=1 request=7b3666c85aaf4b7ca2d75ec262d07c8f type=observation queue_s=0.000121 worker_s=0.009747
INFO 2026-09-29 19:12:34 e/server.py:574 Policy operation deployment=omx-act instance=4bc7a2bb48514cdaa75527d9c0cf2e26 session=4eb22a24781d4801ad635deef5a48a9f generation=1 request=e866fdfcb4f04f52b52ba08e1a14aa30 type=observation queue_s=0.000102 worker_s=0.009984
INFO 2026-09-29 19:12:34 e/server.py:574 Policy operation deployment=omx-act instance=4bc7a2bb48514cdaa75527d9c0cf2e26 session=4eb22a24781d4801ad635deef5a48a9f generation=1 request=0cad62188b8c48f3af93949cc7571ea9 type=observation queue_s=0.000022 worker_s=0.009850
INFO 2026-09-29 19:12:34 e/server.py:574 Policy operation deployment=omx-act instance=4bc7a2bb48514cdaa75527d9c0cf2e26 session=4eb22a24781d4801ad635deef5a48a9f generation=1 request=43c2daf32ead49b5b57bc9cbe233778d type=observation queue_s=0.000092 worker_s=0.009884
INFO 2026-09-29 19:12:34 e/server.py:574 Policy operation deployment=omx-act instance=4bc7a2bb48514cdaa75527d9c0cf2e26 session=4eb22a24781d4801ad635deef5a48a9f generation=1 request=8bbc5b9c70a74484a5faf18c1ada2e87 type=observation queue_s=0.000078 worker_s=0.010332
INFO 2026-09-29 19:12:34 e/server.py:574 Policy operation deployment=omx-act instance=4bc7a2bb48514cdaa75527d9c0cf2e26 session=4eb22a24781d4801ad635deef5a48a9f generation=1 request=08fc152f0ea0478d8c1df285327efe15 type=observation queue_s=0.000080 worker_s=0.010172
INFO 2026-09-29 19:12:34 e/server.py:574 Policy operation deployment=omx-act instance=4bc7a2bb48514cdaa75527d9c0cf2e26 session=4eb22a24781d4801ad635deef5a48a9f generation=1 request=02ea745ca0b24fdebc1d45a784431897 type=observation queue_s=0.000093 worker_s=0.009887
INFO 2026-09-29 19:12:34 e/server.py:574 Policy operation deployment=omx-act instance=4bc7a2bb48514cdaa75527d9c0cf2e26 session=4eb22a24781d4801ad635deef5a48a9f generation=1 request=161e04e906d44e55908e073ec1bb0b1f type=observation queue_s=0.000098 worker_s=0.009748
INFO 2026-09-29 19:12:34 e/server.py:574 Policy operation deployment=omx-act instance=4bc7a2bb48514cdaa75527d9c0cf2e26 session=4eb22a24781d4801ad635deef5a48a9f generation=1 request=dd88ea826ac2405486d9a082b36dbc76 type=observation queue_s=0.000068 worker_s=0.010179
INFO 2026-09-29 19:12:34 e/server.py:574 Policy operation deployment=omx-act instance=4bc7a2bb48514cdaa75527d9c0cf2e26 session=4eb22a24781d4801ad635deef5a48a9f generation=1 request=436e4396234c433d9cd2a73402ac7292 type=observation queue_s=0.000093 worker_s=0.010055
INFO 2026-09-29 19:12:34 e/server.py:574 Policy operation deployment=omx-act instance=4bc7a2bb48514cdaa75527d9c0cf2e26 session=4eb22a24781d4801ad635deef5a48a9f generation=1 request=4d655007601541189bd6af639e79cf6c type=observation queue_s=0.000143 worker_s=0.009650
INFO 2026-09-29 19:12:34 e/server.py:574 Policy operation deployment=omx-act instance=4bc7a2bb48514cdaa75527d9c0cf2e26 session=4eb22a24781d4801ad635deef5a48a9f generation=1 request=828032d84402439fa7489e1b2d2c061b type=observation queue_s=0.000034 worker_s=0.011009
INFO 2026-09-29 19:12:34 e/server.py:574 Policy operation deployment=omx-act instance=4bc7a2bb48514cdaa75527d9c0cf2e26 session=4eb22a24781d4801ad635deef5a48a9f generation=1 request=82f5e4b0ffb548c1a8ece784d921c519 type=observation queue_s=0.000091 worker_s=0.010762
INFO 2026-09-29 19:12:34 e/server.py:574 Policy operation deployment=omx-act instance=4bc7a2bb48514cdaa75527d9c0cf2e26 session=4eb22a24781d4801ad635deef5a48a9f generation=1 request=cd92798aa03a4ad8938d387ae79b3c42 type=observation queue_s=0.000095 worker_s=0.011817
INFO 2026-09-29 19:12:34 e/server.py:574 Policy operation deployment=omx-act instance=4bc7a2bb48514cdaa75527d9c0cf2e26 session=4eb22a24781d4801ad635deef5a48a9f generation=1 request=f9d5f2dec35c451e9eedd5c40b3365cd type=observation queue_s=0.000081 worker_s=0.010872
INFO 2026-09-29 19:12:34 e/server.py:574 Policy operation deployment=omx-act instance=4bc7a2bb48514cdaa75527d9c0cf2e26 session=4eb22a24781d4801ad635deef5a48a9f generation=1 request=3ec248a45dad4370b2b015c95b907c09 type=observation queue_s=0.000094 worker_s=0.010811
INFO 2026-09-29 19:12:34 e/server.py:574 Policy operation deployment=omx-act instance=4bc7a2bb48514cdaa75527d9c0cf2e26 session=4eb22a24781d4801ad635deef5a48a9f generation=1 request=72e720b98f4b45dc845e06b85db4750e type=observation queue_s=0.000097 worker_s=0.010596
INFO 2026-09-29 19:12:34 e/server.py:574 Policy operation deployment=omx-act instance=4bc7a2bb48514cdaa75527d9c0cf2e26 session=4eb22a24781d4801ad635deef5a48a9f generation=1 request=f880142a0cee46529d7788191018c3e0 type=observation queue_s=0.000114 worker_s=0.010858
INFO 2026-09-29 19:12:34 e/server.py:574 Policy operation deployment=omx-act instance=4bc7a2bb48514cdaa75527d9c0cf2e26 session=4eb22a24781d4801ad635deef5a48a9f generation=1 request=9d383db3aa354eef82e0f6e1f842fb15 type=observation queue_s=0.000152 worker_s=0.012253
INFO 2026-09-29 19:12:34 e/server.py:574 Policy operation deployment=omx-act instance=4bc7a2bb48514cdaa75527d9c0cf2e26 session=4eb22a24781d4801ad635deef5a48a9f generation=1 request=51c676047cef416682d9e36a068e3a5e type=observation queue_s=0.000091 worker_s=0.010799
INFO 2026-09-29 19:12:34 e/server.py:574 Policy operation deployment=omx-act instance=4bc7a2bb48514cdaa75527d9c0cf2e26 session=4eb22a24781d4801ad635deef5a48a9f generation=1 request=191c6b055a4347f98d6e1ad70bc596b7 type=observation queue_s=0.000169 worker_s=0.010868
INFO 2026-09-29 19:12:34 e/server.py:574 Policy operation deployment=omx-act instance=4bc7a2bb48514cdaa75527d9c0cf2e26 session=4eb22a24781d4801ad635deef5a48a9f generation=1 request=b22b312e398a435ab3b34c00eaf08f31 type=observation queue_s=0.000082 worker_s=0.009714
INFO 2026-09-29 19:12:34 e/server.py:574 Policy operation deployment=omx-act instance=4bc7a2bb48514cdaa75527d9c0cf2e26 session=4eb22a24781d4801ad635deef5a48a9f generation=1 request=eb80a9a63f6c4507aabed5edf863c43e type=observation queue_s=0.000095 worker_s=0.010630
INFO 2026-09-29 19:12:34 e/server.py:574 Policy operation deployment=omx-act instance=4bc7a2bb48514cdaa75527d9c0cf2e26 session=4eb22a24781d4801ad635deef5a48a9f generation=1 request=5694fed5bf174ab9aad2e69a681a6717 type=observation queue_s=0.000115 worker_s=0.011154
INFO 2026-09-29 19:12:34 e/server.py:574 Policy operation deployment=omx-act instance=4bc7a2bb48514cdaa75527d9c0cf2e26 session=4eb22a24781d4801ad635deef5a48a9f generation=1 request=15ecec1bdf5c4956af2ab9f0c27d9354 type=observation queue_s=0.000099 worker_s=0.010409
INFO 2026-09-29 19:12:34 e/server.py:574 Policy operation deployment=omx-act instance=4bc7a2bb48514cdaa75527d9c0cf2e26 session=4eb22a24781d4801ad635deef5a48a9f generation=1 request=e96c97a4f8e94a01a0af0dd49189d947 type=observation queue_s=0.000091 worker_s=0.010885
INFO 2026-09-29 19:12:34 e/server.py:574 Policy operation deployment=omx-act instance=4bc7a2bb48514cdaa75527d9c0cf2e26 session=4eb22a24781d4801ad635deef5a48a9f generation=1 request=0add44661290492d8d34020470a8e101 type=observation queue_s=0.000110 worker_s=0.010774
INFO 2026-09-29 19:12:35 e/server.py:574 Policy operation deployment=omx-act instance=4bc7a2bb48514cdaa75527d9c0cf2e26 session=4eb22a24781d4801ad635deef5a48a9f generation=1 request=b2c4897280404642bb61b5ebc0dfb9da type=observation queue_s=0.000072 worker_s=0.010869
INFO 2026-09-29 19:12:35 e/server.py:574 Policy operation deployment=omx-act instance=4bc7a2bb48514cdaa75527d9c0cf2e26 session=4eb22a24781d4801ad635deef5a48a9f generation=1 request=8aebd9fd3aa346649e4e69392ad75125 type=observation queue_s=0.000136 worker_s=0.010943
INFO 2026-09-29 19:12:35 e/server.py:574 Policy operation deployment=omx-act instance=4bc7a2bb48514cdaa75527d9c0cf2e26 session=4eb22a24781d4801ad635deef5a48a9f generation=1 request=667cc58d569e47ddad9acadb11b0d7d6 type=observation queue_s=0.000104 worker_s=0.010824
INFO 2026-09-29 19:12:35 e/server.py:574 Policy operation deployment=omx-act instance=4bc7a2bb48514cdaa75527d9c0cf2e26 session=4eb22a24781d4801ad635deef5a48a9f generation=1 request=0aacf03d240e4ec19d945bef7406c860 type=observation queue_s=0.000078 worker_s=0.010806
INFO 2026-09-29 19:12:35 e/server.py:574 Policy operation deployment=omx-act instance=4bc7a2bb48514cdaa75527d9c0cf2e26 session=4eb22a24781d4801ad635deef5a48a9f generation=1 request=8d1c08763c364037b1d807d4adad9293 type=observation queue_s=0.000091 worker_s=0.010969
INFO 2026-09-29 19:12:35 e/server.py:574 Policy operation deployment=omx-act instance=4bc7a2bb48514cdaa75527d9c0cf2e26 session=4eb22a24781d4801ad635deef5a48a9f generation=1 request=1d367aa20bfb40afad1a17c858432655 type=observation queue_s=0.000079 worker_s=0.011160
INFO 2026-09-29 19:12:35 e/server.py:574 Policy operation deployment=omx-act instance=4bc7a2bb48514cdaa75527d9c0cf2e26 session=4eb22a24781d4801ad635deef5a48a9f generation=1 request=2c18ddee49424bcd8e4a2fb5e0e4fcfe type=observation queue_s=0.000029 worker_s=0.010484
INFO 2026-09-29 19:12:35 e/server.py:574 Policy operation deployment=omx-act instance=4bc7a2bb48514cdaa75527d9c0cf2e26 session=4eb22a24781d4801ad635deef5a48a9f generation=1 request=7e93da2321164817a24dbdb599d589e2 type=observation queue_s=0.000103 worker_s=0.010954
INFO 2026-09-29 19:12:35 e/server.py:574 Policy operation deployment=omx-act instance=4bc7a2bb48514cdaa75527d9c0cf2e26 session=4eb22a24781d4801ad635deef5a48a9f generation=1 request=dc7d3723a4b74962a33dfb2f04086958 type=observation queue_s=0.000102 worker_s=0.010982
INFO 2026-09-29 19:12:35 e/server.py:574 Policy operation deployment=omx-act instance=4bc7a2bb48514cdaa75527d9c0cf2e26 session=4eb22a24781d4801ad635deef5a48a9f generation=1 request=02d385b461c34cdda0110b5dd9b14969 type=observation queue_s=0.000136 worker_s=0.010471
INFO 2026-09-29 19:12:35 e/server.py:574 Policy operation deployment=omx-act instance=4bc7a2bb48514cdaa75527d9c0cf2e26 session=4eb22a24781d4801ad635deef5a48a9f generation=1 request=a5f0eaeab5a54c1b85d79d158224abf6 type=observation queue_s=0.000091 worker_s=0.010866
INFO 2026-09-29 19:12:35 e/server.py:574 Policy operation deployment=omx-act instance=4bc7a2bb48514cdaa75527d9c0cf2e26 session=4eb22a24781d4801ad635deef5a48a9f generation=1 request=1488719efdfd4c0b88f50ecf9c080624 type=observation queue_s=0.000078 worker_s=0.010491
INFO 2026-09-29 19:12:35 e/server.py:574 Policy operation deployment=omx-act instance=4bc7a2bb48514cdaa75527d9c0cf2e26 session=4eb22a24781d4801ad635deef5a48a9f generation=1 request=8011281b645640e0a30a47a74292267a type=observation queue_s=0.000093 worker_s=0.011294
INFO 2026-09-29 19:12:35 e/server.py:574 Policy operation deployment=omx-act instance=4bc7a2bb48514cdaa75527d9c0cf2e26 session=4eb22a24781d4801ad635deef5a48a9f generation=1 request=6d59312bee804dbb89dd3cdd44013f37 type=observation queue_s=0.000108 worker_s=0.011439
INFO 2026-09-29 19:12:35 e/server.py:574 Policy operation deployment=omx-act instance=4bc7a2bb48514cdaa75527d9c0cf2e26 session=4eb22a24781d4801ad635deef5a48a9f generation=1 request=8bcb556422914e849f22e35150e77644 type=observation queue_s=0.000139 worker_s=0.012408
INFO 2026-09-29 19:12:35 e/server.py:574 Policy operation deployment=omx-act instance=4bc7a2bb48514cdaa75527d9c0cf2e26 session=4eb22a24781d4801ad635deef5a48a9f generation=1 request=e8e8d5a209514b078852e1b57042c386 type=observation queue_s=0.000125 worker_s=0.011173
INFO 2026-09-29 19:12:35 e/server.py:574 Policy operation deployment=omx-act instance=4bc7a2bb48514cdaa75527d9c0cf2e26 session=4eb22a24781d4801ad635deef5a48a9f generation=1 request=063326d1541b4ebfb918d31813daf362 type=observation queue_s=0.000113 worker_s=0.011299
INFO 2026-09-29 19:12:35 e/server.py:574 Policy operation deployment=omx-act instance=4bc7a2bb48514cdaa75527d9c0cf2e26 session=4eb22a24781d4801ad635deef5a48a9f generation=1 request=7a6bdadf6ebe4e158b99a49c6f862e46 type=observation queue_s=0.000105 worker_s=0.011235
INFO 2026-09-29 19:12:35 e/server.py:574 Policy operation deployment=omx-act instance=4bc7a2bb48514cdaa75527d9c0cf2e26 session=4eb22a24781d4801ad635deef5a48a9f generation=1 request=ff539cdcbb8c43ceba771bbd0a4ab28e type=observation queue_s=0.000140 worker_s=0.011261
INFO 2026-09-29 19:12:35 e/server.py:574 Policy operation deployment=omx-act instance=4bc7a2bb48514cdaa75527d9c0cf2e26 session=4eb22a24781d4801ad635deef5a48a9f generation=1 request=f328397524344cfba6fea2f1f8bac305 type=observation queue_s=0.000116 worker_s=0.011568
INFO 2026-09-29 19:12:35 e/server.py:574 Policy operation deployment=omx-act instance=4bc7a2bb48514cdaa75527d9c0cf2e26 session=4eb22a24781d4801ad635deef5a48a9f generation=1 request=877c9c102c4946d88f7c58e60be8474c type=observation queue_s=0.000156 worker_s=0.010777
INFO 2026-09-29 19:12:35 e/server.py:574 Policy operation deployment=omx-act instance=4bc7a2bb48514cdaa75527d9c0cf2e26 session=4eb22a24781d4801ad635deef5a48a9f generation=1 request=f6686ed8696b421abfdb943bc100c1e0 type=observation queue_s=0.000141 worker_s=0.010744
INFO 2026-09-29 19:12:35 e/server.py:574 Policy operation deployment=omx-act instance=4bc7a2bb48514cdaa75527d9c0cf2e26 session=4eb22a24781d4801ad635deef5a48a9f generation=1 request=360b6f5af7d44ee585f043f7edec8a8c type=observation queue_s=0.000125 worker_s=0.011136
INFO 2026-09-29 19:12:35 e/server.py:574 Policy operation deployment=omx-act instance=4bc7a2bb48514cdaa75527d9c0cf2e26 session=4eb22a24781d4801ad635deef5a48a9f generation=1 request=a69414559ec74a88aefae3134c348d2d type=observation queue_s=0.000113 worker_s=0.010250
INFO 2026-09-29 19:12:35 e/server.py:574 Policy operation deployment=omx-act instance=4bc7a2bb48514cdaa75527d9c0cf2e26 session=4eb22a24781d4801ad635deef5a48a9f generation=1 request=37acd635b8d745e893f33e0e47901977 type=observation queue_s=0.000106 worker_s=0.011250
INFO 2026-09-29 19:12:35 e/server.py:574 Policy operation deployment=omx-act instance=4bc7a2bb48514cdaa75527d9c0cf2e26 session=4eb22a24781d4801ad635deef5a48a9f generation=1 request=66465c72d4b045b09eebc5215929ec45 type=observation queue_s=0.000133 worker_s=0.011332
INFO 2026-09-29 19:12:35 e/server.py:574 Policy operation deployment=omx-act instance=4bc7a2bb48514cdaa75527d9c0cf2e26 session=4eb22a24781d4801ad635deef5a48a9f generation=1 request=285b04b6702e4bfdaa1fbb18fdc53bd1 type=observation queue_s=0.000109 worker_s=0.011265
INFO 2026-09-29 19:12:36 e/server.py:574 Policy operation deployment=omx-act instance=4bc7a2bb48514cdaa75527d9c0cf2e26 session=4eb22a24781d4801ad635deef5a48a9f generation=1 request=089ef00e9ef04782bf780616c62a7d5d type=observation queue_s=0.000105 worker_s=0.011324
INFO 2026-09-29 19:12:36 e/server.py:574 Policy operation deployment=omx-act instance=4bc7a2bb48514cdaa75527d9c0cf2e26 session=4eb22a24781d4801ad635deef5a48a9f generation=1 request=32dbf5e2a6b2497c8e54664da38ca196 type=observation queue_s=0.000114 worker_s=0.011396
INFO 2026-09-29 19:12:36 e/server.py:574 Policy operation deployment=omx-act instance=4bc7a2bb48514cdaa75527d9c0cf2e26 session=4eb22a24781d4801ad635deef5a48a9f generation=1 request=e1bf84189702454880dd173585840837 type=observation queue_s=0.000113 worker_s=0.011267
INFO 2026-09-29 19:12:36 e/server.py:574 Policy operation deployment=omx-act instance=4bc7a2bb48514cdaa75527d9c0cf2e26 session=4eb22a24781d4801ad635deef5a48a9f generation=1 request=da26df5216274257ae2aa393f7d25a15 type=observation queue_s=0.000113 worker_s=0.012066
INFO 2026-09-29 19:12:36 e/server.py:574 Policy operation deployment=omx-act instance=4bc7a2bb48514cdaa75527d9c0cf2e26 session=4eb22a24781d4801ad635deef5a48a9f generation=1 request=dce78d3ee2144b608643cc89348dda8a type=observation queue_s=0.000112 worker_s=0.010928
INFO 2026-09-29 19:12:36 e/server.py:574 Policy operation deployment=omx-act instance=4bc7a2bb48514cdaa75527d9c0cf2e26 session=4eb22a24781d4801ad635deef5a48a9f generation=1 request=426b3c29288d452a9f9c77b653253a4a type=observation queue_s=0.000110 worker_s=0.010780
INFO 2026-09-29 19:12:36 e/server.py:574 Policy operation deployment=omx-act instance=4bc7a2bb48514cdaa75527d9c0cf2e26 session=4eb22a24781d4801ad635deef5a48a9f generation=1 request=173c6268335247af95d9b2cbbb05d1b9 type=observation queue_s=0.000143 worker_s=0.010428
INFO 2026-09-29 19:12:36 e/server.py:574 Policy operation deployment=omx-act instance=4bc7a2bb48514cdaa75527d9c0cf2e26 session=4eb22a24781d4801ad635deef5a48a9f generation=1 request=9a67a1e840504aad8bc2d51c482b1202 type=observation queue_s=0.000188 worker_s=0.010179
INFO 2026-09-29 19:12:36 e/server.py:574 Policy operation deployment=omx-act instance=4bc7a2bb48514cdaa75527d9c0cf2e26 session=4eb22a24781d4801ad635deef5a48a9f generation=1 request=6d5894973f58442aaab1f6e6f82fa37c type=observation queue_s=0.000106 worker_s=0.009457
INFO 2026-09-29 19:12:36 e/server.py:574 Policy operation deployment=omx-act instance=4bc7a2bb48514cdaa75527d9c0cf2e26 session=4eb22a24781d4801ad635deef5a48a9f generation=1 request=a33844113cf7471aaad059453528d16a type=observation queue_s=0.000106 worker_s=0.009431
INFO 2026-09-29 19:12:36 e/server.py:574 Policy operation deployment=omx-act instance=4bc7a2bb48514cdaa75527d9c0cf2e26 session=4eb22a24781d4801ad635deef5a48a9f generation=1 request=d490387453234d1887885eb8fbf14ba6 type=observation queue_s=0.000120 worker_s=0.008338
INFO 2026-09-29 19:12:36 e/server.py:574 Policy operation deployment=omx-act instance=4bc7a2bb48514cdaa75527d9c0cf2e26 session=4eb22a24781d4801ad635deef5a48a9f generation=1 request=f6ef27fb05814834b58f265740ee123f type=observation queue_s=0.000185 worker_s=0.008809
INFO 2026-09-29 19:12:36 e/server.py:574 Policy operation deployment=omx-act instance=4bc7a2bb48514cdaa75527d9c0cf2e26 session=4eb22a24781d4801ad635deef5a48a9f generation=1 request=fc4d1f27219a42fa9c82a1a7c26c17ac type=observation queue_s=0.000108 worker_s=0.009415
INFO 2026-09-29 19:12:36 e/server.py:574 Policy operation deployment=omx-act instance=4bc7a2bb48514cdaa75527d9c0cf2e26 session=4eb22a24781d4801ad635deef5a48a9f generation=1 request=3b8c465bde574634b5d8f081ae49cedb type=observation queue_s=0.000124 worker_s=0.009161
INFO 2026-09-29 19:12:36 e/server.py:574 Policy operation deployment=omx-act instance=4bc7a2bb48514cdaa75527d9c0cf2e26 session=4eb22a24781d4801ad635deef5a48a9f generation=1 request=087b346967ea4886971f734cf3d56248 type=observation queue_s=0.000166 worker_s=0.008919
INFO 2026-09-29 19:12:36 e/server.py:574 Policy operation deployment=omx-act instance=4bc7a2bb48514cdaa75527d9c0cf2e26 session=4eb22a24781d4801ad635deef5a48a9f generation=1 request=8d816a18ef7a4b64aa48c2e794b3cb26 type=observation queue_s=0.000157 worker_s=0.008636
INFO 2026-09-29 19:12:36 e/server.py:574 Policy operation deployment=omx-act instance=4bc7a2bb48514cdaa75527d9c0cf2e26 session=4eb22a24781d4801ad635deef5a48a9f generation=1 request=1f67769f95b44fefb86fa9829da32b49 type=observation queue_s=0.000106 worker_s=0.009394
INFO 2026-09-29 19:12:36 e/server.py:574 Policy operation deployment=omx-act instance=4bc7a2bb48514cdaa75527d9c0cf2e26 session=4eb22a24781d4801ad635deef5a48a9f generation=1 request=4cd45379d84942ff923619bf57238004 type=observation queue_s=0.000182 worker_s=0.008974
INFO 2026-09-29 19:12:36 e/server.py:574 Policy operation deployment=omx-act instance=4bc7a2bb48514cdaa75527d9c0cf2e26 session=4eb22a24781d4801ad635deef5a48a9f generation=1 request=e719dca843774d70a7fd92a5d83786f4 type=observation queue_s=0.000054 worker_s=0.008613
INFO 2026-09-29 19:12:36 e/server.py:574 Policy operation deployment=omx-act instance=4bc7a2bb48514cdaa75527d9c0cf2e26 session=4eb22a24781d4801ad635deef5a48a9f generation=1 request=375bcb2c67c941f787814cf18c7a0a85 type=observation queue_s=0.000106 worker_s=0.008994
INFO 2026-09-29 19:12:36 e/server.py:574 Policy operation deployment=omx-act instance=4bc7a2bb48514cdaa75527d9c0cf2e26 session=4eb22a24781d4801ad635deef5a48a9f generation=1 request=88a3fc47bec24777b230e59af7d5ed48 type=observation queue_s=0.000152 worker_s=0.008987
INFO 2026-09-29 19:12:36 e/server.py:574 Policy operation deployment=omx-act instance=4bc7a2bb48514cdaa75527d9c0cf2e26 session=4eb22a24781d4801ad635deef5a48a9f generation=1 request=3472bc39a2834345964a937b072d6f8a type=observation queue_s=0.000176 worker_s=0.009091
INFO 2026-09-29 19:12:36 e/server.py:574 Policy operation deployment=omx-act instance=4bc7a2bb48514cdaa75527d9c0cf2e26 session=4eb22a24781d4801ad635deef5a48a9f generation=1 request=cd614eadb14a48ff8831ea47df97e59a type=observation queue_s=0.000124 worker_s=0.009245
INFO 2026-09-29 19:12:36 e/server.py:574 Policy operation deployment=omx-act instance=4bc7a2bb48514cdaa75527d9c0cf2e26 session=4eb22a24781d4801ad635deef5a48a9f generation=1 request=e242151beebf4975a2b9276f5a4d4d2f type=observation queue_s=0.000176 worker_s=0.009431
INFO 2026-09-29 19:12:36 e/server.py:574 Policy operation deployment=omx-act instance=4bc7a2bb48514cdaa75527d9c0cf2e26 session=4eb22a24781d4801ad635deef5a48a9f generation=1 request=445727937e0244b593c750da00ef7379 type=observation queue_s=0.000193 worker_s=0.008913
INFO 2026-09-29 19:12:36 e/server.py:574 Policy operation deployment=omx-act instance=4bc7a2bb48514cdaa75527d9c0cf2e26 session=4eb22a24781d4801ad635deef5a48a9f generation=1 request=e9ff025a52c34604b7a7261585dbe7e8 type=observation queue_s=0.000108 worker_s=0.009167
INFO 2026-09-29 19:12:36 e/server.py:574 Policy operation deployment=omx-act instance=4bc7a2bb48514cdaa75527d9c0cf2e26 session=4eb22a24781d4801ad635deef5a48a9f generation=1 request=7732c756036743beaf32d3b5227215fb type=observation queue_s=0.000115 worker_s=0.009083
INFO 2026-09-29 19:12:36 e/server.py:574 Policy operation deployment=omx-act instance=4bc7a2bb48514cdaa75527d9c0cf2e26 session=4eb22a24781d4801ad635deef5a48a9f generation=1 request=d3271445b89c46129c9e975aecd8b3c3 type=observation queue_s=0.000112 worker_s=0.009647
INFO 2026-09-29 19:12:36 e/server.py:574 Policy operation deployment=omx-act instance=4bc7a2bb48514cdaa75527d9c0cf2e26 session=4eb22a24781d4801ad635deef5a48a9f generation=1 request=797dca820c474e5785937eef9ab3e256 type=observation queue_s=0.000106 worker_s=0.009162
INFO 2026-09-29 19:12:37 e/server.py:574 Policy operation deployment=omx-act instance=4bc7a2bb48514cdaa75527d9c0cf2e26 session=4eb22a24781d4801ad635deef5a48a9f generation=1 request=624c268669d14147ab1e097acf7d0164 type=observation queue_s=0.000173 worker_s=0.008944
INFO 2026-09-29 19:12:37 e/server.py:574 Policy operation deployment=omx-act instance=4bc7a2bb48514cdaa75527d9c0cf2e26 session=4eb22a24781d4801ad635deef5a48a9f generation=1 request=80dc6e3aaacb4a63bec51736ffae0c3e type=observation queue_s=0.000122 worker_s=0.009898
INFO 2026-09-29 19:12:37 e/server.py:574 Policy operation deployment=omx-act instance=4bc7a2bb48514cdaa75527d9c0cf2e26 session=4eb22a24781d4801ad635deef5a48a9f generation=1 request=2d2f44cde28b4edc9651a0b0b58f9d81 type=observation queue_s=0.000112 worker_s=0.010203
INFO 2026-09-29 19:12:37 e/server.py:574 Policy operation deployment=omx-act instance=4bc7a2bb48514cdaa75527d9c0cf2e26 session=4eb22a24781d4801ad635deef5a48a9f generation=1 request=d5a8f2ffb4594a23a88e67ddcac0fcbd type=observation queue_s=0.000111 worker_s=0.009195
INFO 2026-09-29 19:12:37 e/server.py:574 Policy operation deployment=omx-act instance=4bc7a2bb48514cdaa75527d9c0cf2e26 session=4eb22a24781d4801ad635deef5a48a9f generation=1 request=aafe3d7bb65540f29430ce73408f60ed type=observation queue_s=0.000134 worker_s=0.012252
INFO 2026-09-29 19:12:37 e/server.py:574 Policy operation deployment=omx-act instance=4bc7a2bb48514cdaa75527d9c0cf2e26 session=4eb22a24781d4801ad635deef5a48a9f generation=1 request=99454046609e4f20ac8d3be216d370f1 type=observation queue_s=0.000021 worker_s=0.009413
INFO 2026-09-29 19:12:37 e/server.py:574 Policy operation deployment=omx-act instance=4bc7a2bb48514cdaa75527d9c0cf2e26 session=4eb22a24781d4801ad635deef5a48a9f generation=1 request=76c4a1dca6044508bfd138e1de9a6cf0 type=observation queue_s=0.000027 worker_s=0.010037
INFO 2026-09-29 19:12:37 e/server.py:574 Policy operation deployment=omx-act instance=4bc7a2bb48514cdaa75527d9c0cf2e26 session=4eb22a24781d4801ad635deef5a48a9f generation=1 request=993f698f712f405685a3dcdb31f2c93d type=observation queue_s=0.000113 worker_s=0.009858
INFO 2026-09-29 19:12:37 e/server.py:574 Policy operation deployment=omx-act instance=4bc7a2bb48514cdaa75527d9c0cf2e26 session=4eb22a24781d4801ad635deef5a48a9f generation=1 request=ef53e4e3f72f41549024016f63bfe274 type=observation queue_s=0.000136 worker_s=0.008867
INFO 2026-09-29 19:12:37 e/server.py:574 Policy operation deployment=omx-act instance=4bc7a2bb48514cdaa75527d9c0cf2e26 session=4eb22a24781d4801ad635deef5a48a9f generation=1 request=e9e7a5d3bbfd427f97e41471f4700422 type=observation queue_s=0.000147 worker_s=0.010122
INFO 2026-09-29 19:12:37 e/server.py:574 Policy operation deployment=omx-act instance=4bc7a2bb48514cdaa75527d9c0cf2e26 session=4eb22a24781d4801ad635deef5a48a9f generation=1 request=57a0a532bab0457fbd68937a5525c0e3 type=observation queue_s=0.000105 worker_s=0.008595
INFO 2026-09-29 19:12:37 e/server.py:574 Policy operation deployment=omx-act instance=4bc7a2bb48514cdaa75527d9c0cf2e26 session=4eb22a24781d4801ad635deef5a48a9f generation=1 request=09711a8ae890418e8dd398f57bb0322d type=observation queue_s=0.000121 worker_s=0.009184
INFO 2026-09-29 19:12:37 e/server.py:574 Policy operation deployment=omx-act instance=4bc7a2bb48514cdaa75527d9c0cf2e26 session=4eb22a24781d4801ad635deef5a48a9f generation=1 request=6e34efbd143149bc8c49271bd90c7dd3 type=observation queue_s=0.000073 worker_s=0.010314
INFO 2026-09-29 19:12:37 e/server.py:574 Policy operation deployment=omx-act instance=4bc7a2bb48514cdaa75527d9c0cf2e26 session=4eb22a24781d4801ad635deef5a48a9f generation=1 request=af9038dced7d4733a630d425f076e7ec type=observation queue_s=0.000140 worker_s=0.009714
INFO 2026-09-29 19:12:37 e/server.py:574 Policy operation deployment=omx-act instance=4bc7a2bb48514cdaa75527d9c0cf2e26 session=4eb22a24781d4801ad635deef5a48a9f generation=1 request=df9aca71eecd4ba08f141061800998ce type=observation queue_s=0.000098 worker_s=0.007685
INFO 2026-09-29 19:12:37 e/server.py:574 Policy operation deployment=omx-act instance=4bc7a2bb48514cdaa75527d9c0cf2e26 session=4eb22a24781d4801ad635deef5a48a9f generation=1 request=13e5a7e849244d458986a53dfcda807f type=observation queue_s=0.000161 worker_s=0.008469
INFO 2026-09-29 19:12:37 e/server.py:574 Policy operation deployment=omx-act instance=4bc7a2bb48514cdaa75527d9c0cf2e26 session=4eb22a24781d4801ad635deef5a48a9f generation=1 request=4bad9e36e0444781bd4419e1e65837f6 type=observation queue_s=0.000086 worker_s=0.008879
INFO 2026-09-29 19:12:37 e/server.py:574 Policy operation deployment=omx-act instance=4bc7a2bb48514cdaa75527d9c0cf2e26 session=4eb22a24781d4801ad635deef5a48a9f generation=1 request=39d35a855e08468bbd9600ffa3b8b1d5 type=observation queue_s=0.000121 worker_s=0.008986
INFO 2026-09-29 19:12:37 e/server.py:574 Policy operation deployment=omx-act instance=4bc7a2bb48514cdaa75527d9c0cf2e26 session=4eb22a24781d4801ad635deef5a48a9f generation=1 request=2d092dce96e14462a6b0e23a3dc430c6 type=observation queue_s=0.000099 worker_s=0.008745
INFO 2026-09-29 19:12:37 e/server.py:574 Policy operation deployment=omx-act instance=4bc7a2bb48514cdaa75527d9c0cf2e26 session=4eb22a24781d4801ad635deef5a48a9f generation=1 request=b3e68d003b8f4887ab989f630a23d3d9 type=observation queue_s=0.000104 worker_s=0.008912
INFO 2026-09-29 19:12:37 e/server.py:574 Policy operation deployment=omx-act instance=4bc7a2bb48514cdaa75527d9c0cf2e26 session=4eb22a24781d4801ad635deef5a48a9f generation=1 request=e740bca257704fbda08aaedfdac23e58 type=observation queue_s=0.000109 worker_s=0.008937
INFO 2026-09-29 19:12:37 e/server.py:574 Policy operation deployment=omx-act instance=4bc7a2bb48514cdaa75527d9c0cf2e26 session=4eb22a24781d4801ad635deef5a48a9f generation=1 request=d0d828ad95fa4859baf19ba6f00d0f52 type=observation queue_s=0.000148 worker_s=0.009288
INFO 2026-09-29 19:12:37 e/server.py:574 Policy operation deployment=omx-act instance=4bc7a2bb48514cdaa75527d9c0cf2e26 session=4eb22a24781d4801ad635deef5a48a9f generation=1 request=185f3684fa1a478a951efa3a2305516a type=observation queue_s=0.000103 worker_s=0.008926
INFO 2026-09-29 19:12:37 e/server.py:574 Policy operation deployment=omx-act instance=4bc7a2bb48514cdaa75527d9c0cf2e26 session=4eb22a24781d4801ad635deef5a48a9f generation=1 request=25b780dc90fd4b4e8026fa2da9f5a056 type=observation queue_s=0.000237 worker_s=0.009400
INFO 2026-09-29 19:12:37 e/server.py:574 Policy operation deployment=omx-act instance=4bc7a2bb48514cdaa75527d9c0cf2e26 session=4eb22a24781d4801ad635deef5a48a9f generation=1 request=8fc9ce3a890d47b6a44c236a41273da0 type=observation queue_s=0.000139 worker_s=0.009193
INFO 2026-09-29 19:12:37 e/server.py:574 Policy operation deployment=omx-act instance=4bc7a2bb48514cdaa75527d9c0cf2e26 session=4eb22a24781d4801ad635deef5a48a9f generation=1 request=a9029ef4245e428c9d452568863dee16 type=observation queue_s=0.000198 worker_s=0.009009
INFO 2026-09-29 19:12:37 e/server.py:574 Policy operation deployment=omx-act instance=4bc7a2bb48514cdaa75527d9c0cf2e26 session=4eb22a24781d4801ad635deef5a48a9f generation=1 request=eb76cf37f73d4ed890691922191758c8 type=observation queue_s=0.000193 worker_s=0.009714
INFO 2026-09-29 19:12:38 e/server.py:574 Policy operation deployment=omx-act instance=4bc7a2bb48514cdaa75527d9c0cf2e26 session=4eb22a24781d4801ad635deef5a48a9f generation=1 request=6ebe85ffd17845b5ba10ba6da96de136 type=observation queue_s=0.000154 worker_s=0.009200
INFO 2026-09-29 19:12:38 e/server.py:574 Policy operation deployment=omx-act instance=4bc7a2bb48514cdaa75527d9c0cf2e26 session=4eb22a24781d4801ad635deef5a48a9f generation=1 request=190e77744f5a406da06c2b3fb165a99d type=observation queue_s=0.000129 worker_s=0.009831
INFO 2026-09-29 19:12:38 e/server.py:574 Policy operation deployment=omx-act instance=4bc7a2bb48514cdaa75527d9c0cf2e26 session=4eb22a24781d4801ad635deef5a48a9f generation=1 request=d841431d2b0f43229b5c0fbe6ee128a4 type=observation queue_s=0.000124 worker_s=0.009293
INFO 2026-09-29 19:12:38 e/server.py:574 Policy operation deployment=omx-act instance=4bc7a2bb48514cdaa75527d9c0cf2e26 session=4eb22a24781d4801ad635deef5a48a9f generation=1 request=00937ffe44464c3d9deff9e6cbe6de23 type=observation queue_s=0.000118 worker_s=0.009053
INFO 2026-09-29 19:12:38 e/server.py:574 Policy operation deployment=omx-act instance=4bc7a2bb48514cdaa75527d9c0cf2e26 session=4eb22a24781d4801ad635deef5a48a9f generation=1 request=ed75dff2f5b64a26a063371f2e6a345c type=observation queue_s=0.000106 worker_s=0.009285
INFO 2026-09-29 19:12:38 e/server.py:574 Policy operation deployment=omx-act instance=4bc7a2bb48514cdaa75527d9c0cf2e26 session=4eb22a24781d4801ad635deef5a48a9f generation=1 request=35d734e358a34a348bbf1e7b52bde702 type=observation queue_s=0.000105 worker_s=0.009163
INFO 2026-09-29 19:12:38 e/server.py:574 Policy operation deployment=omx-act instance=4bc7a2bb48514cdaa75527d9c0cf2e26 session=4eb22a24781d4801ad635deef5a48a9f generation=1 request=49c8152291284fca94daf7e9e19830be type=observation queue_s=0.000195 worker_s=0.009282
INFO 2026-09-29 19:12:38 e/server.py:574 Policy operation deployment=omx-act instance=4bc7a2bb48514cdaa75527d9c0cf2e26 session=4eb22a24781d4801ad635deef5a48a9f generation=1 request=d0a08b34b5cf474faa444f8ad45bb09f type=observation queue_s=0.000134 worker_s=0.009746
INFO 2026-09-29 19:12:38 e/server.py:574 Policy operation deployment=omx-act instance=4bc7a2bb48514cdaa75527d9c0cf2e26 session=4eb22a24781d4801ad635deef5a48a9f generation=1 request=1076829856e54cd8ae52a95582b26b89 type=observation queue_s=0.000122 worker_s=0.009785
INFO 2026-09-29 19:12:38 e/server.py:574 Policy operation deployment=omx-act instance=4bc7a2bb48514cdaa75527d9c0cf2e26 session=4eb22a24781d4801ad635deef5a48a9f generation=1 request=947bd48bfb9940b295ea4672802370b2 type=observation queue_s=0.000135 worker_s=0.009329
INFO 2026-09-29 19:12:38 e/server.py:574 Policy operation deployment=omx-act instance=4bc7a2bb48514cdaa75527d9c0cf2e26 session=4eb22a24781d4801ad635deef5a48a9f generation=1 request=580369fee57a4dc5a3fae97d196200b0 type=observation queue_s=0.000136 worker_s=0.009686
INFO 2026-09-29 19:12:38 e/server.py:574 Policy operation deployment=omx-act instance=4bc7a2bb48514cdaa75527d9c0cf2e26 session=4eb22a24781d4801ad635deef5a48a9f generation=1 request=f9a22653295d410aa0c8e95d30bc9dce type=observation queue_s=0.000147 worker_s=0.009559
INFO 2026-09-29 19:12:38 e/server.py:574 Policy operation deployment=omx-act instance=4bc7a2bb48514cdaa75527d9c0cf2e26 session=4eb22a24781d4801ad635deef5a48a9f generation=1 request=6aead11b82474ddab52db35b59838c62 type=observation queue_s=0.000148 worker_s=0.009513
INFO 2026-09-29 19:12:38 e/server.py:574 Policy operation deployment=omx-act instance=4bc7a2bb48514cdaa75527d9c0cf2e26 session=4eb22a24781d4801ad635deef5a48a9f generation=1 request=fb022a94517b42f595d4bbd22395afc2 type=observation queue_s=0.000155 worker_s=0.009414
INFO 2026-09-29 19:12:38 e/server.py:574 Policy operation deployment=omx-act instance=4bc7a2bb48514cdaa75527d9c0cf2e26 session=4eb22a24781d4801ad635deef5a48a9f generation=1 request=6dc355e894f8481d85e8818fefd543e1 type=observation queue_s=0.000154 worker_s=0.008778
INFO 2026-09-29 19:12:38 e/server.py:574 Policy operation deployment=omx-act instance=4bc7a2bb48514cdaa75527d9c0cf2e26 session=4eb22a24781d4801ad635deef5a48a9f generation=1 request=06da082da9b34ac1a3bf66c2d0e8fc18 type=observation queue_s=0.000120 worker_s=0.009112
INFO 2026-09-29 19:12:38 e/server.py:574 Policy operation deployment=omx-act instance=4bc7a2bb48514cdaa75527d9c0cf2e26 session=4eb22a24781d4801ad635deef5a48a9f generation=1 request=f088988dacf348628a86cf256ec3f0ef type=observation queue_s=0.000120 worker_s=0.009460
INFO 2026-09-29 19:12:38 e/server.py:574 Policy operation deployment=omx-act instance=4bc7a2bb48514cdaa75527d9c0cf2e26 session=4eb22a24781d4801ad635deef5a48a9f generation=1 request=eb0be85f6d6c427d9cf00761e9f22dc1 type=observation queue_s=0.000135 worker_s=0.008802
INFO 2026-09-29 19:12:38 e/server.py:574 Policy operation deployment=omx-act instance=4bc7a2bb48514cdaa75527d9c0cf2e26 session=4eb22a24781d4801ad635deef5a48a9f generation=1 request=b64b0c105d024f999e4bbafcd4c85aa4 type=observation queue_s=0.000169 worker_s=0.009216
INFO 2026-09-29 19:12:38 e/server.py:574 Policy operation deployment=omx-act instance=4bc7a2bb48514cdaa75527d9c0cf2e26 session=4eb22a24781d4801ad635deef5a48a9f generation=1 request=40aec4f389204ef0a98aba34522f725d type=observation queue_s=0.000147 worker_s=0.009293
INFO 2026-09-29 19:12:38 e/server.py:574 Policy operation deployment=omx-act instance=4bc7a2bb48514cdaa75527d9c0cf2e26 session=4eb22a24781d4801ad635deef5a48a9f generation=1 request=e168a0620ecf42a890ad562411f020dc type=observation queue_s=0.000103 worker_s=0.009211
INFO 2026-09-29 19:12:38 e/server.py:574 Policy operation deployment=omx-act instance=4bc7a2bb48514cdaa75527d9c0cf2e26 session=4eb22a24781d4801ad635deef5a48a9f generation=1 request=0bed037b75a44994936c1b69b81e6168 type=observation queue_s=0.000131 worker_s=0.009890
INFO 2026-09-29 19:12:38 e/server.py:574 Policy operation deployment=omx-act instance=4bc7a2bb48514cdaa75527d9c0cf2e26 session=4eb22a24781d4801ad635deef5a48a9f generation=1 request=b13ff380cffb4d38b3531de1f7c5112b type=observation queue_s=0.000130 worker_s=0.008902
INFO 2026-09-29 19:12:38 e/server.py:574 Policy operation deployment=omx-act instance=4bc7a2bb48514cdaa75527d9c0cf2e26 session=4eb22a24781d4801ad635deef5a48a9f generation=1 request=d12edf424a774834acd6332110772c88 type=observation queue_s=0.000118 worker_s=0.008822
INFO 2026-09-29 19:12:38 e/server.py:574 Policy operation deployment=omx-act instance=4bc7a2bb48514cdaa75527d9c0cf2e26 session=4eb22a24781d4801ad635deef5a48a9f generation=1 request=1c9267ffe8704656b2ee77476a14f4a5 type=observation queue_s=0.000201 worker_s=0.009116
INFO 2026-09-29 19:12:38 e/server.py:574 Policy operation deployment=omx-act instance=4bc7a2bb48514cdaa75527d9c0cf2e26 session=4eb22a24781d4801ad635deef5a48a9f generation=1 request=389f66724aae4ffd931612039c7d0542 type=observation queue_s=0.000166 worker_s=0.009208
INFO 2026-09-29 19:12:38 e/server.py:574 Policy operation deployment=omx-act instance=4bc7a2bb48514cdaa75527d9c0cf2e26 session=4eb22a24781d4801ad635deef5a48a9f generation=1 request=f47452267c1045b3a31e3cb2a8a12f66 type=observation queue_s=0.000114 worker_s=0.009438
INFO 2026-09-29 19:12:38 e/server.py:574 Policy operation deployment=omx-act instance=4bc7a2bb48514cdaa75527d9c0cf2e26 session=4eb22a24781d4801ad635deef5a48a9f generation=1 request=c6169a93071841169bba14b8cb1aa4fd type=observation queue_s=0.000111 worker_s=0.008809
INFO 2026-09-29 19:12:38 e/server.py:574 Policy operation deployment=omx-act instance=4bc7a2bb48514cdaa75527d9c0cf2e26 session=4eb22a24781d4801ad635deef5a48a9f generation=1 request=1883a2a330554987a26fe5b2bdb17026 type=observation queue_s=0.000118 worker_s=0.009001
INFO 2026-09-29 19:12:39 e/server.py:574 Policy operation deployment=omx-act instance=4bc7a2bb48514cdaa75527d9c0cf2e26 session=4eb22a24781d4801ad635deef5a48a9f generation=1 request=74ead9b3b8514cbcbe91c4e7aa08e3b1 type=observation queue_s=0.000139 worker_s=0.009349
INFO 2026-09-29 19:12:39 e/server.py:574 Policy operation deployment=omx-act instance=4bc7a2bb48514cdaa75527d9c0cf2e26 session=4eb22a24781d4801ad635deef5a48a9f generation=1 request=0cec61bcb9b947a7b5cd25d2661fe78a type=observation queue_s=0.000115 worker_s=0.007979
INFO 2026-09-29 19:12:39 e/server.py:574 Policy operation deployment=omx-act instance=4bc7a2bb48514cdaa75527d9c0cf2e26 session=4eb22a24781d4801ad635deef5a48a9f generation=1 request=f3f0061bfa034d09953ae0821a04d4ff type=observation queue_s=0.000104 worker_s=0.008563
INFO 2026-09-29 19:12:39 e/server.py:574 Policy operation deployment=omx-act instance=4bc7a2bb48514cdaa75527d9c0cf2e26 session=4eb22a24781d4801ad635deef5a48a9f generation=1 request=57a8fafa6d2d400abbf6d354601ee7a3 type=observation queue_s=0.000128 worker_s=0.009437
INFO 2026-09-29 19:12:39 e/server.py:574 Policy operation deployment=omx-act instance=4bc7a2bb48514cdaa75527d9c0cf2e26 session=4eb22a24781d4801ad635deef5a48a9f generation=1 request=21dd2a8d10da48679d12c2f59018b2e8 type=observation queue_s=0.000153 worker_s=0.010044
INFO 2026-09-29 19:12:39 e/server.py:574 Policy operation deployment=omx-act instance=4bc7a2bb48514cdaa75527d9c0cf2e26 session=4eb22a24781d4801ad635deef5a48a9f generation=1 request=ff02eda253d047a38f87dae29f0e08a5 type=observation queue_s=0.000123 worker_s=0.010105
INFO 2026-09-29 19:12:39 e/server.py:574 Policy operation deployment=omx-act instance=4bc7a2bb48514cdaa75527d9c0cf2e26 session=4eb22a24781d4801ad635deef5a48a9f generation=1 request=461228c10afd47dbaf15f24cfbbd7f0c type=observation queue_s=0.000143 worker_s=0.009384
INFO 2026-09-29 19:12:39 e/server.py:574 Policy operation deployment=omx-act instance=4bc7a2bb48514cdaa75527d9c0cf2e26 session=4eb22a24781d4801ad635deef5a48a9f generation=1 request=4c08873c4d304f63ae68345b40ec6dd8 type=observation queue_s=0.000163 worker_s=0.008548
INFO 2026-09-29 19:12:39 e/server.py:574 Policy operation deployment=omx-act instance=4bc7a2bb48514cdaa75527d9c0cf2e26 session=4eb22a24781d4801ad635deef5a48a9f generation=1 request=510375862ff14430b679ea9ff7da83bb type=observation queue_s=0.000206 worker_s=0.009178
INFO 2026-09-29 19:12:39 e/server.py:574 Policy operation deployment=omx-act instance=4bc7a2bb48514cdaa75527d9c0cf2e26 session=4eb22a24781d4801ad635deef5a48a9f generation=1 request=0a596316ef9b4817bcc0788e2776f6b5 type=observation queue_s=0.000132 worker_s=0.009482
INFO 2026-09-29 19:12:39 e/server.py:574 Policy operation deployment=omx-act instance=4bc7a2bb48514cdaa75527d9c0cf2e26 session=4eb22a24781d4801ad635deef5a48a9f generation=1 request=2b2151bb5bb4497eacf63fabda78b865 type=observation queue_s=0.000167 worker_s=0.009531
INFO 2026-09-29 19:12:39 e/server.py:574 Policy operation deployment=omx-act instance=4bc7a2bb48514cdaa75527d9c0cf2e26 session=4eb22a24781d4801ad635deef5a48a9f generation=1 request=3e090413fcfe4ed994055a67af556843 type=observation queue_s=0.000144 worker_s=0.008963
INFO 2026-09-29 19:12:39 e/server.py:574 Policy operation deployment=omx-act instance=4bc7a2bb48514cdaa75527d9c0cf2e26 session=4eb22a24781d4801ad635deef5a48a9f generation=1 request=040be7034e524ab49b4715db13fda8cf type=observation queue_s=0.000145 worker_s=0.009250
INFO 2026-09-29 19:12:39 e/server.py:574 Policy operation deployment=omx-act instance=4bc7a2bb48514cdaa75527d9c0cf2e26 session=4eb22a24781d4801ad635deef5a48a9f generation=1 request=772fab08efc74b1f82245b93485c5f85 type=observation queue_s=0.000154 worker_s=0.009041
INFO 2026-09-29 19:12:39 e/server.py:574 Policy operation deployment=omx-act instance=4bc7a2bb48514cdaa75527d9c0cf2e26 session=4eb22a24781d4801ad635deef5a48a9f generation=1 request=a66f0db7566e45e189f238e09009cec6 type=observation queue_s=0.000204 worker_s=0.009427
INFO 2026-09-29 19:12:39 e/server.py:574 Policy operation deployment=omx-act instance=4bc7a2bb48514cdaa75527d9c0cf2e26 session=4eb22a24781d4801ad635deef5a48a9f generation=1 request=cee729d47e8b4ab0a918fff823f20553 type=observation queue_s=0.000139 worker_s=0.009535
INFO 2026-09-29 19:12:39 e/server.py:574 Policy operation deployment=omx-act instance=4bc7a2bb48514cdaa75527d9c0cf2e26 session=4eb22a24781d4801ad635deef5a48a9f generation=1 request=da9205495db543ec8509de1cd2719256 type=observation queue_s=0.000154 worker_s=0.010005
INFO 2026-09-29 19:12:39 e/server.py:574 Policy operation deployment=omx-act instance=4bc7a2bb48514cdaa75527d9c0cf2e26 session=4eb22a24781d4801ad635deef5a48a9f generation=1 request=0291be99c3c2476298ca1f1a06605304 type=observation queue_s=0.000138 worker_s=0.009929
INFO 2026-09-29 19:12:39 e/server.py:574 Policy operation deployment=omx-act instance=4bc7a2bb48514cdaa75527d9c0cf2e26 session=4eb22a24781d4801ad635deef5a48a9f generation=1 request=2e2bcceb027a4672829ba107702e3219 type=observation queue_s=0.000152 worker_s=0.009487
INFO 2026-09-29 19:12:39 e/server.py:574 Policy operation deployment=omx-act instance=4bc7a2bb48514cdaa75527d9c0cf2e26 session=4eb22a24781d4801ad635deef5a48a9f generation=1 request=c54a434444104c76bcf6122ca6cedbab type=observation queue_s=0.000120 worker_s=0.009760
INFO 2026-09-29 19:12:39 e/server.py:574 Policy operation deployment=omx-act instance=4bc7a2bb48514cdaa75527d9c0cf2e26 session=4eb22a24781d4801ad635deef5a48a9f generation=1 request=60073959f97b4759962ff5102ada4921 type=observation queue_s=0.000141 worker_s=0.009528
INFO 2026-09-29 19:12:39 e/server.py:574 Policy operation deployment=omx-act instance=4bc7a2bb48514cdaa75527d9c0cf2e26 session=4eb22a24781d4801ad635deef5a48a9f generation=1 request=442ed0c5b76746bdb80a2f58bcca6ff4 type=observation queue_s=0.000149 worker_s=0.009718
INFO 2026-09-29 19:12:39 e/server.py:574 Policy operation deployment=omx-act instance=4bc7a2bb48514cdaa75527d9c0cf2e26 session=4eb22a24781d4801ad635deef5a48a9f generation=1 request=a85b2e40581a4fa4bb8165a18a91ab3f type=observation queue_s=0.000159 worker_s=0.009370
INFO 2026-09-29 19:12:39 e/server.py:574 Policy operation deployment=omx-act instance=4bc7a2bb48514cdaa75527d9c0cf2e26 session=4eb22a24781d4801ad635deef5a48a9f generation=1 request=2b0f5dbaf8ea4dc2a8c293cdd4ac2327 type=observation queue_s=0.000148 worker_s=0.008693
INFO 2026-09-29 19:12:39 e/server.py:574 Policy operation deployment=omx-act instance=4bc7a2bb48514cdaa75527d9c0cf2e26 session=4eb22a24781d4801ad635deef5a48a9f generation=1 request=713dfa2a0ec54c5c85ed5332e8fcf895 type=observation queue_s=0.000120 worker_s=0.009784
INFO 2026-09-29 19:12:39 e/server.py:574 Policy operation deployment=omx-act instance=4bc7a2bb48514cdaa75527d9c0cf2e26 session=4eb22a24781d4801ad635deef5a48a9f generation=1 request=8f0e910f5ccc4789b69a8d2e74962f29 type=observation queue_s=0.000162 worker_s=0.009963
INFO 2026-09-29 19:12:39 e/server.py:574 Policy operation deployment=omx-act instance=4bc7a2bb48514cdaa75527d9c0cf2e26 session=4eb22a24781d4801ad635deef5a48a9f generation=1 request=b5ed655823724e64a7285ac16adc5fa9 type=observation queue_s=0.000119 worker_s=0.009676
INFO 2026-09-29 19:12:39 e/server.py:574 Policy operation deployment=omx-act instance=4bc7a2bb48514cdaa75527d9c0cf2e26 session=4eb22a24781d4801ad635deef5a48a9f generation=1 request=f5b1222970454868af1f64c1f2c0f618 type=observation queue_s=0.000143 worker_s=0.009071
INFO 2026-09-29 19:12:39 e/server.py:574 Policy operation deployment=omx-act instance=4bc7a2bb48514cdaa75527d9c0cf2e26 session=4eb22a24781d4801ad635deef5a48a9f generation=1 request=0764a524b109438f87c3af9d03c8661f type=observation queue_s=0.000151 worker_s=0.009191
INFO 2026-09-29 19:12:40 e/server.py:574 Policy operation deployment=omx-act instance=4bc7a2bb48514cdaa75527d9c0cf2e26 session=4eb22a24781d4801ad635deef5a48a9f generation=1 request=d3c7228e802e4429b4bb2fe4ad4f133b type=observation queue_s=0.000149 worker_s=0.009942
INFO 2026-09-29 19:12:40 e/server.py:574 Policy operation deployment=omx-act instance=4bc7a2bb48514cdaa75527d9c0cf2e26 session=4eb22a24781d4801ad635deef5a48a9f generation=1 request=66d1384e01244532b3925814a75ba61e type=observation queue_s=0.000174 worker_s=0.009520
INFO 2026-09-29 19:12:40 e/server.py:574 Policy operation deployment=omx-act instance=4bc7a2bb48514cdaa75527d9c0cf2e26 session=4eb22a24781d4801ad635deef5a48a9f generation=1 request=469ccfa84d0649d29b0e635fde69e570 type=observation queue_s=0.000108 worker_s=0.009127
INFO 2026-09-29 19:12:40 e/server.py:574 Policy operation deployment=omx-act instance=4bc7a2bb48514cdaa75527d9c0cf2e26 session=4eb22a24781d4801ad635deef5a48a9f generation=1 request=896dab3fb0614900b4181d092d55f6fd type=observation queue_s=0.000104 worker_s=0.010051
INFO 2026-09-29 19:12:40 e/server.py:574 Policy operation deployment=omx-act instance=4bc7a2bb48514cdaa75527d9c0cf2e26 session=4eb22a24781d4801ad635deef5a48a9f generation=1 request=6d63c457e696484484495bd041e779f9 type=observation queue_s=0.000159 worker_s=0.008469
INFO 2026-09-29 19:12:40 e/server.py:574 Policy operation deployment=omx-act instance=4bc7a2bb48514cdaa75527d9c0cf2e26 session=4eb22a24781d4801ad635deef5a48a9f generation=1 request=5e41bbe83bf5463394118ddffbe8575b type=observation queue_s=0.000159 worker_s=0.010207
INFO 2026-09-29 19:12:40 e/server.py:574 Policy operation deployment=omx-act instance=4bc7a2bb48514cdaa75527d9c0cf2e26 session=4eb22a24781d4801ad635deef5a48a9f generation=1 request=8cd2a43aada847d3be420e7cd5a8d78a type=observation queue_s=0.000113 worker_s=0.012498
INFO 2026-09-29 19:12:40 e/server.py:574 Policy operation deployment=omx-act instance=4bc7a2bb48514cdaa75527d9c0cf2e26 session=4eb22a24781d4801ad635deef5a48a9f generation=1 request=d1a1004690fd402ea0774bcc5ab7b1ba type=observation queue_s=0.000123 worker_s=0.012010
INFO 2026-09-29 19:12:40 e/server.py:574 Policy operation deployment=omx-act instance=4bc7a2bb48514cdaa75527d9c0cf2e26 session=4eb22a24781d4801ad635deef5a48a9f generation=1 request=b754720a7be040ae9ccc17b0606f23dc type=observation queue_s=0.000145 worker_s=0.011945
INFO 2026-09-29 19:12:40 e/server.py:574 Policy operation deployment=omx-act instance=4bc7a2bb48514cdaa75527d9c0cf2e26 session=4eb22a24781d4801ad635deef5a48a9f generation=1 request=d4dda414c57445d8b5c84da034ce4a5e type=observation queue_s=0.000118 worker_s=0.012558
INFO 2026-09-29 19:12:40 e/server.py:574 Policy operation deployment=omx-act instance=4bc7a2bb48514cdaa75527d9c0cf2e26 session=4eb22a24781d4801ad635deef5a48a9f generation=1 request=6b03ce8cd85149268150521767844a0c type=observation queue_s=0.000119 worker_s=0.008933
INFO 2026-09-29 19:12:40 e/server.py:574 Policy operation deployment=omx-act instance=4bc7a2bb48514cdaa75527d9c0cf2e26 session=4eb22a24781d4801ad635deef5a48a9f generation=1 request=529fb831e4934ef786949aebda70be8c type=observation queue_s=0.000077 worker_s=0.009809
INFO 2026-09-29 19:12:40 e/server.py:574 Policy operation deployment=omx-act instance=4bc7a2bb48514cdaa75527d9c0cf2e26 session=4eb22a24781d4801ad635deef5a48a9f generation=1 request=44704102ffb547b2aaa545c8bbde523a type=observation queue_s=0.000136 worker_s=0.009842
INFO 2026-09-29 19:12:40 e/server.py:574 Policy operation deployment=omx-act instance=4bc7a2bb48514cdaa75527d9c0cf2e26 session=4eb22a24781d4801ad635deef5a48a9f generation=1 request=14e011ea5fad4f9eb5c9865f9f03d3b6 type=observation queue_s=0.000140 worker_s=0.010396
INFO 2026-09-29 19:12:40 e/server.py:574 Policy operation deployment=omx-act instance=4bc7a2bb48514cdaa75527d9c0cf2e26 session=4eb22a24781d4801ad635deef5a48a9f generation=1 request=8d85b59e85d147eabd53695f783e537b type=observation queue_s=0.000152 worker_s=0.010429
INFO 2026-09-29 19:12:40 e/server.py:574 Policy operation deployment=omx-act instance=4bc7a2bb48514cdaa75527d9c0cf2e26 session=4eb22a24781d4801ad635deef5a48a9f generation=1 request=4eea4df6933f48d4b4d0628d872382a0 type=observation queue_s=0.000151 worker_s=0.009749
INFO 2026-09-29 19:12:40 e/server.py:574 Policy operation deployment=omx-act instance=4bc7a2bb48514cdaa75527d9c0cf2e26 session=4eb22a24781d4801ad635deef5a48a9f generation=1 request=f4c6aef7b79642df8e8f171c93283fd5 type=observation queue_s=0.000125 worker_s=0.009901
INFO 2026-09-29 19:12:40 e/server.py:574 Policy operation deployment=omx-act instance=4bc7a2bb48514cdaa75527d9c0cf2e26 session=4eb22a24781d4801ad635deef5a48a9f generation=1 request=3d3574aff611443098b93b4ef5217d82 type=observation queue_s=0.000103 worker_s=0.011893
INFO 2026-09-29 19:12:40 e/server.py:574 Policy operation deployment=omx-act instance=4bc7a2bb48514cdaa75527d9c0cf2e26 session=4eb22a24781d4801ad635deef5a48a9f generation=1 request=6a90552ab72c4048a691702123d3acc6 type=observation queue_s=0.000046 worker_s=0.009591
INFO 2026-09-29 19:12:40 e/server.py:574 Policy operation deployment=omx-act instance=4bc7a2bb48514cdaa75527d9c0cf2e26 session=4eb22a24781d4801ad635deef5a48a9f generation=1 request=12fbb0ec7e824e91b51e791be713c823 type=observation queue_s=0.000144 worker_s=0.009990
INFO 2026-09-29 19:12:40 e/server.py:574 Policy operation deployment=omx-act instance=4bc7a2bb48514cdaa75527d9c0cf2e26 session=4eb22a24781d4801ad635deef5a48a9f generation=1 request=fe3d469087994bb494fc798f6644d753 type=observation queue_s=0.000155 worker_s=0.009807
INFO 2026-09-29 19:12:40 e/server.py:574 Policy operation deployment=omx-act instance=4bc7a2bb48514cdaa75527d9c0cf2e26 session=4eb22a24781d4801ad635deef5a48a9f generation=1 request=d24e95780d6740d898871591ea32c318 type=observation queue_s=0.000109 worker_s=0.010066
INFO 2026-09-29 19:12:40 e/server.py:574 Policy operation deployment=omx-act instance=4bc7a2bb48514cdaa75527d9c0cf2e26 session=4eb22a24781d4801ad635deef5a48a9f generation=1 request=f8b32cbafeca45b0b2f163465a4f2fd3 type=observation queue_s=0.000143 worker_s=0.009554
INFO 2026-09-29 19:12:40 e/server.py:574 Policy operation deployment=omx-act instance=4bc7a2bb48514cdaa75527d9c0cf2e26 session=4eb22a24781d4801ad635deef5a48a9f generation=1 request=32b925bba96d4842bc8d8d7be576112e type=observation queue_s=0.000105 worker_s=0.009541
INFO 2026-09-29 19:12:40 e/server.py:574 Policy operation deployment=omx-act instance=4bc7a2bb48514cdaa75527d9c0cf2e26 session=4eb22a24781d4801ad635deef5a48a9f generation=1 request=fdb81366de2841919f455f35e0df5f12 type=observation queue_s=0.000046 worker_s=0.009752
INFO 2026-09-29 19:12:40 e/server.py:574 Policy operation deployment=omx-act instance=4bc7a2bb48514cdaa75527d9c0cf2e26 session=4eb22a24781d4801ad635deef5a48a9f generation=1 request=185f4a9ab044445b98add619509d427a type=observation queue_s=0.000083 worker_s=0.010092
INFO 2026-09-29 19:12:41 e/server.py:574 Policy operation deployment=omx-act instance=4bc7a2bb48514cdaa75527d9c0cf2e26 session=4eb22a24781d4801ad635deef5a48a9f generation=1 request=853ce432cb334519a8bda7a2367af599 type=observation queue_s=0.000119 worker_s=0.009886
INFO 2026-09-29 19:12:41 e/server.py:574 Policy operation deployment=omx-act instance=4bc7a2bb48514cdaa75527d9c0cf2e26 session=4eb22a24781d4801ad635deef5a48a9f generation=1 request=b20672d3234646d685c93520aa9ec99d type=observation queue_s=0.000094 worker_s=0.009669
INFO 2026-09-29 19:12:41 e/server.py:574 Policy operation deployment=omx-act instance=4bc7a2bb48514cdaa75527d9c0cf2e26 session=4eb22a24781d4801ad635deef5a48a9f generation=1 request=bcf709b364d74ea78f558ad17c91e458 type=observation queue_s=0.000095 worker_s=0.009810
INFO 2026-09-29 19:12:41 e/server.py:574 Policy operation deployment=omx-act instance=4bc7a2bb48514cdaa75527d9c0cf2e26 session=4eb22a24781d4801ad635deef5a48a9f generation=1 request=22266bf913f64f1896cc55b43fd6a33b type=observation queue_s=0.000078 worker_s=0.009918
INFO 2026-09-29 19:12:41 e/server.py:574 Policy operation deployment=omx-act instance=4bc7a2bb48514cdaa75527d9c0cf2e26 session=4eb22a24781d4801ad635deef5a48a9f generation=1 request=8f808afd39f849f4b2927e98e2448809 type=observation queue_s=0.000134 worker_s=0.010344
INFO 2026-09-29 19:12:41 e/server.py:574 Policy operation deployment=omx-act instance=4bc7a2bb48514cdaa75527d9c0cf2e26 session=4eb22a24781d4801ad635deef5a48a9f generation=1 request=50773c6346d34eb78f2ef874d23e76c1 type=observation queue_s=0.000106 worker_s=0.009598
INFO 2026-09-29 19:12:41 e/server.py:574 Policy operation deployment=omx-act instance=4bc7a2bb48514cdaa75527d9c0cf2e26 session=4eb22a24781d4801ad635deef5a48a9f generation=1 request=3f38539b5d784138b213b32647a0c8a9 type=observation queue_s=0.000124 worker_s=0.009165
INFO 2026-09-29 19:12:41 e/server.py:574 Policy operation deployment=omx-act instance=4bc7a2bb48514cdaa75527d9c0cf2e26 session=4eb22a24781d4801ad635deef5a48a9f generation=1 request=6d9f1ca6f6cc42a985acfc89853198f5 type=observation queue_s=0.000142 worker_s=0.009269
INFO 2026-09-29 19:12:41 e/server.py:574 Policy operation deployment=omx-act instance=4bc7a2bb48514cdaa75527d9c0cf2e26 session=4eb22a24781d4801ad635deef5a48a9f generation=1 request=9b80be45d14b4cf3b834a5ea96144d08 type=observation queue_s=0.000125 worker_s=0.009285
INFO 2026-09-29 19:12:41 e/server.py:574 Policy operation deployment=omx-act instance=4bc7a2bb48514cdaa75527d9c0cf2e26 session=4eb22a24781d4801ad635deef5a48a9f generation=1 request=b87e6e5d31e0477199705319ec2c0a5a type=observation queue_s=0.000133 worker_s=0.009211
INFO 2026-09-29 19:12:41 e/server.py:574 Policy operation deployment=omx-act instance=4bc7a2bb48514cdaa75527d9c0cf2e26 session=4eb22a24781d4801ad635deef5a48a9f generation=1 request=07045bad8b414f00880ead4dc8208668 type=observation queue_s=0.000133 worker_s=0.009245
INFO 2026-09-29 19:12:41 e/server.py:574 Policy operation deployment=omx-act instance=4bc7a2bb48514cdaa75527d9c0cf2e26 session=4eb22a24781d4801ad635deef5a48a9f generation=1 request=70caf7028ff04286a052a57c30c1c067 type=observation queue_s=0.000141 worker_s=0.009509
INFO 2026-09-29 19:12:41 e/server.py:574 Policy operation deployment=omx-act instance=4bc7a2bb48514cdaa75527d9c0cf2e26 session=4eb22a24781d4801ad635deef5a48a9f generation=1 request=9034e3293f1f4023bcf8c084320a338c type=observation queue_s=0.000123 worker_s=0.009222
INFO 2026-09-29 19:12:41 e/server.py:574 Policy operation deployment=omx-act instance=4bc7a2bb48514cdaa75527d9c0cf2e26 session=4eb22a24781d4801ad635deef5a48a9f generation=1 request=1674d4bf0f3e49ccb94aa3f096eff3f6 type=observation queue_s=0.000133 worker_s=0.009091
INFO 2026-09-29 19:12:41 e/server.py:574 Policy operation deployment=omx-act instance=4bc7a2bb48514cdaa75527d9c0cf2e26 session=4eb22a24781d4801ad635deef5a48a9f generation=1 request=83c0a7460093471e8898f3ea0c3f172b type=observation queue_s=0.000124 worker_s=0.010741
INFO 2026-09-29 19:12:41 e/server.py:574 Policy operation deployment=omx-act instance=4bc7a2bb48514cdaa75527d9c0cf2e26 session=4eb22a24781d4801ad635deef5a48a9f generation=1 request=2fdbf7e4c2b5468eab11025d35717a8a type=observation queue_s=0.000088 worker_s=0.010873
INFO 2026-09-29 19:12:41 e/server.py:574 Policy operation deployment=omx-act instance=4bc7a2bb48514cdaa75527d9c0cf2e26 session=4eb22a24781d4801ad635deef5a48a9f generation=1 request=6d3b26919d4649cf90f58b531c3c1427 type=observation queue_s=0.000078 worker_s=0.009807
INFO 2026-09-29 19:12:41 e/server.py:574 Policy operation deployment=omx-act instance=4bc7a2bb48514cdaa75527d9c0cf2e26 session=4eb22a24781d4801ad635deef5a48a9f generation=1 request=090c77497237482ea8dde05de9d92522 type=observation queue_s=0.000083 worker_s=0.009741
INFO 2026-09-29 19:12:41 e/server.py:574 Policy operation deployment=omx-act instance=4bc7a2bb48514cdaa75527d9c0cf2e26 session=4eb22a24781d4801ad635deef5a48a9f generation=1 request=92a3f89628ce4e2ab444569523de316e type=observation queue_s=0.000096 worker_s=0.009883
INFO 2026-09-29 19:12:41 e/server.py:574 Policy operation deployment=omx-act instance=4bc7a2bb48514cdaa75527d9c0cf2e26 session=4eb22a24781d4801ad635deef5a48a9f generation=1 request=31c8462d1e484cbdba0d59dedb499cc3 type=observation queue_s=0.000081 worker_s=0.010306
INFO 2026-09-29 19:12:41 e/server.py:574 Policy operation deployment=omx-act instance=4bc7a2bb48514cdaa75527d9c0cf2e26 session=4eb22a24781d4801ad635deef5a48a9f generation=1 request=bd3441adf0234f47be24415a91b4f874 type=observation queue_s=0.000096 worker_s=0.009886
INFO 2026-09-29 19:12:41 e/server.py:574 Policy operation deployment=omx-act instance=4bc7a2bb48514cdaa75527d9c0cf2e26 session=4eb22a24781d4801ad635deef5a48a9f generation=1 request=4703c5cbc6e44470b6449327d82659f2 type=observation queue_s=0.000077 worker_s=0.009585
INFO 2026-09-29 19:12:41 e/server.py:574 Policy operation deployment=omx-act instance=4bc7a2bb48514cdaa75527d9c0cf2e26 session=4eb22a24781d4801ad635deef5a48a9f generation=1 request=cea634b67871476383ad6b7a2030cd28 type=observation queue_s=0.000080 worker_s=0.009645
INFO 2026-09-29 19:12:41 e/server.py:574 Policy operation deployment=omx-act instance=4bc7a2bb48514cdaa75527d9c0cf2e26 session=4eb22a24781d4801ad635deef5a48a9f generation=1 request=2ab09dcbe3c048e8a4438d3c9a26f0b7 type=observation queue_s=0.000081 worker_s=0.009788
INFO 2026-09-29 19:12:41 e/server.py:574 Policy operation deployment=omx-act instance=4bc7a2bb48514cdaa75527d9c0cf2e26 session=4eb22a24781d4801ad635deef5a48a9f generation=1 request=49dc9bf2c83b4a8ca92db1b9018cd603 type=observation queue_s=0.000082 worker_s=0.009536
INFO 2026-09-29 19:12:41 e/server.py:574 Policy operation deployment=omx-act instance=4bc7a2bb48514cdaa75527d9c0cf2e26 session=4eb22a24781d4801ad635deef5a48a9f generation=1 request=5a90c01a8541440aab2bda8eec033b49 type=observation queue_s=0.000084 worker_s=0.009801
INFO 2026-09-29 19:12:41 e/server.py:574 Policy operation deployment=omx-act instance=4bc7a2bb48514cdaa75527d9c0cf2e26 session=4eb22a24781d4801ad635deef5a48a9f generation=1 request=58e3477e9ac44094b1cd3bbfec73dc40 type=observation queue_s=0.000089 worker_s=0.009879
INFO 2026-09-29 19:12:41 e/server.py:574 Policy operation deployment=omx-act instance=4bc7a2bb48514cdaa75527d9c0cf2e26 session=4eb22a24781d4801ad635deef5a48a9f generation=1 request=607c097dd2fd428bba7c572fceba760a type=observation queue_s=0.000125 worker_s=0.010033
INFO 2026-09-29 19:12:41 e/server.py:574 Policy operation deployment=omx-act instance=4bc7a2bb48514cdaa75527d9c0cf2e26 session=4eb22a24781d4801ad635deef5a48a9f generation=1 request=42262077bfc142dc9b25c21ff4100eb4 type=observation queue_s=0.000079 worker_s=0.009416
INFO 2026-09-29 19:12:42 e/server.py:574 Policy operation deployment=omx-act instance=4bc7a2bb48514cdaa75527d9c0cf2e26 session=4eb22a24781d4801ad635deef5a48a9f generation=1 request=e478dff9397a4029afc611e28608e7c7 type=observation queue_s=0.000099 worker_s=0.010261
INFO 2026-09-29 19:12:42 e/server.py:574 Policy operation deployment=omx-act instance=4bc7a2bb48514cdaa75527d9c0cf2e26 session=4eb22a24781d4801ad635deef5a48a9f generation=1 request=0db11ab116f14357a4b57d34a8f7fda9 type=observation queue_s=0.000035 worker_s=0.010687
INFO 2026-09-29 19:12:42 e/server.py:574 Policy operation deployment=omx-act instance=4bc7a2bb48514cdaa75527d9c0cf2e26 session=4eb22a24781d4801ad635deef5a48a9f generation=1 request=b57e5e732f3c47169e8e8b56d1fa6552 type=observation queue_s=0.000021 worker_s=0.009838
INFO 2026-09-29 19:12:42 e/server.py:574 Policy operation deployment=omx-act instance=4bc7a2bb48514cdaa75527d9c0cf2e26 session=4eb22a24781d4801ad635deef5a48a9f generation=1 request=39b9ea500f764c80aa787482f3cd1814 type=observation queue_s=0.000019 worker_s=0.009506
INFO 2026-09-29 19:12:42 e/server.py:574 Policy operation deployment=omx-act instance=4bc7a2bb48514cdaa75527d9c0cf2e26 session=4eb22a24781d4801ad635deef5a48a9f generation=1 request=61b25032d77b4f9893b722d8f52deac2 type=observation queue_s=0.000022 worker_s=0.009305
INFO 2026-09-29 19:12:42 e/server.py:574 Policy operation deployment=omx-act instance=4bc7a2bb48514cdaa75527d9c0cf2e26 session=4eb22a24781d4801ad635deef5a48a9f generation=1 request=bad4aa239dd9467ca3199fb9ec523026 type=observation queue_s=0.000018 worker_s=0.009496
INFO 2026-09-29 19:12:42 e/server.py:574 Policy operation deployment=omx-act instance=4bc7a2bb48514cdaa75527d9c0cf2e26 session=4eb22a24781d4801ad635deef5a48a9f generation=1 request=4b6e846279824fa9a8d5f1498027e4c3 type=observation queue_s=0.000021 worker_s=0.009846
INFO 2026-09-29 19:12:42 e/server.py:574 Policy operation deployment=omx-act instance=4bc7a2bb48514cdaa75527d9c0cf2e26 session=4eb22a24781d4801ad635deef5a48a9f generation=1 request=e0cee520ba9349049daf000994cf2c20 type=observation queue_s=0.000082 worker_s=0.010017
INFO 2026-09-29 19:12:42 e/server.py:574 Policy operation deployment=omx-act instance=4bc7a2bb48514cdaa75527d9c0cf2e26 session=4eb22a24781d4801ad635deef5a48a9f generation=1 request=dd31e799a93b4d94b336222322d25dad type=observation queue_s=0.000082 worker_s=0.010106
INFO 2026-09-29 19:12:42 e/server.py:574 Policy operation deployment=omx-act instance=4bc7a2bb48514cdaa75527d9c0cf2e26 session=4eb22a24781d4801ad635deef5a48a9f generation=1 request=521c1166979348259fad12bff12e7018 type=observation queue_s=0.000038 worker_s=0.011032
INFO 2026-09-29 19:12:42 e/server.py:574 Policy operation deployment=omx-act instance=4bc7a2bb48514cdaa75527d9c0cf2e26 session=4eb22a24781d4801ad635deef5a48a9f generation=1 request=7d51d048f3e94067ad78c8f89019da74 type=observation queue_s=0.000132 worker_s=0.010989
INFO 2026-09-29 19:12:42 e/server.py:574 Policy operation deployment=omx-act instance=4bc7a2bb48514cdaa75527d9c0cf2e26 session=4eb22a24781d4801ad635deef5a48a9f generation=1 request=dddcc78ca823493e80c16c881fd2d135 type=observation queue_s=0.000084 worker_s=0.009707
INFO 2026-09-29 19:12:42 e/server.py:574 Policy operation deployment=omx-act instance=4bc7a2bb48514cdaa75527d9c0cf2e26 session=4eb22a24781d4801ad635deef5a48a9f generation=1 request=f5b7efd5860748238477141d5789f7ed type=observation queue_s=0.000020 worker_s=0.009965
INFO 2026-09-29 19:12:42 e/server.py:574 Policy operation deployment=omx-act instance=4bc7a2bb48514cdaa75527d9c0cf2e26 session=4eb22a24781d4801ad635deef5a48a9f generation=1 request=fb68c25258c1490cb765ba679e81fff4 type=observation queue_s=0.000026 worker_s=0.010019
INFO 2026-09-29 19:12:42 e/server.py:574 Policy operation deployment=omx-act instance=4bc7a2bb48514cdaa75527d9c0cf2e26 session=4eb22a24781d4801ad635deef5a48a9f generation=1 request=f5ac98a0f5e84f68b48a140127577ab5 type=observation queue_s=0.000028 worker_s=0.010216
INFO 2026-09-29 19:12:42 e/server.py:574 Policy operation deployment=omx-act instance=4bc7a2bb48514cdaa75527d9c0cf2e26 session=4eb22a24781d4801ad635deef5a48a9f generation=1 request=7c0f5deed52d41a98e1aac77f8396ad8 type=observation queue_s=0.000024 worker_s=0.010407
INFO 2026-09-29 19:12:42 e/server.py:574 Policy operation deployment=omx-act instance=4bc7a2bb48514cdaa75527d9c0cf2e26 session=4eb22a24781d4801ad635deef5a48a9f generation=1 request=9706eb178ab64579a8ac2b8c297efc3e type=observation queue_s=0.000037 worker_s=0.010834
INFO 2026-09-29 19:12:42 e/server.py:574 Policy operation deployment=omx-act instance=4bc7a2bb48514cdaa75527d9c0cf2e26 session=4eb22a24781d4801ad635deef5a48a9f generation=1 request=c1c5690ba47149e3b5556e3738a22dfa type=observation queue_s=0.000025 worker_s=0.010271
INFO 2026-09-29 19:12:42 e/server.py:574 Policy operation deployment=omx-act instance=4bc7a2bb48514cdaa75527d9c0cf2e26 session=4eb22a24781d4801ad635deef5a48a9f generation=1 request=e3c2f888f2864ec6a8ca1ad14ac2c39c type=observation queue_s=0.000022 worker_s=0.010223
INFO 2026-09-29 19:12:42 e/server.py:574 Policy operation deployment=omx-act instance=4bc7a2bb48514cdaa75527d9c0cf2e26 session=4eb22a24781d4801ad635deef5a48a9f generation=1 request=73129a13421c4c31b38ca22504198ce0 type=observation queue_s=0.000129 worker_s=0.011573
INFO 2026-09-29 19:12:42 e/server.py:574 Policy operation deployment=omx-act instance=4bc7a2bb48514cdaa75527d9c0cf2e26 session=4eb22a24781d4801ad635deef5a48a9f generation=1 request=4c9d5dd8961342c1bafaefe2de008b0e type=observation queue_s=0.000093 worker_s=0.010327
INFO 2026-09-29 19:12:42 e/server.py:574 Policy operation deployment=omx-act instance=4bc7a2bb48514cdaa75527d9c0cf2e26 session=4eb22a24781d4801ad635deef5a48a9f generation=1 request=f0a3b4db1b4e4e159f3ebae816014921 type=observation queue_s=0.000092 worker_s=0.010404
INFO 2026-09-29 19:12:42 e/server.py:574 Policy operation deployment=omx-act instance=4bc7a2bb48514cdaa75527d9c0cf2e26 session=4eb22a24781d4801ad635deef5a48a9f generation=1 request=0f0afdaf61f542db9a6755851b8a0204 type=observation queue_s=0.000040 worker_s=0.010599
INFO 2026-09-29 19:12:42 e/server.py:574 Policy operation deployment=omx-act instance=4bc7a2bb48514cdaa75527d9c0cf2e26 session=4eb22a24781d4801ad635deef5a48a9f generation=1 request=65af17efe5fb4f019027b624debdafa2 type=observation queue_s=0.000020 worker_s=0.009742
INFO 2026-09-29 19:12:42 e/server.py:574 Policy operation deployment=omx-act instance=4bc7a2bb48514cdaa75527d9c0cf2e26 session=4eb22a24781d4801ad635deef5a48a9f generation=1 request=93a82e4e62e44ce6bb08952d14859e0d type=observation queue_s=0.000021 worker_s=0.010431
INFO 2026-09-29 19:12:42 e/server.py:574 Policy operation deployment=omx-act instance=4bc7a2bb48514cdaa75527d9c0cf2e26 session=4eb22a24781d4801ad635deef5a48a9f generation=1 request=be6ac48020b848bb82ff7345da28b9b4 type=observation queue_s=0.000074 worker_s=0.010655
INFO 2026-09-29 19:12:42 e/server.py:574 Policy operation deployment=omx-act instance=4bc7a2bb48514cdaa75527d9c0cf2e26 session=4eb22a24781d4801ad635deef5a48a9f generation=1 request=fc5364de0bc546ee979d1ce86c74cff4 type=observation queue_s=0.000134 worker_s=0.011074
INFO 2026-09-29 19:12:42 e/server.py:574 Policy operation deployment=omx-act instance=4bc7a2bb48514cdaa75527d9c0cf2e26 session=4eb22a24781d4801ad635deef5a48a9f generation=1 request=0221679e614f49598d6aa221879f3737 type=observation queue_s=0.000077 worker_s=0.011034
INFO 2026-09-29 19:12:43 e/server.py:574 Policy operation deployment=omx-act instance=4bc7a2bb48514cdaa75527d9c0cf2e26 session=4eb22a24781d4801ad635deef5a48a9f generation=1 request=5ce6fa79d76c48c394d4291eab5210b8 type=observation queue_s=0.000118 worker_s=0.010734
INFO 2026-09-29 19:12:43 e/server.py:574 Policy operation deployment=omx-act instance=4bc7a2bb48514cdaa75527d9c0cf2e26 session=4eb22a24781d4801ad635deef5a48a9f generation=1 request=20e87c7e101a4c1a9d6d3d7612501a08 type=observation queue_s=0.000143 worker_s=0.010479
INFO 2026-09-29 19:12:43 e/server.py:574 Policy operation deployment=omx-act instance=4bc7a2bb48514cdaa75527d9c0cf2e26 session=4eb22a24781d4801ad635deef5a48a9f generation=1 request=37313446ac6140a9800c4cdd54e050b2 type=observation queue_s=0.000092 worker_s=0.010212
INFO 2026-09-29 19:12:43 e/server.py:574 Policy operation deployment=omx-act instance=4bc7a2bb48514cdaa75527d9c0cf2e26 session=4eb22a24781d4801ad635deef5a48a9f generation=1 request=f3598807d9944ea2a5594ae12537bea1 type=observation queue_s=0.000117 worker_s=0.010126
INFO 2026-09-29 19:12:43 e/server.py:574 Policy operation deployment=omx-act instance=4bc7a2bb48514cdaa75527d9c0cf2e26 session=4eb22a24781d4801ad635deef5a48a9f generation=1 request=1bc4e4c765f44a4daa5ee73ca8a52d13 type=observation queue_s=0.000116 worker_s=0.010796
INFO 2026-09-29 19:12:43 e/server.py:574 Policy operation deployment=omx-act instance=4bc7a2bb48514cdaa75527d9c0cf2e26 session=4eb22a24781d4801ad635deef5a48a9f generation=1 request=0f3360e8ff8643d9b5542676b422d0e2 type=observation queue_s=0.000104 worker_s=0.010836
INFO 2026-09-29 19:12:43 e/server.py:574 Policy operation deployment=omx-act instance=4bc7a2bb48514cdaa75527d9c0cf2e26 session=4eb22a24781d4801ad635deef5a48a9f generation=1 request=a63f56d2a2d5418592b5c3f666664158 type=observation queue_s=0.000135 worker_s=0.010951
INFO 2026-09-29 19:12:43 e/server.py:574 Policy operation deployment=omx-act instance=4bc7a2bb48514cdaa75527d9c0cf2e26 session=4eb22a24781d4801ad635deef5a48a9f generation=1 request=ebfa81ec8e6d4c0a9cd2931459db464f type=observation queue_s=0.000036 worker_s=0.010645
INFO 2026-09-29 19:12:43 e/server.py:574 Policy operation deployment=omx-act instance=4bc7a2bb48514cdaa75527d9c0cf2e26 session=4eb22a24781d4801ad635deef5a48a9f generation=1 request=6ee04b0447d7406992a0b6947d8db8f3 type=observation queue_s=0.000019 worker_s=0.009579
INFO 2026-09-29 19:12:43 e/server.py:574 Policy operation deployment=omx-act instance=4bc7a2bb48514cdaa75527d9c0cf2e26 session=4eb22a24781d4801ad635deef5a48a9f generation=1 request=45c3fa2f51ed499ba3cc5fbdaaf58b64 type=observation queue_s=0.000030 worker_s=0.010065
INFO 2026-09-29 19:12:43 e/server.py:574 Policy operation deployment=omx-act instance=4bc7a2bb48514cdaa75527d9c0cf2e26 session=4eb22a24781d4801ad635deef5a48a9f generation=1 request=33dd5b18f60042c1bb425575a8db1d16 type=observation queue_s=0.000028 worker_s=0.010599
INFO 2026-09-29 19:12:43 e/server.py:574 Policy operation deployment=omx-act instance=4bc7a2bb48514cdaa75527d9c0cf2e26 session=4eb22a24781d4801ad635deef5a48a9f generation=1 request=42d63a8f8a3d4f85abd1742b57c54fa2 type=observation queue_s=0.000035 worker_s=0.011000
INFO 2026-09-29 19:12:43 e/server.py:574 Policy operation deployment=omx-act instance=4bc7a2bb48514cdaa75527d9c0cf2e26 session=4eb22a24781d4801ad635deef5a48a9f generation=1 request=0291a8f4bb2f4bb1871f3cbd2fed5c70 type=observation queue_s=0.000030 worker_s=0.010403
INFO 2026-09-29 19:12:43 e/server.py:574 Policy operation deployment=omx-act instance=4bc7a2bb48514cdaa75527d9c0cf2e26 session=4eb22a24781d4801ad635deef5a48a9f generation=1 request=102dee425af44e80b876850b872027d0 type=observation queue_s=0.000031 worker_s=0.010695
INFO 2026-09-29 19:12:43 e/server.py:574 Policy operation deployment=omx-act instance=4bc7a2bb48514cdaa75527d9c0cf2e26 session=4eb22a24781d4801ad635deef5a48a9f generation=1 request=eee6c2e6c5e84b5a95f93ce08458a47c type=observation queue_s=0.000030 worker_s=0.011033
INFO 2026-09-29 19:12:43 e/server.py:574 Policy operation deployment=omx-act instance=4bc7a2bb48514cdaa75527d9c0cf2e26 session=4eb22a24781d4801ad635deef5a48a9f generation=1 request=2ed03cb84abd410f8ff43ed25a47ea95 type=observation queue_s=0.000020 worker_s=0.010423
INFO 2026-09-29 19:12:43 e/server.py:574 Policy operation deployment=omx-act instance=4bc7a2bb48514cdaa75527d9c0cf2e26 session=4eb22a24781d4801ad635deef5a48a9f generation=1 request=20f7debb18cc489eaba55551a4f39123 type=observation queue_s=0.000034 worker_s=0.010787
INFO 2026-09-29 19:12:43 e/server.py:574 Policy operation deployment=omx-act instance=4bc7a2bb48514cdaa75527d9c0cf2e26 session=4eb22a24781d4801ad635deef5a48a9f generation=1 request=9bd27ac79c3e47db9e4848c723b1a9b8 type=observation queue_s=0.000088 worker_s=0.009627
INFO 2026-09-29 19:12:43 e/server.py:574 Policy operation deployment=omx-act instance=4bc7a2bb48514cdaa75527d9c0cf2e26 session=4eb22a24781d4801ad635deef5a48a9f generation=1 request=6acd8be7964f4424a24fb62ac111e325 type=observation queue_s=0.000120 worker_s=0.010927
INFO 2026-09-29 19:12:43 e/server.py:574 Policy operation deployment=omx-act instance=4bc7a2bb48514cdaa75527d9c0cf2e26 session=4eb22a24781d4801ad635deef5a48a9f generation=1 request=0a3e1a41c47748fc9e76bb500061b429 type=observation queue_s=0.000076 worker_s=0.010648
INFO 2026-09-29 19:12:43 e/server.py:574 Policy operation deployment=omx-act instance=4bc7a2bb48514cdaa75527d9c0cf2e26 session=4eb22a24781d4801ad635deef5a48a9f generation=1 request=1ee9fa1243cb4e2189d77dbfa2fc50d7 type=observation queue_s=0.000104 worker_s=0.010808
INFO 2026-09-29 19:12:43 e/server.py:574 Policy operation deployment=omx-act instance=4bc7a2bb48514cdaa75527d9c0cf2e26 session=4eb22a24781d4801ad635deef5a48a9f generation=1 request=4a671d5838854c189f3503497899aa33 type=observation queue_s=0.000108 worker_s=0.008446
INFO 2026-09-29 19:12:43 e/server.py:574 Policy operation deployment=omx-act instance=4bc7a2bb48514cdaa75527d9c0cf2e26 session=4eb22a24781d4801ad635deef5a48a9f generation=1 request=f7e8fc49dd694f22af9fd6e426977822 type=observation queue_s=0.000133 worker_s=0.009769
INFO 2026-09-29 19:12:43 e/server.py:574 Policy operation deployment=omx-act instance=4bc7a2bb48514cdaa75527d9c0cf2e26 session=4eb22a24781d4801ad635deef5a48a9f generation=1 request=e713969fc6c34fcc91a6b9bc821e9fff type=observation queue_s=0.000112 worker_s=0.008269
INFO 2026-09-29 19:12:43 e/server.py:574 Policy operation deployment=omx-act instance=4bc7a2bb48514cdaa75527d9c0cf2e26 session=4eb22a24781d4801ad635deef5a48a9f generation=1 request=59b2d74592314a05ab243df3a1038eb9 type=observation queue_s=0.000121 worker_s=0.009032
INFO 2026-09-29 19:12:43 e/server.py:574 Policy operation deployment=omx-act instance=4bc7a2bb48514cdaa75527d9c0cf2e26 session=4eb22a24781d4801ad635deef5a48a9f generation=1 request=060841c9d0744d20b10bbc6420227026 type=observation queue_s=0.000122 worker_s=0.008488
INFO 2026-09-29 19:12:43 e/server.py:574 Policy operation deployment=omx-act instance=4bc7a2bb48514cdaa75527d9c0cf2e26 session=4eb22a24781d4801ad635deef5a48a9f generation=1 request=5104c20343424eacb6d9183ac2026066 type=observation queue_s=0.000126 worker_s=0.008168
INFO 2026-09-29 19:12:43 e/server.py:574 Policy operation deployment=omx-act instance=4bc7a2bb48514cdaa75527d9c0cf2e26 session=4eb22a24781d4801ad635deef5a48a9f generation=1 request=ea32824495be4f7ebd1738cd0d43f356 type=observation queue_s=0.000154 worker_s=0.008515
INFO 2026-09-29 19:12:44 e/server.py:574 Policy operation deployment=omx-act instance=4bc7a2bb48514cdaa75527d9c0cf2e26 session=4eb22a24781d4801ad635deef5a48a9f generation=1 request=157eae561a924e8ca3b298de76570566 type=observation queue_s=0.000154 worker_s=0.008529
INFO 2026-09-29 19:12:44 e/server.py:574 Policy operation deployment=omx-act instance=4bc7a2bb48514cdaa75527d9c0cf2e26 session=4eb22a24781d4801ad635deef5a48a9f generation=1 request=0cf8677510eb4af481a1aa998653b124 type=observation queue_s=0.000105 worker_s=0.008794
INFO 2026-09-29 19:12:44 e/server.py:574 Policy operation deployment=omx-act instance=4bc7a2bb48514cdaa75527d9c0cf2e26 session=4eb22a24781d4801ad635deef5a48a9f generation=1 request=e33a0274d185402baec3e79e2e5b7c28 type=observation queue_s=0.000231 worker_s=0.008342
INFO 2026-09-29 19:12:44 e/server.py:574 Policy operation deployment=omx-act instance=4bc7a2bb48514cdaa75527d9c0cf2e26 session=4eb22a24781d4801ad635deef5a48a9f generation=1 request=66a987e5d3f74bc7abbd572f78ac56ca type=observation queue_s=0.000116 worker_s=0.009899
INFO 2026-09-29 19:12:44 e/server.py:574 Policy operation deployment=omx-act instance=4bc7a2bb48514cdaa75527d9c0cf2e26 session=4eb22a24781d4801ad635deef5a48a9f generation=1 request=1ec6ae57c1ab4d28a7ef665f93406ca3 type=observation queue_s=0.000179 worker_s=0.008250
INFO 2026-09-29 19:12:44 e/server.py:574 Policy operation deployment=omx-act instance=4bc7a2bb48514cdaa75527d9c0cf2e26 session=4eb22a24781d4801ad635deef5a48a9f generation=1 request=6d047f7f8ae64db2b7ffd25431d0f663 type=observation queue_s=0.000126 worker_s=0.009030
INFO 2026-09-29 19:12:44 e/server.py:574 Policy operation deployment=omx-act instance=4bc7a2bb48514cdaa75527d9c0cf2e26 session=4eb22a24781d4801ad635deef5a48a9f generation=1 request=f3b2c6ddc31f4036966ff3417e3a4918 type=observation queue_s=0.000168 worker_s=0.008417
INFO 2026-09-29 19:12:44 e/server.py:574 Policy operation deployment=omx-act instance=4bc7a2bb48514cdaa75527d9c0cf2e26 session=4eb22a24781d4801ad635deef5a48a9f generation=1 request=13036b97b321416986fecb37b5e340aa type=observation queue_s=0.000036 worker_s=0.007993
INFO 2026-09-29 19:12:44 e/server.py:574 Policy operation deployment=omx-act instance=4bc7a2bb48514cdaa75527d9c0cf2e26 session=4eb22a24781d4801ad635deef5a48a9f generation=1 request=22a7ae201e6b480da4125bef642ef630 type=observation queue_s=0.000094 worker_s=0.008890
INFO 2026-09-29 19:12:44 e/server.py:574 Policy operation deployment=omx-act instance=4bc7a2bb48514cdaa75527d9c0cf2e26 session=4eb22a24781d4801ad635deef5a48a9f generation=1 request=2f0be59cfcc847c4a483347f8c3ff83b type=observation queue_s=0.000098 worker_s=0.008361
INFO 2026-09-29 19:12:44 e/server.py:574 Policy operation deployment=omx-act instance=4bc7a2bb48514cdaa75527d9c0cf2e26 session=4eb22a24781d4801ad635deef5a48a9f generation=1 request=3307c42ee76042518aff5432382eaaf4 type=observation queue_s=0.000122 worker_s=0.008506
INFO 2026-09-29 19:12:44 e/server.py:574 Policy operation deployment=omx-act instance=4bc7a2bb48514cdaa75527d9c0cf2e26 session=4eb22a24781d4801ad635deef5a48a9f generation=1 request=2e6fccabbab347bc8cb5f32862e51a9a type=observation queue_s=0.000106 worker_s=0.008148
INFO 2026-09-29 19:12:44 e/server.py:574 Policy operation deployment=omx-act instance=4bc7a2bb48514cdaa75527d9c0cf2e26 session=4eb22a24781d4801ad635deef5a48a9f generation=1 request=e20a6aeece3640f3a39d467a8298b747 type=observation queue_s=0.000118 worker_s=0.007979
INFO 2026-09-29 19:12:44 e/server.py:574 Policy operation deployment=omx-act instance=4bc7a2bb48514cdaa75527d9c0cf2e26 session=4eb22a24781d4801ad635deef5a48a9f generation=1 request=d831d8d7c31f49d28e3dfd71a0532cc6 type=observation queue_s=0.000142 worker_s=0.008576
INFO 2026-09-29 19:12:44 e/server.py:574 Policy operation deployment=omx-act instance=4bc7a2bb48514cdaa75527d9c0cf2e26 session=4eb22a24781d4801ad635deef5a48a9f generation=1 request=3fc5c9af81f743c5b7adf8c30157535f type=observation queue_s=0.000172 worker_s=0.008994
INFO 2026-09-29 19:12:44 e/server.py:574 Policy operation deployment=omx-act instance=4bc7a2bb48514cdaa75527d9c0cf2e26 session=4eb22a24781d4801ad635deef5a48a9f generation=1 request=4396eebd74f441eb8822dea986f8e70a type=observation queue_s=0.000117 worker_s=0.008250
INFO 2026-09-29 19:12:44 e/server.py:574 Policy operation deployment=omx-act instance=4bc7a2bb48514cdaa75527d9c0cf2e26 session=4eb22a24781d4801ad635deef5a48a9f generation=1 request=ad8c6157f9a24c1a98c3a712fa786867 type=observation queue_s=0.000022 worker_s=0.007260
INFO 2026-09-29 19:12:44 e/server.py:574 Policy operation deployment=omx-act instance=4bc7a2bb48514cdaa75527d9c0cf2e26 session=4eb22a24781d4801ad635deef5a48a9f generation=1 request=f45dbb906cb843bb9ec3c8a83cac4fbf type=observation queue_s=0.000120 worker_s=0.087739
INFO 2026-09-29 19:12:44 e/server.py:574 Policy operation deployment=omx-act instance=4bc7a2bb48514cdaa75527d9c0cf2e26 session=4eb22a24781d4801ad635deef5a48a9f generation=1 request=0d165a1cb2bc45e99ce06dc86e5a74c7 type=observation queue_s=0.000119 worker_s=0.008969
INFO 2026-09-29 19:12:44 e/server.py:574 Policy operation deployment=omx-act instance=4bc7a2bb48514cdaa75527d9c0cf2e26 session=4eb22a24781d4801ad635deef5a48a9f generation=1 request=2f0b6b0e8eaf4f8b9f598ec5759479e5 type=observation queue_s=0.000125 worker_s=0.009664
INFO 2026-09-29 19:12:44 e/server.py:574 Policy operation deployment=omx-act instance=4bc7a2bb48514cdaa75527d9c0cf2e26 session=4eb22a24781d4801ad635deef5a48a9f generation=1 request=e4274bcc936c440dbffcfd8b21cd8eaa type=observation queue_s=0.000128 worker_s=0.009152
INFO 2026-09-29 19:12:44 e/server.py:574 Policy operation deployment=omx-act instance=4bc7a2bb48514cdaa75527d9c0cf2e26 session=4eb22a24781d4801ad635deef5a48a9f generation=1 request=96187c52a2724f998a4f02cf5095c3b9 type=observation queue_s=0.000118 worker_s=0.008821
INFO 2026-09-29 19:12:44 e/server.py:574 Policy operation deployment=omx-act instance=4bc7a2bb48514cdaa75527d9c0cf2e26 session=4eb22a24781d4801ad635deef5a48a9f generation=1 request=5429d17ad30640cab756df154204cef6 type=observation queue_s=0.000127 worker_s=0.009019
INFO 2026-09-29 19:12:44 e/server.py:574 Policy operation deployment=omx-act instance=4bc7a2bb48514cdaa75527d9c0cf2e26 session=4eb22a24781d4801ad635deef5a48a9f generation=1 request=bc8518f4c1f14dfcb4d67fcd8da923e3 type=observation queue_s=0.000147 worker_s=0.009097
INFO 2026-09-29 19:12:44 e/server.py:574 Policy operation deployment=omx-act instance=4bc7a2bb48514cdaa75527d9c0cf2e26 session=4eb22a24781d4801ad635deef5a48a9f generation=1 request=29d3584677c94f45bb4a22461835167b type=observation queue_s=0.000156 worker_s=0.008888
INFO 2026-09-29 19:12:44 e/server.py:574 Policy operation deployment=omx-act instance=4bc7a2bb48514cdaa75527d9c0cf2e26 session=4eb22a24781d4801ad635deef5a48a9f generation=1 request=204473f7ddaf4a239e7728d35d28682b type=observation queue_s=0.000123 worker_s=0.009137
INFO 2026-09-29 19:12:44 e/server.py:574 Policy operation deployment=omx-act instance=4bc7a2bb48514cdaa75527d9c0cf2e26 session=4eb22a24781d4801ad635deef5a48a9f generation=1 request=e13a99fbe0574d0ab201598a798a09e0 type=observation queue_s=0.000133 worker_s=0.008388
INFO 2026-09-29 19:12:45 e/server.py:574 Policy operation deployment=omx-act instance=4bc7a2bb48514cdaa75527d9c0cf2e26 session=4eb22a24781d4801ad635deef5a48a9f generation=1 request=5aba2bd65562452aa3648411696c1a3d type=observation queue_s=0.000031 worker_s=0.008979
INFO 2026-09-29 19:12:45 e/server.py:574 Policy operation deployment=omx-act instance=4bc7a2bb48514cdaa75527d9c0cf2e26 session=4eb22a24781d4801ad635deef5a48a9f generation=1 request=d04a8bac46c544f1a0f7fe285abdb206 type=observation queue_s=0.000126 worker_s=0.009580
INFO 2026-09-29 19:12:45 e/server.py:574 Policy operation deployment=omx-act instance=4bc7a2bb48514cdaa75527d9c0cf2e26 session=4eb22a24781d4801ad635deef5a48a9f generation=1 request=479c61882dd643f987767a8c66e91f32 type=observation queue_s=0.000115 worker_s=0.009325
INFO 2026-09-29 19:12:45 e/server.py:574 Policy operation deployment=omx-act instance=4bc7a2bb48514cdaa75527d9c0cf2e26 session=4eb22a24781d4801ad635deef5a48a9f generation=1 request=a16cfed5239f4e7e8e9279d3dab5914e type=observation queue_s=0.000168 worker_s=0.008699
INFO 2026-09-29 19:12:45 e/server.py:574 Policy operation deployment=omx-act instance=4bc7a2bb48514cdaa75527d9c0cf2e26 session=4eb22a24781d4801ad635deef5a48a9f generation=1 request=40febc2c7b6c4b9c89d426c837c1ae09 type=observation queue_s=0.000119 worker_s=0.009038
INFO 2026-09-29 19:12:45 e/server.py:574 Policy operation deployment=omx-act instance=4bc7a2bb48514cdaa75527d9c0cf2e26 session=4eb22a24781d4801ad635deef5a48a9f generation=1 request=238f6f9301a74b2b983c04f9b71b4b08 type=observation queue_s=0.000115 worker_s=0.009775
INFO 2026-09-29 19:12:45 e/server.py:574 Policy operation deployment=omx-act instance=4bc7a2bb48514cdaa75527d9c0cf2e26 session=4eb22a24781d4801ad635deef5a48a9f generation=1 request=c7b177ec396741b3a1ef0a894708e14a type=observation queue_s=0.000114 worker_s=0.009955
INFO 2026-09-29 19:12:45 e/server.py:574 Policy operation deployment=omx-act instance=4bc7a2bb48514cdaa75527d9c0cf2e26 session=4eb22a24781d4801ad635deef5a48a9f generation=1 request=344b47360739456b9be885bd19e34918 type=observation queue_s=0.000174 worker_s=0.009128
INFO 2026-09-29 19:12:45 e/server.py:574 Policy operation deployment=omx-act instance=4bc7a2bb48514cdaa75527d9c0cf2e26 session=4eb22a24781d4801ad635deef5a48a9f generation=1 request=715e416ce3484ba9a1f4eea5c2d69a05 type=observation queue_s=0.000123 worker_s=0.009398
INFO 2026-09-29 19:12:45 e/server.py:574 Policy operation deployment=omx-act instance=4bc7a2bb48514cdaa75527d9c0cf2e26 session=4eb22a24781d4801ad635deef5a48a9f generation=1 request=0509dcf4a4d84adcbaeb9d503d463c42 type=observation queue_s=0.000141 worker_s=0.009192
INFO 2026-09-29 19:12:45 e/server.py:574 Policy operation deployment=omx-act instance=4bc7a2bb48514cdaa75527d9c0cf2e26 session=4eb22a24781d4801ad635deef5a48a9f generation=1 request=143b64a9881c48f89d028fc67e349bb1 type=observation queue_s=0.000123 worker_s=0.009773
INFO 2026-09-29 19:12:45 e/server.py:574 Policy operation deployment=omx-act instance=4bc7a2bb48514cdaa75527d9c0cf2e26 session=4eb22a24781d4801ad635deef5a48a9f generation=1 request=cbe04050dc174f5f8c8d21cbbefbb519 type=observation queue_s=0.000189 worker_s=0.009447
INFO 2026-09-29 19:12:45 e/server.py:574 Policy operation deployment=omx-act instance=4bc7a2bb48514cdaa75527d9c0cf2e26 session=4eb22a24781d4801ad635deef5a48a9f generation=1 request=29f4d3ff0d0b41c5b3baaa93f34ec4b2 type=observation queue_s=0.000105 worker_s=0.008815
INFO 2026-09-29 19:12:45 e/server.py:574 Policy operation deployment=omx-act instance=4bc7a2bb48514cdaa75527d9c0cf2e26 session=4eb22a24781d4801ad635deef5a48a9f generation=1 request=ab496ac2c3e44183abecdcbc09575c0e type=observation queue_s=0.000121 worker_s=0.008957
INFO 2026-09-29 19:12:45 e/server.py:574 Policy operation deployment=omx-act instance=4bc7a2bb48514cdaa75527d9c0cf2e26 session=4eb22a24781d4801ad635deef5a48a9f generation=1 request=ebb4899456a14a93be7eb5cf6f86ec83 type=observation queue_s=0.000116 worker_s=0.008962
INFO 2026-09-29 19:12:45 e/server.py:574 Policy operation deployment=omx-act instance=4bc7a2bb48514cdaa75527d9c0cf2e26 session=4eb22a24781d4801ad635deef5a48a9f generation=1 request=e913e99c669b41abb5a30cd2ffef3b9a type=observation queue_s=0.000081 worker_s=0.009109
INFO 2026-09-29 19:12:45 e/server.py:574 Policy operation deployment=omx-act instance=4bc7a2bb48514cdaa75527d9c0cf2e26 session=4eb22a24781d4801ad635deef5a48a9f generation=1 request=d96bce6e55ce449b95ad0b14f8e6e3e0 type=observation queue_s=0.000121 worker_s=0.008435
INFO 2026-09-29 19:12:45 e/server.py:574 Policy operation deployment=omx-act instance=4bc7a2bb48514cdaa75527d9c0cf2e26 session=4eb22a24781d4801ad635deef5a48a9f generation=1 request=64951ecf7c3e4fdd861f3856e7510653 type=observation queue_s=0.000032 worker_s=0.008390
INFO 2026-09-29 19:12:45 e/server.py:574 Policy operation deployment=omx-act instance=4bc7a2bb48514cdaa75527d9c0cf2e26 session=4eb22a24781d4801ad635deef5a48a9f generation=1 request=155b0613e0e24704bc66ef99921bc2a1 type=observation queue_s=0.000108 worker_s=0.008810
INFO 2026-09-29 19:12:45 e/server.py:574 Policy operation deployment=omx-act instance=4bc7a2bb48514cdaa75527d9c0cf2e26 session=4eb22a24781d4801ad635deef5a48a9f generation=1 request=b640f27a36d6470c995b2a8f130b8503 type=observation queue_s=0.000151 worker_s=0.012330
INFO 2026-09-29 19:12:45 e/server.py:574 Policy operation deployment=omx-act instance=4bc7a2bb48514cdaa75527d9c0cf2e26 session=4eb22a24781d4801ad635deef5a48a9f generation=1 request=cbea224d1c2041f29b504301d2cb2cf0 type=observation queue_s=0.000053 worker_s=0.011105
INFO 2026-09-29 19:12:45 e/server.py:574 Policy operation deployment=omx-act instance=4bc7a2bb48514cdaa75527d9c0cf2e26 session=4eb22a24781d4801ad635deef5a48a9f generation=1 request=ea87112a1f314532b922d1fbf2b28c2e type=observation queue_s=0.000176 worker_s=0.011086
INFO 2026-09-29 19:12:45 e/server.py:574 Policy operation deployment=omx-act instance=4bc7a2bb48514cdaa75527d9c0cf2e26 session=4eb22a24781d4801ad635deef5a48a9f generation=1 request=eb781263b4ba405c988468379691a532 type=observation queue_s=0.000104 worker_s=0.011676
INFO 2026-09-29 19:12:45 e/server.py:574 Policy operation deployment=omx-act instance=4bc7a2bb48514cdaa75527d9c0cf2e26 session=4eb22a24781d4801ad635deef5a48a9f generation=1 request=1379af25456348cca1e698a2a7ffcc74 type=observation queue_s=0.000113 worker_s=0.011320
INFO 2026-09-29 19:12:45 e/server.py:574 Policy operation deployment=omx-act instance=4bc7a2bb48514cdaa75527d9c0cf2e26 session=4eb22a24781d4801ad635deef5a48a9f generation=1 request=1af9b51a7a394504be4bac8afff29552 type=observation queue_s=0.000122 worker_s=0.009937
INFO 2026-09-29 19:12:45 e/server.py:574 Policy operation deployment=omx-act instance=4bc7a2bb48514cdaa75527d9c0cf2e26 session=4eb22a24781d4801ad635deef5a48a9f generation=1 request=7b6fd4f5457148f596cf9f513522f876 type=observation queue_s=0.000129 worker_s=0.011020
INFO 2026-09-29 19:12:45 e/server.py:574 Policy operation deployment=omx-act instance=4bc7a2bb48514cdaa75527d9c0cf2e26 session=4eb22a24781d4801ad635deef5a48a9f generation=1 request=13e8e2eb5312431c84e4e3c4a6dd1dd3 type=observation queue_s=0.000103 worker_s=0.011009
INFO 2026-09-29 19:12:45 e/server.py:574 Policy operation deployment=omx-act instance=4bc7a2bb48514cdaa75527d9c0cf2e26 session=4eb22a24781d4801ad635deef5a48a9f generation=1 request=8b86ada2b9564d018fedddac0b3d201d type=observation queue_s=0.000091 worker_s=0.011405
INFO 2026-09-29 19:12:45 e/server.py:574 Policy operation deployment=omx-act instance=4bc7a2bb48514cdaa75527d9c0cf2e26 session=4eb22a24781d4801ad635deef5a48a9f generation=1 request=3d521eecc88c4274ad8d24a42c416a87 type=observation queue_s=0.000110 worker_s=0.010981
INFO 2026-09-29 19:12:46 e/server.py:574 Policy operation deployment=omx-act instance=4bc7a2bb48514cdaa75527d9c0cf2e26 session=4eb22a24781d4801ad635deef5a48a9f generation=1 request=1e367aeb61664f06b4a167ef10d04dfe type=observation queue_s=0.000100 worker_s=0.010345
INFO 2026-09-29 19:12:46 e/server.py:574 Policy operation deployment=omx-act instance=4bc7a2bb48514cdaa75527d9c0cf2e26 session=4eb22a24781d4801ad635deef5a48a9f generation=1 request=717ea0922ff740ca8b95a3ff23ba5893 type=observation queue_s=0.000110 worker_s=0.011615
INFO 2026-09-29 19:12:46 e/server.py:574 Policy operation deployment=omx-act instance=4bc7a2bb48514cdaa75527d9c0cf2e26 session=4eb22a24781d4801ad635deef5a48a9f generation=1 request=157d84cedde046819256d2012e367ee9 type=observation queue_s=0.000114 worker_s=0.011398
INFO 2026-09-29 19:12:46 e/server.py:574 Policy operation deployment=omx-act instance=4bc7a2bb48514cdaa75527d9c0cf2e26 session=4eb22a24781d4801ad635deef5a48a9f generation=1 request=336b46cb9a3f4842a0fd7c2dde41b764 type=observation queue_s=0.000081 worker_s=0.010889
INFO 2026-09-29 19:12:46 e/server.py:574 Policy operation deployment=omx-act instance=4bc7a2bb48514cdaa75527d9c0cf2e26 session=4eb22a24781d4801ad635deef5a48a9f generation=1 request=2a8d36c3d72343268ff2186187d57a3b type=observation queue_s=0.000119 worker_s=0.012116
INFO 2026-09-29 19:12:46 e/server.py:574 Policy operation deployment=omx-act instance=4bc7a2bb48514cdaa75527d9c0cf2e26 session=4eb22a24781d4801ad635deef5a48a9f generation=1 request=6df4fe1867314e26b753ee21161ab5cd type=observation queue_s=0.000119 worker_s=0.010905
INFO 2026-09-29 19:12:46 e/server.py:574 Policy operation deployment=omx-act instance=4bc7a2bb48514cdaa75527d9c0cf2e26 session=4eb22a24781d4801ad635deef5a48a9f generation=1 request=fcc9e376a31e48238269c64b4093b2d8 type=observation queue_s=0.000121 worker_s=0.010989
INFO 2026-09-29 19:12:46 e/server.py:574 Policy operation deployment=omx-act instance=4bc7a2bb48514cdaa75527d9c0cf2e26 session=4eb22a24781d4801ad635deef5a48a9f generation=1 request=a1d657b21aab42429e7c98cdcc5644c0 type=observation queue_s=0.000189 worker_s=0.010137
INFO 2026-09-29 19:12:46 e/server.py:574 Policy operation deployment=omx-act instance=4bc7a2bb48514cdaa75527d9c0cf2e26 session=4eb22a24781d4801ad635deef5a48a9f generation=1 request=fa571f13fcd64edfb2066d53393d0ddc type=observation queue_s=0.000137 worker_s=0.011123
INFO 2026-09-29 19:12:46 e/server.py:574 Policy operation deployment=omx-act instance=4bc7a2bb48514cdaa75527d9c0cf2e26 session=4eb22a24781d4801ad635deef5a48a9f generation=1 request=093e73f92be44fe6b75dfbc4187d6fb0 type=observation queue_s=0.000126 worker_s=0.013296
INFO 2026-09-29 19:12:46 e/server.py:574 Policy operation deployment=omx-act instance=4bc7a2bb48514cdaa75527d9c0cf2e26 session=4eb22a24781d4801ad635deef5a48a9f generation=1 request=711e2ffee2e74edb96cd565ba26cc915 type=observation queue_s=0.000023 worker_s=0.007755
INFO 2026-09-29 19:12:46 e/server.py:574 Policy operation deployment=omx-act instance=4bc7a2bb48514cdaa75527d9c0cf2e26 session=4eb22a24781d4801ad635deef5a48a9f generation=1 request=cba81944ba6c4bd094ce25dbfc0e063e type=observation queue_s=0.000027 worker_s=0.011046
INFO 2026-09-29 19:12:46 e/server.py:574 Policy operation deployment=omx-act instance=4bc7a2bb48514cdaa75527d9c0cf2e26 session=4eb22a24781d4801ad635deef5a48a9f generation=1 request=faee40e58ea34072984a88650c34a52f type=observation queue_s=0.000199 worker_s=0.010935
INFO 2026-09-29 19:12:46 e/server.py:574 Policy operation deployment=omx-act instance=4bc7a2bb48514cdaa75527d9c0cf2e26 session=4eb22a24781d4801ad635deef5a48a9f generation=1 request=ef6c4817d0e94f5b99514678dbb82ca4 type=observation queue_s=0.000121 worker_s=0.009227
INFO 2026-09-29 19:12:46 e/server.py:574 Policy operation deployment=omx-act instance=4bc7a2bb48514cdaa75527d9c0cf2e26 session=4eb22a24781d4801ad635deef5a48a9f generation=1 request=d321807cb7214d97bccf3e562521af63 type=observation queue_s=0.000141 worker_s=0.010970
INFO 2026-09-29 19:12:46 e/server.py:574 Policy operation deployment=omx-act instance=4bc7a2bb48514cdaa75527d9c0cf2e26 session=4eb22a24781d4801ad635deef5a48a9f generation=1 request=9f542518cbdb43d69a4a26350341626c type=observation queue_s=0.000136 worker_s=0.009333
INFO 2026-09-29 19:12:46 e/server.py:574 Policy operation deployment=omx-act instance=4bc7a2bb48514cdaa75527d9c0cf2e26 session=4eb22a24781d4801ad635deef5a48a9f generation=1 request=7972b0ec2c0c4f279d047306e4672dc6 type=observation queue_s=0.000094 worker_s=0.008647
INFO 2026-09-29 19:12:46 e/server.py:574 Policy operation deployment=omx-act instance=4bc7a2bb48514cdaa75527d9c0cf2e26 session=4eb22a24781d4801ad635deef5a48a9f generation=1 request=0b7aa762ced244c9a3fe1c3b3210d304 type=observation queue_s=0.000126 worker_s=0.008701
INFO 2026-09-29 19:12:46 e/server.py:574 Policy operation deployment=omx-act instance=4bc7a2bb48514cdaa75527d9c0cf2e26 session=4eb22a24781d4801ad635deef5a48a9f generation=1 request=5714a01d66644aafad9a818ffba7f9bc type=observation queue_s=0.000104 worker_s=0.009574
INFO 2026-09-29 19:12:46 e/server.py:574 Policy operation deployment=omx-act instance=4bc7a2bb48514cdaa75527d9c0cf2e26 session=4eb22a24781d4801ad635deef5a48a9f generation=1 request=b7c4c34a06b94647a5e2f96101a65b34 type=observation queue_s=0.000117 worker_s=0.009616
INFO 2026-09-29 19:12:46 e/server.py:574 Policy operation deployment=omx-act instance=4bc7a2bb48514cdaa75527d9c0cf2e26 session=4eb22a24781d4801ad635deef5a48a9f generation=1 request=46e79f681695478bba2ab66141c966b3 type=observation queue_s=0.000161 worker_s=0.008981
INFO 2026-09-29 19:12:46 e/server.py:574 Policy operation deployment=omx-act instance=4bc7a2bb48514cdaa75527d9c0cf2e26 session=4eb22a24781d4801ad635deef5a48a9f generation=1 request=fff3d70bb29c4b08b2c0108e9fd048a9 type=observation queue_s=0.000129 worker_s=0.008828
INFO 2026-09-29 19:12:46 e/server.py:574 Policy operation deployment=omx-act instance=4bc7a2bb48514cdaa75527d9c0cf2e26 session=4eb22a24781d4801ad635deef5a48a9f generation=1 request=5f750aa5f1174f3e9a21c9420aa6ebf2 type=observation queue_s=0.000125 worker_s=0.010814
INFO 2026-09-29 19:12:46 e/server.py:574 Policy operation deployment=omx-act instance=4bc7a2bb48514cdaa75527d9c0cf2e26 session=4eb22a24781d4801ad635deef5a48a9f generation=1 request=02db30738f444604a7d018206167d7a9 type=observation queue_s=0.000112 worker_s=0.009438
INFO 2026-09-29 19:12:46 e/server.py:574 Policy operation deployment=omx-act instance=4bc7a2bb48514cdaa75527d9c0cf2e26 session=4eb22a24781d4801ad635deef5a48a9f generation=1 request=468926c184fd416ebdcfcfd21e59ce85 type=observation queue_s=0.000156 worker_s=0.009159
INFO 2026-09-29 19:12:46 e/server.py:574 Policy operation deployment=omx-act instance=4bc7a2bb48514cdaa75527d9c0cf2e26 session=4eb22a24781d4801ad635deef5a48a9f generation=1 request=c6252a38ab294085a8c8d6c2a128f288 type=observation queue_s=0.000093 worker_s=0.009690
INFO 2026-09-29 19:12:46 e/server.py:574 Policy operation deployment=omx-act instance=4bc7a2bb48514cdaa75527d9c0cf2e26 session=4eb22a24781d4801ad635deef5a48a9f generation=1 request=6388d63007064d0ba51947e52335f785 type=observation queue_s=0.000165 worker_s=0.009986
INFO 2026-09-29 19:12:47 e/server.py:574 Policy operation deployment=omx-act instance=4bc7a2bb48514cdaa75527d9c0cf2e26 session=4eb22a24781d4801ad635deef5a48a9f generation=1 request=c28eed2ff83044699f2ba15d5d9c9128 type=observation queue_s=0.000205 worker_s=0.009361
INFO 2026-09-29 19:12:47 e/server.py:574 Policy operation deployment=omx-act instance=4bc7a2bb48514cdaa75527d9c0cf2e26 session=4eb22a24781d4801ad635deef5a48a9f generation=1 request=02089e7ceb1148d6a7130184191de5a6 type=observation queue_s=0.000210 worker_s=0.010184
INFO 2026-09-29 19:12:47 e/server.py:574 Policy operation deployment=omx-act instance=4bc7a2bb48514cdaa75527d9c0cf2e26 session=4eb22a24781d4801ad635deef5a48a9f generation=1 request=bfafa7b78701481da2a9e629aed80373 type=observation queue_s=0.000132 worker_s=0.008978
INFO 2026-09-29 19:12:47 e/server.py:574 Policy operation deployment=omx-act instance=4bc7a2bb48514cdaa75527d9c0cf2e26 session=4eb22a24781d4801ad635deef5a48a9f generation=1 request=f0e58099a95045c782acab8a9a514402 type=observation queue_s=0.000129 worker_s=0.008833
INFO 2026-09-29 19:12:47 e/server.py:574 Policy operation deployment=omx-act instance=4bc7a2bb48514cdaa75527d9c0cf2e26 session=4eb22a24781d4801ad635deef5a48a9f generation=1 request=d5625ebf25fc4943a663f6c7e938a490 type=observation queue_s=0.000131 worker_s=0.010598
INFO 2026-09-29 19:12:47 e/server.py:574 Policy operation deployment=omx-act instance=4bc7a2bb48514cdaa75527d9c0cf2e26 session=4eb22a24781d4801ad635deef5a48a9f generation=1 request=c4dc0c8640de4aec9a3a5ba3b89f5f54 type=observation queue_s=0.000123 worker_s=0.009394
INFO 2026-09-29 19:12:47 e/server.py:574 Policy operation deployment=omx-act instance=4bc7a2bb48514cdaa75527d9c0cf2e26 session=4eb22a24781d4801ad635deef5a48a9f generation=1 request=e9138a29b98840f187d8edab72629e81 type=observation queue_s=0.000140 worker_s=0.009437
INFO 2026-09-29 19:12:47 e/server.py:574 Policy operation deployment=omx-act instance=4bc7a2bb48514cdaa75527d9c0cf2e26 session=4eb22a24781d4801ad635deef5a48a9f generation=1 request=1737e4bc57ce4e34939164b4fd7b0dee type=observation queue_s=0.000122 worker_s=0.009237
INFO 2026-09-29 19:12:47 e/server.py:574 Policy operation deployment=omx-act instance=4bc7a2bb48514cdaa75527d9c0cf2e26 session=4eb22a24781d4801ad635deef5a48a9f generation=1 request=7cca7c85ce404c15950a69ce2b895852 type=observation queue_s=0.000166 worker_s=0.009445
INFO 2026-09-29 19:12:47 e/server.py:574 Policy operation deployment=omx-act instance=4bc7a2bb48514cdaa75527d9c0cf2e26 session=4eb22a24781d4801ad635deef5a48a9f generation=1 request=66db58a409f04fc1b0481a4c50d0837b type=observation queue_s=0.000125 worker_s=0.009279
INFO 2026-09-29 19:12:47 e/server.py:574 Policy operation deployment=omx-act instance=4bc7a2bb48514cdaa75527d9c0cf2e26 session=4eb22a24781d4801ad635deef5a48a9f generation=1 request=dbf878cfd08545beb0d919f4e6f71418 type=observation queue_s=0.000138 worker_s=0.009478
INFO 2026-09-29 19:12:47 e/server.py:574 Policy operation deployment=omx-act instance=4bc7a2bb48514cdaa75527d9c0cf2e26 session=4eb22a24781d4801ad635deef5a48a9f generation=1 request=0a31c6553914456fa21184691f1a4492 type=observation queue_s=0.000142 worker_s=0.008805
INFO 2026-09-29 19:12:47 e/server.py:574 Policy operation deployment=omx-act instance=4bc7a2bb48514cdaa75527d9c0cf2e26 session=4eb22a24781d4801ad635deef5a48a9f generation=1 request=7947d9cbe534409cafad889792ec0ca4 type=observation queue_s=0.000118 worker_s=0.008704
INFO 2026-09-29 19:12:47 e/server.py:574 Policy operation deployment=omx-act instance=4bc7a2bb48514cdaa75527d9c0cf2e26 session=4eb22a24781d4801ad635deef5a48a9f generation=1 request=6a52213601454773bb0f12b428453d9f type=observation queue_s=0.000116 worker_s=0.009035
INFO 2026-09-29 19:12:47 e/server.py:574 Policy operation deployment=omx-act instance=4bc7a2bb48514cdaa75527d9c0cf2e26 session=4eb22a24781d4801ad635deef5a48a9f generation=1 request=b47d8206b2f64069a9243019b5932489 type=observation queue_s=0.000163 worker_s=0.009120
INFO 2026-09-29 19:12:47 e/server.py:574 Policy operation deployment=omx-act instance=4bc7a2bb48514cdaa75527d9c0cf2e26 session=4eb22a24781d4801ad635deef5a48a9f generation=1 request=1cb4dceb314242398145a76b025873a5 type=observation queue_s=0.000116 worker_s=0.008934
INFO 2026-09-29 19:12:47 e/server.py:574 Policy operation deployment=omx-act instance=4bc7a2bb48514cdaa75527d9c0cf2e26 session=4eb22a24781d4801ad635deef5a48a9f generation=1 request=1de4527ad5734112aeea78f94aebbcc5 type=observation queue_s=0.000158 worker_s=0.010951
INFO 2026-09-29 19:12:47 e/server.py:574 Policy operation deployment=omx-act instance=4bc7a2bb48514cdaa75527d9c0cf2e26 session=4eb22a24781d4801ad635deef5a48a9f generation=1 request=547191dac47a4317b9d277c1aae1a9a5 type=observation queue_s=0.000165 worker_s=0.009146
INFO 2026-09-29 19:12:47 e/server.py:574 Policy operation deployment=omx-act instance=4bc7a2bb48514cdaa75527d9c0cf2e26 session=4eb22a24781d4801ad635deef5a48a9f generation=1 request=ea41f1eb252c40f089bea4a7a77f96f2 type=observation queue_s=0.000117 worker_s=0.009724
INFO 2026-09-29 19:12:47 e/server.py:574 Policy operation deployment=omx-act instance=4bc7a2bb48514cdaa75527d9c0cf2e26 session=4eb22a24781d4801ad635deef5a48a9f generation=1 request=3667c2ba8d75400798b69aef161db417 type=observation queue_s=0.000126 worker_s=0.009331
INFO 2026-09-29 19:12:47 e/server.py:574 Policy operation deployment=omx-act instance=4bc7a2bb48514cdaa75527d9c0cf2e26 session=4eb22a24781d4801ad635deef5a48a9f generation=1 request=59a303c7da5d4ca996e8564a8c8c1d15 type=observation queue_s=0.000191 worker_s=0.009442
INFO 2026-09-29 19:12:47 e/server.py:574 Policy operation deployment=omx-act instance=4bc7a2bb48514cdaa75527d9c0cf2e26 session=4eb22a24781d4801ad635deef5a48a9f generation=1 request=7dafd7b599be4270b8a7180c8a757081 type=observation queue_s=0.000113 worker_s=0.009786
INFO 2026-09-29 19:12:47 e/server.py:574 Policy operation deployment=omx-act instance=4bc7a2bb48514cdaa75527d9c0cf2e26 session=4eb22a24781d4801ad635deef5a48a9f generation=1 request=9612eae5699f40e488b9b2843f2007a1 type=observation queue_s=0.000177 worker_s=0.007566
INFO 2026-09-29 19:12:47 e/server.py:574 Policy operation deployment=omx-act instance=4bc7a2bb48514cdaa75527d9c0cf2e26 session=4eb22a24781d4801ad635deef5a48a9f generation=1 request=986466c985724cec97e5017996c2577b type=observation queue_s=0.000130 worker_s=0.009107
INFO 2026-09-29 19:12:47 e/server.py:574 Policy operation deployment=omx-act instance=4bc7a2bb48514cdaa75527d9c0cf2e26 session=4eb22a24781d4801ad635deef5a48a9f generation=1 request=b7e79cb6abda4c6b8678577a23a5ebf8 type=observation queue_s=0.000106 worker_s=0.009083
INFO 2026-09-29 19:12:47 e/server.py:574 Policy operation deployment=omx-act instance=4bc7a2bb48514cdaa75527d9c0cf2e26 session=4eb22a24781d4801ad635deef5a48a9f generation=1 request=8cb17eb28c6049dfb6c4df6069a3a6a5 type=observation queue_s=0.000132 worker_s=0.009156
INFO 2026-09-29 19:12:47 e/server.py:574 Policy operation deployment=omx-act instance=4bc7a2bb48514cdaa75527d9c0cf2e26 session=4eb22a24781d4801ad635deef5a48a9f generation=1 request=572bd3e89165471a8ea6a239ff25ad76 type=observation queue_s=0.000187 worker_s=0.009138
INFO 2026-09-29 19:12:47 e/server.py:574 Policy operation deployment=omx-act instance=4bc7a2bb48514cdaa75527d9c0cf2e26 session=4eb22a24781d4801ad635deef5a48a9f generation=1 request=b08f75bb500e4087801cfcfd76a73b63 type=observation queue_s=0.000139 worker_s=0.009220
INFO 2026-09-29 19:12:48 e/server.py:574 Policy operation deployment=omx-act instance=4bc7a2bb48514cdaa75527d9c0cf2e26 session=4eb22a24781d4801ad635deef5a48a9f generation=1 request=6ad2997f395943ed8c57be3b650bf9ab type=observation queue_s=0.000128 worker_s=0.009457
INFO 2026-09-29 19:12:48 e/server.py:574 Policy operation deployment=omx-act instance=4bc7a2bb48514cdaa75527d9c0cf2e26 session=4eb22a24781d4801ad635deef5a48a9f generation=1 request=f2bac6afb59043d7b395a82761d09530 type=observation queue_s=0.000130 worker_s=0.010018
INFO 2026-09-29 19:12:48 e/server.py:574 Policy operation deployment=omx-act instance=4bc7a2bb48514cdaa75527d9c0cf2e26 session=4eb22a24781d4801ad635deef5a48a9f generation=1 request=f1579a5b3b334b4bb1061bc24fd05327 type=observation queue_s=0.000184 worker_s=0.009395
INFO 2026-09-29 19:12:48 e/server.py:574 Policy operation deployment=omx-act instance=4bc7a2bb48514cdaa75527d9c0cf2e26 session=4eb22a24781d4801ad635deef5a48a9f generation=1 request=47692eb2eb454318aa136ecae86cceee type=observation queue_s=0.000124 worker_s=0.008827
INFO 2026-09-29 19:12:48 e/server.py:574 Policy operation deployment=omx-act instance=4bc7a2bb48514cdaa75527d9c0cf2e26 session=4eb22a24781d4801ad635deef5a48a9f generation=1 request=89860147dc124fc49c5c638a1f091416 type=observation queue_s=0.000117 worker_s=0.009413
INFO 2026-09-29 19:12:48 e/server.py:574 Policy operation deployment=omx-act instance=4bc7a2bb48514cdaa75527d9c0cf2e26 session=4eb22a24781d4801ad635deef5a48a9f generation=1 request=7a80f88e962e424bbf472c9f202b7847 type=observation queue_s=0.000135 worker_s=0.009805
INFO 2026-09-29 19:12:48 e/server.py:574 Policy operation deployment=omx-act instance=4bc7a2bb48514cdaa75527d9c0cf2e26 session=4eb22a24781d4801ad635deef5a48a9f generation=1 request=643a7218d50945f1acffe6b8573477f5 type=observation queue_s=0.000176 worker_s=0.010140
INFO 2026-09-29 19:12:48 e/server.py:574 Policy operation deployment=omx-act instance=4bc7a2bb48514cdaa75527d9c0cf2e26 session=4eb22a24781d4801ad635deef5a48a9f generation=1 request=c967d8d5148d406bbf0b5086229a94e6 type=observation queue_s=0.000204 worker_s=0.009254
INFO 2026-09-29 19:12:48 e/server.py:574 Policy operation deployment=omx-act instance=4bc7a2bb48514cdaa75527d9c0cf2e26 session=4eb22a24781d4801ad635deef5a48a9f generation=1 request=fc0d3b98887f40f181075540e520f122 type=observation queue_s=0.000133 worker_s=0.009420
INFO 2026-09-29 19:12:48 e/server.py:574 Policy operation deployment=omx-act instance=4bc7a2bb48514cdaa75527d9c0cf2e26 session=4eb22a24781d4801ad635deef5a48a9f generation=1 request=210d2740bd6f406c991fc6a1eb426fcc type=observation queue_s=0.000117 worker_s=0.009575
INFO 2026-09-29 19:12:48 e/server.py:574 Policy operation deployment=omx-act instance=4bc7a2bb48514cdaa75527d9c0cf2e26 session=4eb22a24781d4801ad635deef5a48a9f generation=1 request=63826dfe87ac4605b1cf269af2fc9f6a type=observation queue_s=0.000148 worker_s=0.010163
INFO 2026-09-29 19:12:48 e/server.py:574 Policy operation deployment=omx-act instance=4bc7a2bb48514cdaa75527d9c0cf2e26 session=4eb22a24781d4801ad635deef5a48a9f generation=1 request=302f8cb99fe74adfb2ae679620a680be type=observation queue_s=0.000141 worker_s=0.009724
INFO 2026-09-29 19:12:48 e/server.py:574 Policy operation deployment=omx-act instance=4bc7a2bb48514cdaa75527d9c0cf2e26 session=4eb22a24781d4801ad635deef5a48a9f generation=1 request=aec764435cce4d429eceda24cbd83fd2 type=observation queue_s=0.000133 worker_s=0.009286
INFO 2026-09-29 19:12:48 e/server.py:574 Policy operation deployment=omx-act instance=4bc7a2bb48514cdaa75527d9c0cf2e26 session=4eb22a24781d4801ad635deef5a48a9f generation=1 request=728b661a968e4f7cb4c7230be4669faf type=observation queue_s=0.000131 worker_s=0.008937
INFO 2026-09-29 19:12:48 e/server.py:574 Policy operation deployment=omx-act instance=4bc7a2bb48514cdaa75527d9c0cf2e26 session=4eb22a24781d4801ad635deef5a48a9f generation=1 request=5183b7fa2fcf4b1480e70dedb406591c type=observation queue_s=0.000133 worker_s=0.009746
INFO 2026-09-29 19:12:48 e/server.py:574 Policy operation deployment=omx-act instance=4bc7a2bb48514cdaa75527d9c0cf2e26 session=4eb22a24781d4801ad635deef5a48a9f generation=1 request=b6f96264380449a1bf21bacd67f69fb8 type=observation queue_s=0.000166 worker_s=0.009725
INFO 2026-09-29 19:12:48 e/server.py:574 Policy operation deployment=omx-act instance=4bc7a2bb48514cdaa75527d9c0cf2e26 session=4eb22a24781d4801ad635deef5a48a9f generation=1 request=65978af25d2247beae3117a1a313be14 type=observation queue_s=0.000140 worker_s=0.009658
INFO 2026-09-29 19:12:48 e/server.py:574 Policy operation deployment=omx-act instance=4bc7a2bb48514cdaa75527d9c0cf2e26 session=4eb22a24781d4801ad635deef5a48a9f generation=1 request=995e1714cb864b5e9c9c0a0e487c281b type=observation queue_s=0.000131 worker_s=0.008875
INFO 2026-09-29 19:12:48 e/server.py:574 Policy operation deployment=omx-act instance=4bc7a2bb48514cdaa75527d9c0cf2e26 session=4eb22a24781d4801ad635deef5a48a9f generation=1 request=b7fe3ee441d741178669a9e9a3396ebf type=observation queue_s=0.000137 worker_s=0.009403
INFO 2026-09-29 19:12:48 e/server.py:574 Policy operation deployment=omx-act instance=4bc7a2bb48514cdaa75527d9c0cf2e26 session=4eb22a24781d4801ad635deef5a48a9f generation=1 request=61419ef4b6e84e7ca889d9554f7c0a55 type=observation queue_s=0.000138 worker_s=0.009370
INFO 2026-09-29 19:12:48 e/server.py:574 Policy operation deployment=omx-act instance=4bc7a2bb48514cdaa75527d9c0cf2e26 session=4eb22a24781d4801ad635deef5a48a9f generation=1 request=8eee602a4eaa46d58eda63d7c5df82dc type=observation queue_s=0.000124 worker_s=0.009316
INFO 2026-09-29 19:12:48 e/server.py:574 Policy operation deployment=omx-act instance=4bc7a2bb48514cdaa75527d9c0cf2e26 session=4eb22a24781d4801ad635deef5a48a9f generation=1 request=753124e0c9b94baeb7995645ac062001 type=observation queue_s=0.000155 worker_s=0.010009
INFO 2026-09-29 19:12:48 e/server.py:574 Policy operation deployment=omx-act instance=4bc7a2bb48514cdaa75527d9c0cf2e26 session=4eb22a24781d4801ad635deef5a48a9f generation=1 request=b3ee4e1bb0ea47089cbc353d5ec0f962 type=observation queue_s=0.000170 worker_s=0.008628
INFO 2026-09-29 19:12:48 e/server.py:574 Policy operation deployment=omx-act instance=4bc7a2bb48514cdaa75527d9c0cf2e26 session=4eb22a24781d4801ad635deef5a48a9f generation=1 request=797122991e2642d4b2e42a2c49751f0a type=observation queue_s=0.000163 worker_s=0.009373
INFO 2026-09-29 19:12:48 e/server.py:574 Policy operation deployment=omx-act instance=4bc7a2bb48514cdaa75527d9c0cf2e26 session=4eb22a24781d4801ad635deef5a48a9f generation=1 request=871034fcdb674a5eb11b562fc0d8fa88 type=observation queue_s=0.000133 worker_s=0.012893
INFO 2026-09-29 19:12:48 e/server.py:574 Policy operation deployment=omx-act instance=4bc7a2bb48514cdaa75527d9c0cf2e26 session=4eb22a24781d4801ad635deef5a48a9f generation=1 request=944f396343fb433a947f6a4bce7199a1 type=observation queue_s=0.000118 worker_s=0.011838
INFO 2026-09-29 19:12:48 e/server.py:574 Policy operation deployment=omx-act instance=4bc7a2bb48514cdaa75527d9c0cf2e26 session=4eb22a24781d4801ad635deef5a48a9f generation=1 request=9c70b924c0b644abbf027fd3a883c981 type=observation queue_s=0.000087 worker_s=0.011416
INFO 2026-09-29 19:12:49 e/server.py:574 Policy operation deployment=omx-act instance=4bc7a2bb48514cdaa75527d9c0cf2e26 session=4eb22a24781d4801ad635deef5a48a9f generation=1 request=c1264144ffd94b1b9b93308fa7a6eaa0 type=observation queue_s=0.000085 worker_s=0.010596
INFO 2026-09-29 19:12:49 e/server.py:574 Policy operation deployment=omx-act instance=4bc7a2bb48514cdaa75527d9c0cf2e26 session=4eb22a24781d4801ad635deef5a48a9f generation=1 request=a836261184ac45bfacf824634d9542ad type=observation queue_s=0.000116 worker_s=0.010853
INFO 2026-09-29 19:12:49 e/server.py:574 Policy operation deployment=omx-act instance=4bc7a2bb48514cdaa75527d9c0cf2e26 session=4eb22a24781d4801ad635deef5a48a9f generation=1 request=aa48c12bc9df4a0f8d062e49f7e3af9c type=observation queue_s=0.000216 worker_s=0.010358
INFO 2026-09-29 19:12:49 e/server.py:574 Policy operation deployment=omx-act instance=4bc7a2bb48514cdaa75527d9c0cf2e26 session=4eb22a24781d4801ad635deef5a48a9f generation=1 request=5da7858ad1ce46a99afbc719bc1d4f45 type=observation queue_s=0.000177 worker_s=0.011150
INFO 2026-09-29 19:12:49 e/server.py:574 Policy operation deployment=omx-act instance=4bc7a2bb48514cdaa75527d9c0cf2e26 session=4eb22a24781d4801ad635deef5a48a9f generation=1 request=52e2211fec8e498eb1b0ebe713899d09 type=observation queue_s=0.000118 worker_s=0.009783
INFO 2026-09-29 19:12:49 e/server.py:574 Policy operation deployment=omx-act instance=4bc7a2bb48514cdaa75527d9c0cf2e26 session=4eb22a24781d4801ad635deef5a48a9f generation=1 request=f21b196085ab48a09bf8a0838c71b6ca type=observation queue_s=0.000126 worker_s=0.010358
INFO 2026-09-29 19:12:49 e/server.py:574 Policy operation deployment=omx-act instance=4bc7a2bb48514cdaa75527d9c0cf2e26 session=4eb22a24781d4801ad635deef5a48a9f generation=1 request=cbba19a6b9eb4ade863513cd97dd504e type=observation queue_s=0.000134 worker_s=0.008895
INFO 2026-09-29 19:12:49 e/server.py:574 Policy operation deployment=omx-act instance=4bc7a2bb48514cdaa75527d9c0cf2e26 session=4eb22a24781d4801ad635deef5a48a9f generation=1 request=f812a2c0c66c4c2ea88c0e2fec33c473 type=observation queue_s=0.000110 worker_s=0.009222
INFO 2026-09-29 19:12:49 e/server.py:574 Policy operation deployment=omx-act instance=4bc7a2bb48514cdaa75527d9c0cf2e26 session=4eb22a24781d4801ad635deef5a48a9f generation=1 request=b8065f26aafb4bfb96b03137d4bf1b3d type=observation queue_s=0.000132 worker_s=0.009767
INFO 2026-09-29 19:12:49 e/server.py:574 Policy operation deployment=omx-act instance=4bc7a2bb48514cdaa75527d9c0cf2e26 session=4eb22a24781d4801ad635deef5a48a9f generation=1 request=0dfa5d1c9c5547c2bbf92e12ccc4c4b2 type=observation queue_s=0.000132 worker_s=0.009780
INFO 2026-09-29 19:12:49 e/server.py:574 Policy operation deployment=omx-act instance=4bc7a2bb48514cdaa75527d9c0cf2e26 session=4eb22a24781d4801ad635deef5a48a9f generation=1 request=ab3a88650df6498b923518efc147fddf type=observation queue_s=0.000187 worker_s=0.009923
INFO 2026-09-29 19:12:49 e/server.py:574 Policy operation deployment=omx-act instance=4bc7a2bb48514cdaa75527d9c0cf2e26 session=4eb22a24781d4801ad635deef5a48a9f generation=1 request=2ffbe0e80bff430aba86a7f8c41506a2 type=observation queue_s=0.000135 worker_s=0.009271
INFO 2026-09-29 19:12:49 e/server.py:574 Policy operation deployment=omx-act instance=4bc7a2bb48514cdaa75527d9c0cf2e26 session=4eb22a24781d4801ad635deef5a48a9f generation=1 request=66f8bb39f56544e0a2cf46b0755bc492 type=observation queue_s=0.000131 worker_s=0.009424
INFO 2026-09-29 19:12:49 e/server.py:574 Policy operation deployment=omx-act instance=4bc7a2bb48514cdaa75527d9c0cf2e26 session=4eb22a24781d4801ad635deef5a48a9f generation=1 request=3646501151c740779e94578119112cb2 type=observation queue_s=0.000145 worker_s=0.009371
INFO 2026-09-29 19:12:49 e/server.py:574 Policy operation deployment=omx-act instance=4bc7a2bb48514cdaa75527d9c0cf2e26 session=4eb22a24781d4801ad635deef5a48a9f generation=1 request=ff70cffd6c7a46168fecd222fd25e48e type=observation queue_s=0.000161 worker_s=0.009176
INFO 2026-09-29 19:12:49 e/server.py:574 Policy operation deployment=omx-act instance=4bc7a2bb48514cdaa75527d9c0cf2e26 session=4eb22a24781d4801ad635deef5a48a9f generation=1 request=a0892559a978426b8412658e3e140b30 type=observation queue_s=0.000191 worker_s=0.009351
INFO 2026-09-29 19:12:49 e/server.py:574 Policy operation deployment=omx-act instance=4bc7a2bb48514cdaa75527d9c0cf2e26 session=4eb22a24781d4801ad635deef5a48a9f generation=1 request=4eaa846fde7b455887d3b327add42587 type=observation queue_s=0.000152 worker_s=0.010793
INFO 2026-09-29 19:12:49 e/server.py:574 Policy operation deployment=omx-act instance=4bc7a2bb48514cdaa75527d9c0cf2e26 session=4eb22a24781d4801ad635deef5a48a9f generation=1 request=499b3e43740d454aadd00654e1a44f90 type=observation queue_s=0.000133 worker_s=0.008986
INFO 2026-09-29 19:12:49 e/server.py:574 Policy operation deployment=omx-act instance=4bc7a2bb48514cdaa75527d9c0cf2e26 session=4eb22a24781d4801ad635deef5a48a9f generation=1 request=fadc2576ec9b46099a7bc06934095f3b type=observation queue_s=0.000107 worker_s=0.010551
INFO 2026-09-29 19:12:49 e/server.py:574 Policy operation deployment=omx-act instance=4bc7a2bb48514cdaa75527d9c0cf2e26 session=4eb22a24781d4801ad635deef5a48a9f generation=1 request=af480a14a81f4792a9dd2a4c8501ec7e type=observation queue_s=0.000130 worker_s=0.009117
INFO 2026-09-29 19:12:49 e/server.py:574 Policy operation deployment=omx-act instance=4bc7a2bb48514cdaa75527d9c0cf2e26 session=4eb22a24781d4801ad635deef5a48a9f generation=1 request=4ffc3c73438749988a4260bef3f64f58 type=observation queue_s=0.000137 worker_s=0.009725
INFO 2026-09-29 19:12:49 e/server.py:574 Policy operation deployment=omx-act instance=4bc7a2bb48514cdaa75527d9c0cf2e26 session=4eb22a24781d4801ad635deef5a48a9f generation=1 request=c1c39e187b154624935e18e281c96275 type=observation queue_s=0.000114 worker_s=0.009761
INFO 2026-09-29 19:12:49 e/server.py:574 Policy operation deployment=omx-act instance=4bc7a2bb48514cdaa75527d9c0cf2e26 session=4eb22a24781d4801ad635deef5a48a9f generation=1 request=08855eeb846b4a4fb916db407596cee2 type=observation queue_s=0.000129 worker_s=0.009715
INFO 2026-09-29 19:12:49 e/server.py:574 Policy operation deployment=omx-act instance=4bc7a2bb48514cdaa75527d9c0cf2e26 session=4eb22a24781d4801ad635deef5a48a9f generation=1 request=bcc93c5ef52a4dd9b57c1b2cb4f95fe9 type=observation queue_s=0.000121 worker_s=0.008254
INFO 2026-09-29 19:12:49 e/server.py:574 Policy operation deployment=omx-act instance=4bc7a2bb48514cdaa75527d9c0cf2e26 session=4eb22a24781d4801ad635deef5a48a9f generation=1 request=83fc2e5e01d94f98825b2aca7eec2266 type=observation queue_s=0.000124 worker_s=0.009535
INFO 2026-09-29 19:12:49 e/server.py:574 Policy operation deployment=omx-act instance=4bc7a2bb48514cdaa75527d9c0cf2e26 session=4eb22a24781d4801ad635deef5a48a9f generation=1 request=273d6c3ac9844575a039e5cc1276c910 type=observation queue_s=0.000108 worker_s=0.009579
INFO 2026-09-29 19:12:49 e/server.py:574 Policy operation deployment=omx-act instance=4bc7a2bb48514cdaa75527d9c0cf2e26 session=4eb22a24781d4801ad635deef5a48a9f generation=1 request=fdf8708c66d944359a6f3acada44ab7f type=observation queue_s=0.000120 worker_s=0.009231
INFO 2026-09-29 19:12:49 e/server.py:574 Policy operation deployment=omx-act instance=4bc7a2bb48514cdaa75527d9c0cf2e26 session=4eb22a24781d4801ad635deef5a48a9f generation=1 request=62c1d788ac814cecb9f73c4774056ac3 type=observation queue_s=0.000137 worker_s=0.009697
INFO 2026-09-29 19:12:50 e/server.py:574 Policy operation deployment=omx-act instance=4bc7a2bb48514cdaa75527d9c0cf2e26 session=4eb22a24781d4801ad635deef5a48a9f generation=1 request=a913746c455c4fb5817b78296dbfc3de type=observation queue_s=0.000121 worker_s=0.009086
INFO 2026-09-29 19:12:50 e/server.py:574 Policy operation deployment=omx-act instance=4bc7a2bb48514cdaa75527d9c0cf2e26 session=4eb22a24781d4801ad635deef5a48a9f generation=1 request=78478f0429324a1da3e9cf12380eb6a1 type=observation queue_s=0.000125 worker_s=0.009001
INFO 2026-09-29 19:12:50 e/server.py:574 Policy operation deployment=omx-act instance=4bc7a2bb48514cdaa75527d9c0cf2e26 session=4eb22a24781d4801ad635deef5a48a9f generation=1 request=7dd2368d84104344a4b2b673aeef374b type=observation queue_s=0.000199 worker_s=0.008760
INFO 2026-09-29 19:12:50 e/server.py:574 Policy operation deployment=omx-act instance=4bc7a2bb48514cdaa75527d9c0cf2e26 session=4eb22a24781d4801ad635deef5a48a9f generation=1 request=5b9325d11f9e454d94295944e73b1077 type=observation queue_s=0.000122 worker_s=0.008161
INFO 2026-09-29 19:12:50 e/server.py:574 Policy operation deployment=omx-act instance=4bc7a2bb48514cdaa75527d9c0cf2e26 session=4eb22a24781d4801ad635deef5a48a9f generation=1 request=4872e6b7f576495582cd2438a91cfa3f type=observation queue_s=0.000122 worker_s=0.008617
INFO 2026-09-29 19:12:50 e/server.py:574 Policy operation deployment=omx-act instance=4bc7a2bb48514cdaa75527d9c0cf2e26 session=4eb22a24781d4801ad635deef5a48a9f generation=1 request=54986a0df05f4d7086c5a2a52ceaf968 type=observation queue_s=0.000129 worker_s=0.008870
INFO 2026-09-29 19:12:50 e/server.py:574 Policy operation deployment=omx-act instance=4bc7a2bb48514cdaa75527d9c0cf2e26 session=4eb22a24781d4801ad635deef5a48a9f generation=1 request=a70cc980fc6d437291180b316b47a8d6 type=observation queue_s=0.000134 worker_s=0.008774
INFO 2026-09-29 19:12:50 e/server.py:574 Policy operation deployment=omx-act instance=4bc7a2bb48514cdaa75527d9c0cf2e26 session=4eb22a24781d4801ad635deef5a48a9f generation=1 request=555f053e93904d5da755307a3fea17ac type=observation queue_s=0.000128 worker_s=0.009169
INFO 2026-09-29 19:12:50 e/server.py:574 Policy operation deployment=omx-act instance=4bc7a2bb48514cdaa75527d9c0cf2e26 session=4eb22a24781d4801ad635deef5a48a9f generation=1 request=bb74c9a087a4483cb1d8f5f17add46f1 type=observation queue_s=0.000200 worker_s=0.009556
INFO 2026-09-29 19:12:50 e/server.py:574 Policy operation deployment=omx-act instance=4bc7a2bb48514cdaa75527d9c0cf2e26 session=4eb22a24781d4801ad635deef5a48a9f generation=1 request=2595a18d67894ca588670e78dd6aba0d type=observation queue_s=0.000125 worker_s=0.009479
INFO 2026-09-29 19:12:50 e/server.py:574 Policy operation deployment=omx-act instance=4bc7a2bb48514cdaa75527d9c0cf2e26 session=4eb22a24781d4801ad635deef5a48a9f generation=1 request=1633c37d8c5d4a2fad243a1ff2ffc3eb type=observation queue_s=0.000120 worker_s=0.009355
INFO 2026-09-29 19:12:50 e/server.py:574 Policy operation deployment=omx-act instance=4bc7a2bb48514cdaa75527d9c0cf2e26 session=4eb22a24781d4801ad635deef5a48a9f generation=1 request=4fda625ea3fd487b834e9720aec55008 type=observation queue_s=0.000130 worker_s=0.009647
INFO 2026-09-29 19:12:50 e/server.py:574 Policy operation deployment=omx-act instance=4bc7a2bb48514cdaa75527d9c0cf2e26 session=4eb22a24781d4801ad635deef5a48a9f generation=1 request=23a7a5526b5546cebb47aa6a3e9942f2 type=observation queue_s=0.000151 worker_s=0.009870
INFO 2026-09-29 19:12:50 e/server.py:574 Policy operation deployment=omx-act instance=4bc7a2bb48514cdaa75527d9c0cf2e26 session=4eb22a24781d4801ad635deef5a48a9f generation=1 request=73d851971a8144a0a33e9f054b1ae81d type=observation queue_s=0.000114 worker_s=0.008849
INFO 2026-09-29 19:12:50 e/server.py:574 Policy operation deployment=omx-act instance=4bc7a2bb48514cdaa75527d9c0cf2e26 session=4eb22a24781d4801ad635deef5a48a9f generation=1 request=a6ceb364282541669fe74156850f8605 type=observation queue_s=0.000163 worker_s=0.008992
INFO 2026-09-29 19:12:50 e/server.py:574 Policy operation deployment=omx-act instance=4bc7a2bb48514cdaa75527d9c0cf2e26 session=4eb22a24781d4801ad635deef5a48a9f generation=1 request=9ba7799c5b024eff956570c0dc2c7a26 type=observation queue_s=0.000130 worker_s=0.009032
INFO 2026-09-29 19:12:50 e/server.py:574 Policy operation deployment=omx-act instance=4bc7a2bb48514cdaa75527d9c0cf2e26 session=4eb22a24781d4801ad635deef5a48a9f generation=1 request=d1bdaee709ed4f15bf01e1c2f763c356 type=observation queue_s=0.000144 worker_s=0.010717
INFO 2026-09-29 19:12:50 e/server.py:574 Policy operation deployment=omx-act instance=4bc7a2bb48514cdaa75527d9c0cf2e26 session=4eb22a24781d4801ad635deef5a48a9f generation=1 request=3c5543ee8e5143a8aca847889245b073 type=observation queue_s=0.000127 worker_s=0.009124
INFO 2026-09-29 19:12:50 e/server.py:574 Policy operation deployment=omx-act instance=4bc7a2bb48514cdaa75527d9c0cf2e26 session=4eb22a24781d4801ad635deef5a48a9f generation=1 request=02caa9fff84a49eab802a5467f723c10 type=observation queue_s=0.000130 worker_s=0.009434
INFO 2026-09-29 19:12:50 e/server.py:574 Policy operation deployment=omx-act instance=4bc7a2bb48514cdaa75527d9c0cf2e26 session=4eb22a24781d4801ad635deef5a48a9f generation=1 request=dc59ea362ce5442b9571c57c82d2a92d type=observation queue_s=0.000126 worker_s=0.008890
INFO 2026-09-29 19:12:50 e/server.py:574 Policy operation deployment=omx-act instance=4bc7a2bb48514cdaa75527d9c0cf2e26 session=4eb22a24781d4801ad635deef5a48a9f generation=1 request=5fab8468c0d14867898c67173875a4c2 type=observation queue_s=0.000120 worker_s=0.008907
INFO 2026-09-29 19:12:50 e/server.py:574 Policy operation deployment=omx-act instance=4bc7a2bb48514cdaa75527d9c0cf2e26 session=4eb22a24781d4801ad635deef5a48a9f generation=1 request=7b94e961ec4a45d392e43080424a4468 type=observation queue_s=0.000173 worker_s=0.009365
INFO 2026-09-29 19:12:50 e/server.py:574 Policy operation deployment=omx-act instance=4bc7a2bb48514cdaa75527d9c0cf2e26 session=4eb22a24781d4801ad635deef5a48a9f generation=1 request=6e53e1b5af2e4c8baaf02eadd1788787 type=observation queue_s=0.000131 worker_s=0.010117
INFO 2026-09-29 19:12:50 e/server.py:574 Policy operation deployment=omx-act instance=4bc7a2bb48514cdaa75527d9c0cf2e26 session=4eb22a24781d4801ad635deef5a48a9f generation=1 request=086a47651a324a5db963a22977d5bece type=observation queue_s=0.000110 worker_s=0.009212
INFO 2026-09-29 19:12:50 e/server.py:574 Policy operation deployment=omx-act instance=4bc7a2bb48514cdaa75527d9c0cf2e26 session=4eb22a24781d4801ad635deef5a48a9f generation=1 request=8a0b48f8d355492db07b41d27cfb362b type=observation queue_s=0.000116 worker_s=0.008763
INFO 2026-09-29 19:12:50 e/server.py:574 Policy operation deployment=omx-act instance=4bc7a2bb48514cdaa75527d9c0cf2e26 session=4eb22a24781d4801ad635deef5a48a9f generation=1 request=df5220d5acd341aaabbc83c57ed96b94 type=observation queue_s=0.000120 worker_s=0.008855
INFO 2026-09-29 19:12:50 e/server.py:574 Policy operation deployment=omx-act instance=4bc7a2bb48514cdaa75527d9c0cf2e26 session=4eb22a24781d4801ad635deef5a48a9f generation=1 request=0ccac07de22f408eb64aad16fcdb366a type=observation queue_s=0.000121 worker_s=0.009216
INFO 2026-09-29 19:12:50 e/server.py:574 Policy operation deployment=omx-act instance=4bc7a2bb48514cdaa75527d9c0cf2e26 session=4eb22a24781d4801ad635deef5a48a9f generation=1 request=8477f44a65cf45c3b754e5ad0cfbd8b4 type=observation queue_s=0.000139 worker_s=0.010375
INFO 2026-09-29 19:12:51 e/server.py:574 Policy operation deployment=omx-act instance=4bc7a2bb48514cdaa75527d9c0cf2e26 session=4eb22a24781d4801ad635deef5a48a9f generation=1 request=d4711148da9d4d5490ea0bfe8d908ce7 type=observation queue_s=0.000136 worker_s=0.009014
INFO 2026-09-29 19:12:51 e/server.py:574 Policy operation deployment=omx-act instance=4bc7a2bb48514cdaa75527d9c0cf2e26 session=4eb22a24781d4801ad635deef5a48a9f generation=1 request=d17c53ab93b9479d8a56778fb8a2115c type=observation queue_s=0.000156 worker_s=0.009008
INFO 2026-09-29 19:12:51 e/server.py:574 Policy operation deployment=omx-act instance=4bc7a2bb48514cdaa75527d9c0cf2e26 session=4eb22a24781d4801ad635deef5a48a9f generation=1 request=d68cdd633e8148a694c4764156dca6fd type=observation queue_s=0.000153 worker_s=0.008482
INFO 2026-09-29 19:12:51 e/server.py:574 Policy operation deployment=omx-act instance=4bc7a2bb48514cdaa75527d9c0cf2e26 session=4eb22a24781d4801ad635deef5a48a9f generation=1 request=9c3592ba4f3b4b2f8dfec7d40ecd0528 type=observation queue_s=0.000112 worker_s=0.008512
INFO 2026-09-29 19:12:51 e/server.py:574 Policy operation deployment=omx-act instance=4bc7a2bb48514cdaa75527d9c0cf2e26 session=4eb22a24781d4801ad635deef5a48a9f generation=1 request=8452617506e4448897aecff955edc981 type=observation queue_s=0.000113 worker_s=0.009625
INFO 2026-09-29 19:12:51 e/server.py:574 Policy operation deployment=omx-act instance=4bc7a2bb48514cdaa75527d9c0cf2e26 session=4eb22a24781d4801ad635deef5a48a9f generation=1 request=f8668fa91c45431ea83631f359337c2e type=observation queue_s=0.000162 worker_s=0.009400
INFO 2026-09-29 19:12:51 e/server.py:574 Policy operation deployment=omx-act instance=4bc7a2bb48514cdaa75527d9c0cf2e26 session=4eb22a24781d4801ad635deef5a48a9f generation=1 request=6c0a4582f1ee454ab793ab67c8dff44a type=observation queue_s=0.000135 worker_s=0.009186
INFO 2026-09-29 19:12:51 e/server.py:574 Policy operation deployment=omx-act instance=4bc7a2bb48514cdaa75527d9c0cf2e26 session=4eb22a24781d4801ad635deef5a48a9f generation=1 request=6fc033d5c5cb4647bfb1d2b431ac5d6e type=observation queue_s=0.000136 worker_s=0.009514
INFO 2026-09-29 19:12:51 e/server.py:574 Policy operation deployment=omx-act instance=4bc7a2bb48514cdaa75527d9c0cf2e26 session=4eb22a24781d4801ad635deef5a48a9f generation=1 request=01df3cb53481495bbec26aab9537533e type=observation queue_s=0.000145 worker_s=0.009656
INFO 2026-09-29 19:12:51 e/server.py:574 Policy operation deployment=omx-act instance=4bc7a2bb48514cdaa75527d9c0cf2e26 session=4eb22a24781d4801ad635deef5a48a9f generation=1 request=b0999b701c7341c887fd459a625ed76a type=observation queue_s=0.000092 worker_s=0.008811
INFO 2026-09-29 19:12:51 e/server.py:574 Policy operation deployment=omx-act instance=4bc7a2bb48514cdaa75527d9c0cf2e26 session=4eb22a24781d4801ad635deef5a48a9f generation=1 request=89a84fdbddde45d49c443eb79608cd65 type=observation queue_s=0.000201 worker_s=0.008911
INFO 2026-09-29 19:12:51 e/server.py:574 Policy operation deployment=omx-act instance=4bc7a2bb48514cdaa75527d9c0cf2e26 session=4eb22a24781d4801ad635deef5a48a9f generation=1 request=3f43e23725004625a87b34a2a9691c98 type=observation queue_s=0.000158 worker_s=0.009136
INFO 2026-09-29 19:12:51 e/server.py:574 Policy operation deployment=omx-act instance=4bc7a2bb48514cdaa75527d9c0cf2e26 session=4eb22a24781d4801ad635deef5a48a9f generation=1 request=1cc079c80804424fa75ca83e5835d255 type=observation queue_s=0.000153 worker_s=0.009605
INFO 2026-09-29 19:12:51 e/server.py:574 Policy operation deployment=omx-act instance=4bc7a2bb48514cdaa75527d9c0cf2e26 session=4eb22a24781d4801ad635deef5a48a9f generation=1 request=a151b31b34954c868e05a74c7cd618cd type=observation queue_s=0.000203 worker_s=0.009011
INFO 2026-09-29 19:12:51 e/server.py:574 Policy operation deployment=omx-act instance=4bc7a2bb48514cdaa75527d9c0cf2e26 session=4eb22a24781d4801ad635deef5a48a9f generation=1 request=4ab0691715ee4f88975922639e25d899 type=observation queue_s=0.000138 worker_s=0.009179
INFO 2026-09-29 19:12:51 e/server.py:574 Policy operation deployment=omx-act instance=4bc7a2bb48514cdaa75527d9c0cf2e26 session=4eb22a24781d4801ad635deef5a48a9f generation=1 request=77cd59ad54934c0ca4ba93a5f78853db type=observation queue_s=0.000143 worker_s=0.009304
INFO 2026-09-29 19:12:51 e/server.py:574 Policy operation deployment=omx-act instance=4bc7a2bb48514cdaa75527d9c0cf2e26 session=4eb22a24781d4801ad635deef5a48a9f generation=1 request=7d341b16896b44e4b2aac48906d9c507 type=observation queue_s=0.000122 worker_s=0.009041
INFO 2026-09-29 19:12:51 e/server.py:574 Policy operation deployment=omx-act instance=4bc7a2bb48514cdaa75527d9c0cf2e26 session=4eb22a24781d4801ad635deef5a48a9f generation=1 request=60dd7d38aad240a6aee55cd1e289e40b type=observation queue_s=0.000130 worker_s=0.008568
INFO 2026-09-29 19:12:51 e/server.py:574 Policy operation deployment=omx-act instance=4bc7a2bb48514cdaa75527d9c0cf2e26 session=4eb22a24781d4801ad635deef5a48a9f generation=1 request=1fceb18e08044daf86e55f67d9a58f34 type=observation queue_s=0.000133 worker_s=0.009082
INFO 2026-09-29 19:12:51 e/server.py:574 Policy operation deployment=omx-act instance=4bc7a2bb48514cdaa75527d9c0cf2e26 session=4eb22a24781d4801ad635deef5a48a9f generation=1 request=0e60a16b52074b52a69b0492a5c2ad06 type=observation queue_s=0.000166 worker_s=0.009379
INFO 2026-09-29 19:12:51 e/server.py:574 Policy operation deployment=omx-act instance=4bc7a2bb48514cdaa75527d9c0cf2e26 session=4eb22a24781d4801ad635deef5a48a9f generation=1 request=dd5399c4af5b49ccbcc786ddd3bcc5e7 type=observation queue_s=0.000187 worker_s=0.008757
INFO 2026-09-29 19:12:51 e/server.py:574 Policy operation deployment=omx-act instance=4bc7a2bb48514cdaa75527d9c0cf2e26 session=4eb22a24781d4801ad635deef5a48a9f generation=1 request=f711461b317d447d9f565267b10d8ddc type=observation queue_s=0.000141 worker_s=0.008939
INFO 2026-09-29 19:12:51 e/server.py:574 Policy operation deployment=omx-act instance=4bc7a2bb48514cdaa75527d9c0cf2e26 session=4eb22a24781d4801ad635deef5a48a9f generation=1 request=874ed88d2525456f9d1c2131641ed5ce type=observation queue_s=0.000121 worker_s=0.009375
INFO 2026-09-29 19:12:51 e/server.py:574 Policy operation deployment=omx-act instance=4bc7a2bb48514cdaa75527d9c0cf2e26 session=4eb22a24781d4801ad635deef5a48a9f generation=1 request=6829a8b676154fb8a693ef6c39e9b69f type=observation queue_s=0.000135 worker_s=0.008937
INFO 2026-09-29 19:12:51 e/server.py:574 Policy operation deployment=omx-act instance=4bc7a2bb48514cdaa75527d9c0cf2e26 session=4eb22a24781d4801ad635deef5a48a9f generation=1 request=daaf3bdef9d94419a85deb3dad1bdb6f type=observation queue_s=0.000110 worker_s=0.010122
INFO 2026-09-29 19:12:51 e/server.py:574 Policy operation deployment=omx-act instance=4bc7a2bb48514cdaa75527d9c0cf2e26 session=4eb22a24781d4801ad635deef5a48a9f generation=1 request=71333301e03f48be8d831604a76e9490 type=observation queue_s=0.000162 worker_s=0.009038
INFO 2026-09-29 19:12:51 e/server.py:574 Policy operation deployment=omx-act instance=4bc7a2bb48514cdaa75527d9c0cf2e26 session=4eb22a24781d4801ad635deef5a48a9f generation=1 request=907302b62f034a69a08ebe07af09b6a8 type=observation queue_s=0.000121 worker_s=0.009399
INFO 2026-09-29 19:12:51 e/server.py:574 Policy operation deployment=omx-act instance=4bc7a2bb48514cdaa75527d9c0cf2e26 session=4eb22a24781d4801ad635deef5a48a9f generation=1 request=7656e19726bd4a399188c8e74a00d97c type=observation queue_s=0.000121 worker_s=0.009397
INFO 2026-09-29 19:12:51 e/server.py:574 Policy operation deployment=omx-act instance=4bc7a2bb48514cdaa75527d9c0cf2e26 session=4eb22a24781d4801ad635deef5a48a9f generation=1 request=c6250854aaef45ac968d404814f2f122 type=observation queue_s=0.000136 worker_s=0.009323
INFO 2026-09-29 19:12:52 e/server.py:574 Policy operation deployment=omx-act instance=4bc7a2bb48514cdaa75527d9c0cf2e26 session=4eb22a24781d4801ad635deef5a48a9f generation=1 request=d01fe7cd93af4eadbee419315a93b060 type=observation queue_s=0.000145 worker_s=0.008806
INFO 2026-09-29 19:12:52 e/server.py:574 Policy operation deployment=omx-act instance=4bc7a2bb48514cdaa75527d9c0cf2e26 session=4eb22a24781d4801ad635deef5a48a9f generation=1 request=7eedac46875344819fc300ecfaf825cc type=observation queue_s=0.000137 worker_s=0.008814
INFO 2026-09-29 19:12:52 e/server.py:574 Policy operation deployment=omx-act instance=4bc7a2bb48514cdaa75527d9c0cf2e26 session=4eb22a24781d4801ad635deef5a48a9f generation=1 request=3fc1942b3afe43ee892eb040825a9b1f type=observation queue_s=0.000120 worker_s=0.009214
INFO 2026-09-29 19:12:52 e/server.py:574 Policy operation deployment=omx-act instance=4bc7a2bb48514cdaa75527d9c0cf2e26 session=4eb22a24781d4801ad635deef5a48a9f generation=1 request=815110e11b6941f8b5e58bb2aace9aad type=observation queue_s=0.000118 worker_s=0.009865
INFO 2026-09-29 19:12:52 e/server.py:574 Policy operation deployment=omx-act instance=4bc7a2bb48514cdaa75527d9c0cf2e26 session=4eb22a24781d4801ad635deef5a48a9f generation=1 request=543344ac55994b3f9b7c6b4efac33cb4 type=observation queue_s=0.000122 worker_s=0.009749
INFO 2026-09-29 19:12:52 e/server.py:574 Policy operation deployment=omx-act instance=4bc7a2bb48514cdaa75527d9c0cf2e26 session=4eb22a24781d4801ad635deef5a48a9f generation=1 request=d37cd6c052fd4973adea3533edaaf8a4 type=observation queue_s=0.000145 worker_s=0.009736
INFO 2026-09-29 19:12:52 e/server.py:574 Policy operation deployment=omx-act instance=4bc7a2bb48514cdaa75527d9c0cf2e26 session=4eb22a24781d4801ad635deef5a48a9f generation=1 request=616239cf0eef4b709b89e64cc6a64ce4 type=observation queue_s=0.000110 worker_s=0.009188
INFO 2026-09-29 19:12:52 e/server.py:574 Policy operation deployment=omx-act instance=4bc7a2bb48514cdaa75527d9c0cf2e26 session=4eb22a24781d4801ad635deef5a48a9f generation=1 request=b2315f997e554125934ce9f4751d7dc3 type=observation queue_s=0.000187 worker_s=0.008179
INFO 2026-09-29 19:12:52 e/server.py:574 Policy operation deployment=omx-act instance=4bc7a2bb48514cdaa75527d9c0cf2e26 session=4eb22a24781d4801ad635deef5a48a9f generation=1 request=50dd60aa44d54a6a81a57eeb86232949 type=observation queue_s=0.000157 worker_s=0.008714
INFO 2026-09-29 19:12:52 e/server.py:574 Policy operation deployment=omx-act instance=4bc7a2bb48514cdaa75527d9c0cf2e26 session=4eb22a24781d4801ad635deef5a48a9f generation=1 request=2abc415543344685a7e31b99b68e4660 type=observation queue_s=0.000131 worker_s=0.008731
INFO 2026-09-29 19:12:52 e/server.py:574 Policy operation deployment=omx-act instance=4bc7a2bb48514cdaa75527d9c0cf2e26 session=4eb22a24781d4801ad635deef5a48a9f generation=1 request=fe43c4f3f7dc413fa1f0dd219d85998a type=observation queue_s=0.000184 worker_s=0.008994
INFO 2026-09-29 19:12:52 e/server.py:574 Policy operation deployment=omx-act instance=4bc7a2bb48514cdaa75527d9c0cf2e26 session=4eb22a24781d4801ad635deef5a48a9f generation=1 request=eb1bb314ebdf46ff81633950d4a4a2d9 type=observation queue_s=0.000134 worker_s=0.008961
INFO 2026-09-29 19:12:52 e/server.py:574 Policy operation deployment=omx-act instance=4bc7a2bb48514cdaa75527d9c0cf2e26 session=4eb22a24781d4801ad635deef5a48a9f generation=1 request=fc8123615ef14b79a48ebafc5737fbdf type=observation queue_s=0.000139 worker_s=0.010521
INFO 2026-09-29 19:12:52 e/server.py:574 Policy operation deployment=omx-act instance=4bc7a2bb48514cdaa75527d9c0cf2e26 session=4eb22a24781d4801ad635deef5a48a9f generation=1 request=d174e06583544394b7c3d6fda7ab88c2 type=observation queue_s=0.000126 worker_s=0.009528
INFO 2026-09-29 19:12:52 e/server.py:574 Policy operation deployment=omx-act instance=4bc7a2bb48514cdaa75527d9c0cf2e26 session=4eb22a24781d4801ad635deef5a48a9f generation=1 request=ff668f8e60c94f4a8e3494e418b39da7 type=observation queue_s=0.000122 worker_s=0.009604
INFO 2026-09-29 19:12:52 e/server.py:574 Policy operation deployment=omx-act instance=4bc7a2bb48514cdaa75527d9c0cf2e26 session=4eb22a24781d4801ad635deef5a48a9f generation=1 request=d139636ca705468a84ada307bdc9cf0a type=observation queue_s=0.000128 worker_s=0.009592
INFO 2026-09-29 19:12:52 e/server.py:574 Policy operation deployment=omx-act instance=4bc7a2bb48514cdaa75527d9c0cf2e26 session=4eb22a24781d4801ad635deef5a48a9f generation=1 request=2f5e7e27e467485390de4e665c9699bd type=observation queue_s=0.000119 worker_s=0.009324
INFO 2026-09-29 19:12:52 e/server.py:574 Policy operation deployment=omx-act instance=4bc7a2bb48514cdaa75527d9c0cf2e26 session=4eb22a24781d4801ad635deef5a48a9f generation=1 request=47c34150b2e94be4929c06fea7387c77 type=observation queue_s=0.000188 worker_s=0.009200
INFO 2026-09-29 19:12:52 e/server.py:574 Policy operation deployment=omx-act instance=4bc7a2bb48514cdaa75527d9c0cf2e26 session=4eb22a24781d4801ad635deef5a48a9f generation=1 request=3b215b690a1347d7866eb1a680833418 type=observation queue_s=0.000142 worker_s=0.009042
INFO 2026-09-29 19:12:52 e/server.py:574 Policy operation deployment=omx-act instance=4bc7a2bb48514cdaa75527d9c0cf2e26 session=4eb22a24781d4801ad635deef5a48a9f generation=1 request=a6574497737a4869924191efa7849ca8 type=observation queue_s=0.000146 worker_s=0.009120
INFO 2026-09-29 19:12:52 e/server.py:574 Policy operation deployment=omx-act instance=4bc7a2bb48514cdaa75527d9c0cf2e26 session=4eb22a24781d4801ad635deef5a48a9f generation=1 request=25d2b42a5f2646f5b7ceff71545ac51c type=observation queue_s=0.000195 worker_s=0.009864
INFO 2026-09-29 19:12:52 e/server.py:574 Policy operation deployment=omx-act instance=4bc7a2bb48514cdaa75527d9c0cf2e26 session=4eb22a24781d4801ad635deef5a48a9f generation=1 request=8d4c112f87b04d1a9cda4cc5941af788 type=observation queue_s=0.000121 worker_s=0.009679
INFO 2026-09-29 19:12:52 e/server.py:574 Policy operation deployment=omx-act instance=4bc7a2bb48514cdaa75527d9c0cf2e26 session=4eb22a24781d4801ad635deef5a48a9f generation=1 request=bea7ebfda0934545a4785249b00319ff type=observation queue_s=0.000139 worker_s=0.009183
INFO 2026-09-29 19:12:52 e/server.py:574 Policy operation deployment=omx-act instance=4bc7a2bb48514cdaa75527d9c0cf2e26 session=4eb22a24781d4801ad635deef5a48a9f generation=1 request=ed0a41ad325644fd8287c18ffb8d4a43 type=observation queue_s=0.000140 worker_s=0.009443
INFO 2026-09-29 19:12:52 e/server.py:574 Policy operation deployment=omx-act instance=4bc7a2bb48514cdaa75527d9c0cf2e26 session=4eb22a24781d4801ad635deef5a48a9f generation=1 request=9d049d0c03fc4198adc87860c8eff1f4 type=observation queue_s=0.000122 worker_s=0.009168
INFO 2026-09-29 19:12:52 e/server.py:574 Policy operation deployment=omx-act instance=4bc7a2bb48514cdaa75527d9c0cf2e26 session=4eb22a24781d4801ad635deef5a48a9f generation=1 request=c77c7284ccbb4088bd17000cb07b218a type=observation queue_s=0.000176 worker_s=0.009258
INFO 2026-09-29 19:12:52 e/server.py:574 Policy operation deployment=omx-act instance=4bc7a2bb48514cdaa75527d9c0cf2e26 session=4eb22a24781d4801ad635deef5a48a9f generation=1 request=7becc24722be491986362cd20968db57 type=observation queue_s=0.000174 worker_s=0.010630
INFO 2026-09-29 19:12:52 e/server.py:574 Policy operation deployment=omx-act instance=4bc7a2bb48514cdaa75527d9c0cf2e26 session=4eb22a24781d4801ad635deef5a48a9f generation=1 request=7eedad1a89804acdaa10c6d7e5371852 type=observation queue_s=0.000128 worker_s=0.009803
INFO 2026-09-29 19:12:53 e/server.py:574 Policy operation deployment=omx-act instance=4bc7a2bb48514cdaa75527d9c0cf2e26 session=4eb22a24781d4801ad635deef5a48a9f generation=1 request=367457f2936d48118a1e6bad4762063e type=observation queue_s=0.000189 worker_s=0.008942
INFO 2026-09-29 19:12:53 e/server.py:574 Policy operation deployment=omx-act instance=4bc7a2bb48514cdaa75527d9c0cf2e26 session=4eb22a24781d4801ad635deef5a48a9f generation=1 request=ef10e03d7da041d6af33ab8808f58991 type=observation queue_s=0.000124 worker_s=0.009640
INFO 2026-09-29 19:12:53 e/server.py:574 Policy operation deployment=omx-act instance=4bc7a2bb48514cdaa75527d9c0cf2e26 session=4eb22a24781d4801ad635deef5a48a9f generation=1 request=ba4ef27802ac40209b92528c38291c55 type=observation queue_s=0.000145 worker_s=0.008971
INFO 2026-09-29 19:12:53 e/server.py:574 Policy operation deployment=omx-act instance=4bc7a2bb48514cdaa75527d9c0cf2e26 session=4eb22a24781d4801ad635deef5a48a9f generation=1 request=9193344c58f246c58d5ee37021bb9f88 type=observation queue_s=0.000173 worker_s=0.009197
INFO 2026-09-29 19:12:53 e/server.py:574 Policy operation deployment=omx-act instance=4bc7a2bb48514cdaa75527d9c0cf2e26 session=4eb22a24781d4801ad635deef5a48a9f generation=1 request=acc69fcd5739446a97a1d591bbed2fc0 type=observation queue_s=0.000140 worker_s=0.009308
INFO 2026-09-29 19:12:53 e/server.py:574 Policy operation deployment=omx-act instance=4bc7a2bb48514cdaa75527d9c0cf2e26 session=4eb22a24781d4801ad635deef5a48a9f generation=1 request=e3953f806863400d9269404eb949b729 type=observation queue_s=0.000140 worker_s=0.009790
INFO 2026-09-29 19:12:53 e/server.py:574 Policy operation deployment=omx-act instance=4bc7a2bb48514cdaa75527d9c0cf2e26 session=4eb22a24781d4801ad635deef5a48a9f generation=1 request=8bb50465eece43c9b2e1a7b17ae3675f type=observation queue_s=0.000103 worker_s=0.009205
INFO 2026-09-29 19:12:53 e/server.py:574 Policy operation deployment=omx-act instance=4bc7a2bb48514cdaa75527d9c0cf2e26 session=4eb22a24781d4801ad635deef5a48a9f generation=1 request=dd1be5325a53471698712ea1c491295d type=observation queue_s=0.000160 worker_s=0.009165
INFO 2026-09-29 19:12:53 e/server.py:574 Policy operation deployment=omx-act instance=4bc7a2bb48514cdaa75527d9c0cf2e26 session=4eb22a24781d4801ad635deef5a48a9f generation=1 request=657dcfbef65544caa494bb5286036e9e type=observation queue_s=0.000171 worker_s=0.009464
INFO 2026-09-29 19:12:53 e/server.py:574 Policy operation deployment=omx-act instance=4bc7a2bb48514cdaa75527d9c0cf2e26 session=4eb22a24781d4801ad635deef5a48a9f generation=1 request=b4f477bb3ccb48d6970495756c3dc35a type=observation queue_s=0.000208 worker_s=0.009412
INFO 2026-09-29 19:12:53 e/server.py:574 Policy operation deployment=omx-act instance=4bc7a2bb48514cdaa75527d9c0cf2e26 session=4eb22a24781d4801ad635deef5a48a9f generation=1 request=1ef8c076f69e47b5b18951f9267dcaad type=observation queue_s=0.000134 worker_s=0.009353
INFO 2026-09-29 19:12:53 e/server.py:574 Policy operation deployment=omx-act instance=4bc7a2bb48514cdaa75527d9c0cf2e26 session=4eb22a24781d4801ad635deef5a48a9f generation=1 request=c6a0cc56f36e47188dd9c7c826ffb963 type=observation queue_s=0.000186 worker_s=0.009279
INFO 2026-09-29 19:12:53 e/server.py:574 Policy operation deployment=omx-act instance=4bc7a2bb48514cdaa75527d9c0cf2e26 session=4eb22a24781d4801ad635deef5a48a9f generation=1 request=e5bbb901cff143dba14447716aaed207 type=observation queue_s=0.000137 worker_s=0.008306
INFO 2026-09-29 19:12:53 e/server.py:574 Policy operation deployment=omx-act instance=4bc7a2bb48514cdaa75527d9c0cf2e26 session=4eb22a24781d4801ad635deef5a48a9f generation=1 request=d1cc47d7891e44a6b697e78d8386ac07 type=observation queue_s=0.000149 worker_s=0.008701
INFO 2026-09-29 19:12:53 e/server.py:574 Policy operation deployment=omx-act instance=4bc7a2bb48514cdaa75527d9c0cf2e26 session=4eb22a24781d4801ad635deef5a48a9f generation=1 request=b7b8cc80f28f42b2a63a9aa557921f4f type=observation queue_s=0.000132 worker_s=0.009024
INFO 2026-09-29 19:12:53 e/server.py:574 Policy operation deployment=omx-act instance=4bc7a2bb48514cdaa75527d9c0cf2e26 session=4eb22a24781d4801ad635deef5a48a9f generation=1 request=dec22768c2e0416fa8afde647711d034 type=observation queue_s=0.000185 worker_s=0.008816
INFO 2026-09-29 19:12:53 e/server.py:574 Policy operation deployment=omx-act instance=4bc7a2bb48514cdaa75527d9c0cf2e26 session=4eb22a24781d4801ad635deef5a48a9f generation=1 request=1c884382799b47c49333e009cfd0b1ce type=observation queue_s=0.000143 worker_s=0.009466
INFO 2026-09-29 19:12:53 e/server.py:574 Policy operation deployment=omx-act instance=4bc7a2bb48514cdaa75527d9c0cf2e26 session=4eb22a24781d4801ad635deef5a48a9f generation=1 request=d23106b412114c82bc15f25d21d2242c type=observation queue_s=0.000130 worker_s=0.009526
INFO 2026-09-29 19:12:53 e/server.py:574 Policy operation deployment=omx-act instance=4bc7a2bb48514cdaa75527d9c0cf2e26 session=4eb22a24781d4801ad635deef5a48a9f generation=1 request=ac1688d18caf4ab985f374b4c6b2120d type=observation queue_s=0.000129 worker_s=0.009290
INFO 2026-09-29 19:12:53 e/server.py:574 Policy operation deployment=omx-act instance=4bc7a2bb48514cdaa75527d9c0cf2e26 session=4eb22a24781d4801ad635deef5a48a9f generation=1 request=b800c4e2b56e4feaa3e2b60353f1e2a8 type=observation queue_s=0.000168 worker_s=0.011836
INFO 2026-09-29 19:12:53 e/server.py:574 Policy operation deployment=omx-act instance=4bc7a2bb48514cdaa75527d9c0cf2e26 session=4eb22a24781d4801ad635deef5a48a9f generation=1 request=ed5d569273774457a5e05565ad0b59bc type=observation queue_s=0.000165 worker_s=0.009735
INFO 2026-09-29 19:12:53 e/server.py:574 Policy operation deployment=omx-act instance=4bc7a2bb48514cdaa75527d9c0cf2e26 session=4eb22a24781d4801ad635deef5a48a9f generation=1 request=610f78e8ea3d4f1796ac4317115cb1a4 type=observation queue_s=0.000065 worker_s=0.010599
INFO 2026-09-29 19:12:53 e/server.py:574 Policy operation deployment=omx-act instance=4bc7a2bb48514cdaa75527d9c0cf2e26 session=4eb22a24781d4801ad635deef5a48a9f generation=1 request=251cb21178094a60a7557aab84a5bea9 type=observation queue_s=0.000068 worker_s=0.010089
INFO 2026-09-29 19:12:53 e/server.py:574 Policy operation deployment=omx-act instance=4bc7a2bb48514cdaa75527d9c0cf2e26 session=4eb22a24781d4801ad635deef5a48a9f generation=1 request=1a9f3ecbc51e4c739c4771ef9d19f453 type=observation queue_s=0.000067 worker_s=0.010745
INFO 2026-09-29 19:12:53 e/server.py:574 Policy operation deployment=omx-act instance=4bc7a2bb48514cdaa75527d9c0cf2e26 session=4eb22a24781d4801ad635deef5a48a9f generation=1 request=ac477c6a9e334da1971913f9e06700b8 type=observation queue_s=0.000067 worker_s=0.010789
INFO 2026-09-29 19:12:53 e/server.py:574 Policy operation deployment=omx-act instance=4bc7a2bb48514cdaa75527d9c0cf2e26 session=4eb22a24781d4801ad635deef5a48a9f generation=1 request=bb64503e668d46a089aa0833874a68cb type=observation queue_s=0.000057 worker_s=0.012507
INFO 2026-09-29 19:12:53 e/server.py:574 Policy operation deployment=omx-act instance=4bc7a2bb48514cdaa75527d9c0cf2e26 session=4eb22a24781d4801ad635deef5a48a9f generation=1 request=3531ef7a977a47fdbfce03610ec5ec25 type=observation queue_s=0.000071 worker_s=0.010690
INFO 2026-09-29 19:12:53 e/server.py:574 Policy operation deployment=omx-act instance=4bc7a2bb48514cdaa75527d9c0cf2e26 session=4eb22a24781d4801ad635deef5a48a9f generation=1 request=25c58ac3c24d49d6addde5bd0353ce44 type=observation queue_s=0.000075 worker_s=0.010865
INFO 2026-09-29 19:12:54 e/server.py:574 Policy operation deployment=omx-act instance=4bc7a2bb48514cdaa75527d9c0cf2e26 session=4eb22a24781d4801ad635deef5a48a9f generation=1 request=09321bf0dbf84832b5f79ad2294695ce type=observation queue_s=0.000065 worker_s=0.011512
INFO 2026-09-29 19:12:54 e/server.py:574 Policy operation deployment=omx-act instance=4bc7a2bb48514cdaa75527d9c0cf2e26 session=4eb22a24781d4801ad635deef5a48a9f generation=1 request=ecab046437794e3fa0b48edbf8419e31 type=observation queue_s=0.000069 worker_s=0.011709
INFO 2026-09-29 19:12:54 e/server.py:574 Policy operation deployment=omx-act instance=4bc7a2bb48514cdaa75527d9c0cf2e26 session=4eb22a24781d4801ad635deef5a48a9f generation=1 request=298628d986254605900acd443f128bad type=observation queue_s=0.000064 worker_s=0.010135
INFO 2026-09-29 19:12:54 e/server.py:574 Policy operation deployment=omx-act instance=4bc7a2bb48514cdaa75527d9c0cf2e26 session=4eb22a24781d4801ad635deef5a48a9f generation=1 request=7f4f0416b22c47cab6d7523b6ecd9f8a type=observation queue_s=0.000128 worker_s=0.009492
INFO 2026-09-29 19:12:54 e/server.py:574 Policy operation deployment=omx-act instance=4bc7a2bb48514cdaa75527d9c0cf2e26 session=4eb22a24781d4801ad635deef5a48a9f generation=1 request=b098f2a30f344e9683d75442000f1f2a type=observation queue_s=0.000129 worker_s=0.009504
INFO 2026-09-29 19:12:54 e/server.py:574 Policy operation deployment=omx-act instance=4bc7a2bb48514cdaa75527d9c0cf2e26 session=4eb22a24781d4801ad635deef5a48a9f generation=1 request=14b5898aa08a40d2b9abfd97780824e7 type=observation queue_s=0.000143 worker_s=0.010031
INFO 2026-09-29 19:12:54 e/server.py:574 Policy operation deployment=omx-act instance=4bc7a2bb48514cdaa75527d9c0cf2e26 session=4eb22a24781d4801ad635deef5a48a9f generation=1 request=bb84af6cd7fb4972997121e8dc019ea9 type=observation queue_s=0.000163 worker_s=0.008974
INFO 2026-09-29 19:12:54 e/server.py:574 Policy operation deployment=omx-act instance=4bc7a2bb48514cdaa75527d9c0cf2e26 session=4eb22a24781d4801ad635deef5a48a9f generation=1 request=5f9a197b5e9d421fb67a9a413a856341 type=observation queue_s=0.000198 worker_s=0.010985
INFO 2026-09-29 19:12:54 e/server.py:574 Policy operation deployment=omx-act instance=4bc7a2bb48514cdaa75527d9c0cf2e26 session=4eb22a24781d4801ad635deef5a48a9f generation=1 request=326a3ffdff8f429a8d4f6dd94c384964 type=observation queue_s=0.000134 worker_s=0.009506
INFO 2026-09-29 19:12:54 e/server.py:574 Policy operation deployment=omx-act instance=4bc7a2bb48514cdaa75527d9c0cf2e26 session=4eb22a24781d4801ad635deef5a48a9f generation=1 request=bc22fecb0395461a9166a2647eee68bd type=observation queue_s=0.000115 worker_s=0.009041
INFO 2026-09-29 19:12:54 e/server.py:574 Policy operation deployment=omx-act instance=4bc7a2bb48514cdaa75527d9c0cf2e26 session=4eb22a24781d4801ad635deef5a48a9f generation=1 request=b4e17dcea7684963a3297d59528a6a7f type=observation queue_s=0.000128 worker_s=0.008867
INFO 2026-09-29 19:12:54 e/server.py:574 Policy operation deployment=omx-act instance=4bc7a2bb48514cdaa75527d9c0cf2e26 session=4eb22a24781d4801ad635deef5a48a9f generation=1 request=b70f07c4335a481ea06ccf0ee7d490f2 type=observation queue_s=0.000132 worker_s=0.008311
INFO 2026-09-29 19:12:54 e/server.py:574 Policy operation deployment=omx-act instance=4bc7a2bb48514cdaa75527d9c0cf2e26 session=4eb22a24781d4801ad635deef5a48a9f generation=1 request=6eda959b5e5e4472ac8765060d6547e7 type=observation queue_s=0.000135 worker_s=0.008779
INFO 2026-09-29 19:12:54 e/server.py:574 Policy operation deployment=omx-act instance=4bc7a2bb48514cdaa75527d9c0cf2e26 session=4eb22a24781d4801ad635deef5a48a9f generation=1 request=35c9f56efdc442c2b7b459f07570e7fe type=observation queue_s=0.000125 worker_s=0.009036
INFO 2026-09-29 19:12:54 e/server.py:574 Policy operation deployment=omx-act instance=4bc7a2bb48514cdaa75527d9c0cf2e26 session=4eb22a24781d4801ad635deef5a48a9f generation=1 request=e53b7aa1d51e4ab7bc04b44c2c4b788d type=observation queue_s=0.000177 worker_s=0.008911
INFO 2026-09-29 19:12:54 e/server.py:574 Policy operation deployment=omx-act instance=4bc7a2bb48514cdaa75527d9c0cf2e26 session=4eb22a24781d4801ad635deef5a48a9f generation=1 request=72f5caf3f584452e90b496151c63e5df type=observation queue_s=0.000108 worker_s=0.009159
INFO 2026-09-29 19:12:54 e/server.py:574 Policy operation deployment=omx-act instance=4bc7a2bb48514cdaa75527d9c0cf2e26 session=4eb22a24781d4801ad635deef5a48a9f generation=1 request=001be7b44f4946e791e0a058151b8a99 type=observation queue_s=0.000165 worker_s=0.009210
INFO 2026-09-29 19:12:54 e/server.py:574 Policy operation deployment=omx-act instance=4bc7a2bb48514cdaa75527d9c0cf2e26 session=4eb22a24781d4801ad635deef5a48a9f generation=1 request=6f6bb3c6e8ed4517a00d26f36b05f879 type=observation queue_s=0.000126 worker_s=0.009150
INFO 2026-09-29 19:12:54 e/server.py:574 Policy operation deployment=omx-act instance=4bc7a2bb48514cdaa75527d9c0cf2e26 session=4eb22a24781d4801ad635deef5a48a9f generation=1 request=f685976e3356430397214ea255e79f70 type=observation queue_s=0.000110 worker_s=0.009569
INFO 2026-09-29 19:12:54 e/server.py:574 Policy operation deployment=omx-act instance=4bc7a2bb48514cdaa75527d9c0cf2e26 session=4eb22a24781d4801ad635deef5a48a9f generation=1 request=6b0d9ec4fe2b4430b193c4c726c9896f type=observation queue_s=0.000167 worker_s=0.008455
INFO 2026-09-29 19:12:54 e/server.py:574 Policy operation deployment=omx-act instance=4bc7a2bb48514cdaa75527d9c0cf2e26 session=4eb22a24781d4801ad635deef5a48a9f generation=1 request=52320d62e61049ed85aa4a5c711dfd79 type=observation queue_s=0.000131 worker_s=0.008803
INFO 2026-09-29 19:12:54 e/server.py:574 Policy operation deployment=omx-act instance=4bc7a2bb48514cdaa75527d9c0cf2e26 session=4eb22a24781d4801ad635deef5a48a9f generation=1 request=af5886ac1480462a9d7fd3d02531c09c type=observation queue_s=0.000114 worker_s=0.009492
INFO 2026-09-29 19:12:54 e/server.py:574 Policy operation deployment=omx-act instance=4bc7a2bb48514cdaa75527d9c0cf2e26 session=4eb22a24781d4801ad635deef5a48a9f generation=1 request=633c0035876f4dae889b2c4b2ce929c6 type=observation queue_s=0.000138 worker_s=0.009311
INFO 2026-09-29 19:12:54 e/server.py:574 Policy operation deployment=omx-act instance=4bc7a2bb48514cdaa75527d9c0cf2e26 session=4eb22a24781d4801ad635deef5a48a9f generation=1 request=add2e004a5e9497eb45d81469c726750 type=observation queue_s=0.000124 worker_s=0.009649
INFO 2026-09-29 19:12:54 e/server.py:574 Policy operation deployment=omx-act instance=4bc7a2bb48514cdaa75527d9c0cf2e26 session=4eb22a24781d4801ad635deef5a48a9f generation=1 request=89390e1532044df88b5035c6fb4e71ae type=observation queue_s=0.000132 worker_s=0.009540
INFO 2026-09-29 19:12:54 e/server.py:574 Policy operation deployment=omx-act instance=4bc7a2bb48514cdaa75527d9c0cf2e26 session=4eb22a24781d4801ad635deef5a48a9f generation=1 request=04960e16aad54ab0a983f8aedb1c012b type=observation queue_s=0.000162 worker_s=0.009892
INFO 2026-09-29 19:12:54 e/server.py:574 Policy operation deployment=omx-act instance=4bc7a2bb48514cdaa75527d9c0cf2e26 session=4eb22a24781d4801ad635deef5a48a9f generation=1 request=c925ccef76504d7c9a60fe41b193ff6e type=observation queue_s=0.000208 worker_s=0.008943
INFO 2026-09-29 19:12:54 e/server.py:574 Policy operation deployment=omx-act instance=4bc7a2bb48514cdaa75527d9c0cf2e26 session=4eb22a24781d4801ad635deef5a48a9f generation=1 request=1c97beebf9e1436da7547b1fab22b430 type=observation queue_s=0.000166 worker_s=0.008649
INFO 2026-09-29 19:12:54 e/server.py:574 Policy operation deployment=omx-act instance=4bc7a2bb48514cdaa75527d9c0cf2e26 session=4eb22a24781d4801ad635deef5a48a9f generation=1 request=8df7899e88d44d9d897d45eb0ed0c0c4 type=observation queue_s=0.000206 worker_s=0.008842
INFO 2026-09-29 19:12:55 e/server.py:574 Policy operation deployment=omx-act instance=4bc7a2bb48514cdaa75527d9c0cf2e26 session=4eb22a24781d4801ad635deef5a48a9f generation=1 request=87dc706148b84d3b8733036b2d3bc276 type=observation queue_s=0.000118 worker_s=0.009043
INFO 2026-09-29 19:12:55 e/server.py:574 Policy operation deployment=omx-act instance=4bc7a2bb48514cdaa75527d9c0cf2e26 session=4eb22a24781d4801ad635deef5a48a9f generation=1 request=2e6a3b31e6a14d8797f3bc9b3622ed52 type=observation queue_s=0.000190 worker_s=0.010019
INFO 2026-09-29 19:12:55 e/server.py:574 Policy operation deployment=omx-act instance=4bc7a2bb48514cdaa75527d9c0cf2e26 session=4eb22a24781d4801ad635deef5a48a9f generation=1 request=3efec9a2d2e34a7292bf32029b320af2 type=observation queue_s=0.000149 worker_s=0.009475
INFO 2026-09-29 19:12:55 e/server.py:574 Policy operation deployment=omx-act instance=4bc7a2bb48514cdaa75527d9c0cf2e26 session=4eb22a24781d4801ad635deef5a48a9f generation=1 request=db32ec1616db4681b9b4d9d786003bb4 type=observation queue_s=0.000150 worker_s=0.009179
INFO 2026-09-29 19:12:55 e/server.py:574 Policy operation deployment=omx-act instance=4bc7a2bb48514cdaa75527d9c0cf2e26 session=4eb22a24781d4801ad635deef5a48a9f generation=1 request=8f2a41872db54df087db3c567ba70913 type=observation queue_s=0.000196 worker_s=0.009888
INFO 2026-09-29 19:12:55 e/server.py:574 Policy operation deployment=omx-act instance=4bc7a2bb48514cdaa75527d9c0cf2e26 session=4eb22a24781d4801ad635deef5a48a9f generation=1 request=f776eb5ab4a34226b3acd38c6689b9c0 type=observation queue_s=0.000141 worker_s=0.009262
INFO 2026-09-29 19:12:55 e/server.py:574 Policy operation deployment=omx-act instance=4bc7a2bb48514cdaa75527d9c0cf2e26 session=4eb22a24781d4801ad635deef5a48a9f generation=1 request=fbd77094b08e43c99c1c7a510af7b748 type=observation queue_s=0.000132 worker_s=0.009002
INFO 2026-09-29 19:12:55 e/server.py:574 Policy operation deployment=omx-act instance=4bc7a2bb48514cdaa75527d9c0cf2e26 session=4eb22a24781d4801ad635deef5a48a9f generation=1 request=2dbc936294da46b198e97bb9bdd78878 type=observation queue_s=0.000138 worker_s=0.009470
INFO 2026-09-29 19:12:55 e/server.py:574 Policy operation deployment=omx-act instance=4bc7a2bb48514cdaa75527d9c0cf2e26 session=4eb22a24781d4801ad635deef5a48a9f generation=1 request=85322ef32b0b48c1916530b84afe922b type=observation queue_s=0.000144 worker_s=0.008762
INFO 2026-09-29 19:12:55 e/server.py:574 Policy operation deployment=omx-act instance=4bc7a2bb48514cdaa75527d9c0cf2e26 session=4eb22a24781d4801ad635deef5a48a9f generation=1 request=9afa779e95b646f79fbbbce6971f0b8c type=observation queue_s=0.000125 worker_s=0.008947
INFO 2026-09-29 19:12:55 e/server.py:574 Policy operation deployment=omx-act instance=4bc7a2bb48514cdaa75527d9c0cf2e26 session=4eb22a24781d4801ad635deef5a48a9f generation=1 request=eb1837bac1f94496965d1d0f6e8d62e6 type=observation queue_s=0.000120 worker_s=0.010727
INFO 2026-09-29 19:12:55 e/server.py:574 Policy operation deployment=omx-act instance=4bc7a2bb48514cdaa75527d9c0cf2e26 session=4eb22a24781d4801ad635deef5a48a9f generation=1 request=e1262d33444a4491be49e709fa3abcdb type=observation queue_s=0.000023 worker_s=0.009270
INFO 2026-09-29 19:12:55 e/server.py:574 Policy operation deployment=omx-act instance=4bc7a2bb48514cdaa75527d9c0cf2e26 session=4eb22a24781d4801ad635deef5a48a9f generation=1 request=87dacdaa5c394d0cb163edff5b1ae612 type=observation queue_s=0.000024 worker_s=0.010247
INFO 2026-09-29 19:12:55 e/server.py:574 Policy operation deployment=omx-act instance=4bc7a2bb48514cdaa75527d9c0cf2e26 session=4eb22a24781d4801ad635deef5a48a9f generation=1 request=bfe36a9b34ed4814a6b5de6618f1a8e5 type=observation queue_s=0.000031 worker_s=0.010830
INFO 2026-09-29 19:12:55 e/server.py:574 Policy operation deployment=omx-act instance=4bc7a2bb48514cdaa75527d9c0cf2e26 session=4eb22a24781d4801ad635deef5a48a9f generation=1 request=aa3e3185e3fa43d4a386421cd2082c13 type=observation queue_s=0.000020 worker_s=0.011227
INFO 2026-09-29 19:12:55 e/server.py:574 Policy operation deployment=omx-act instance=4bc7a2bb48514cdaa75527d9c0cf2e26 session=4eb22a24781d4801ad635deef5a48a9f generation=1 request=4fbb92ea9425423e84494098d18b8795 type=observation queue_s=0.000025 worker_s=0.010588
INFO 2026-09-29 19:12:55 e/server.py:574 Policy operation deployment=omx-act instance=4bc7a2bb48514cdaa75527d9c0cf2e26 session=4eb22a24781d4801ad635deef5a48a9f generation=1 request=a2f3d555c4ce489a89a4c8ecd1919c9b type=observation queue_s=0.000098 worker_s=0.010717
INFO 2026-09-29 19:12:55 e/server.py:574 Policy operation deployment=omx-act instance=4bc7a2bb48514cdaa75527d9c0cf2e26 session=4eb22a24781d4801ad635deef5a48a9f generation=1 request=6737599ce44544c881855dd02dfd16ea type=observation queue_s=0.000028 worker_s=0.010419
INFO 2026-09-29 19:12:55 e/server.py:574 Policy operation deployment=omx-act instance=4bc7a2bb48514cdaa75527d9c0cf2e26 session=4eb22a24781d4801ad635deef5a48a9f generation=1 request=bb7ace6d4802482196abbd744cc18610 type=observation queue_s=0.000040 worker_s=0.009721
INFO 2026-09-29 19:12:55 e/server.py:574 Policy operation deployment=omx-act instance=4bc7a2bb48514cdaa75527d9c0cf2e26 session=4eb22a24781d4801ad635deef5a48a9f generation=1 request=aaf8c2d65c1d4215928da6a5cd12092f type=observation queue_s=0.000090 worker_s=0.010970
INFO 2026-09-29 19:12:55 e/server.py:574 Policy operation deployment=omx-act instance=4bc7a2bb48514cdaa75527d9c0cf2e26 session=4eb22a24781d4801ad635deef5a48a9f generation=1 request=5fd6f11ea41a42e1831d18e88b57d4b9 type=observation queue_s=0.000033 worker_s=0.010483
INFO 2026-09-29 19:12:55 e/server.py:574 Policy operation deployment=omx-act instance=4bc7a2bb48514cdaa75527d9c0cf2e26 session=4eb22a24781d4801ad635deef5a48a9f generation=1 request=3ff456fcfb18456080bb713f4a39cb4b type=observation queue_s=0.000038 worker_s=0.010739
INFO 2026-09-29 19:12:55 e/server.py:574 Policy operation deployment=omx-act instance=4bc7a2bb48514cdaa75527d9c0cf2e26 session=4eb22a24781d4801ad635deef5a48a9f generation=1 request=83eec6d839874a648814c9aa99cf6040 type=observation queue_s=0.000030 worker_s=0.011049
INFO 2026-09-29 19:12:55 e/server.py:574 Policy operation deployment=omx-act instance=4bc7a2bb48514cdaa75527d9c0cf2e26 session=4eb22a24781d4801ad635deef5a48a9f generation=1 request=31a4e7b6eac74001bf55b4d5fcfb0033 type=observation queue_s=0.000044 worker_s=0.011051
INFO 2026-09-29 19:12:55 e/server.py:574 Policy operation deployment=omx-act instance=4bc7a2bb48514cdaa75527d9c0cf2e26 session=4eb22a24781d4801ad635deef5a48a9f generation=1 request=352d4864cf2948f090bf2e8a6acf6115 type=observation queue_s=0.000088 worker_s=0.011081
INFO 2026-09-29 19:12:55 e/server.py:574 Policy operation deployment=omx-act instance=4bc7a2bb48514cdaa75527d9c0cf2e26 session=4eb22a24781d4801ad635deef5a48a9f generation=1 request=a2b925713e7d412d9f361837ebbf8f5c type=observation queue_s=0.000020 worker_s=0.010262
INFO 2026-09-29 19:12:55 e/server.py:574 Policy operation deployment=omx-act instance=4bc7a2bb48514cdaa75527d9c0cf2e26 session=4eb22a24781d4801ad635deef5a48a9f generation=1 request=4e00c5eee4434fa1aa55579c2eb020fa type=observation queue_s=0.000093 worker_s=0.010416
INFO 2026-09-29 19:12:56 e/server.py:574 Policy operation deployment=omx-act instance=4bc7a2bb48514cdaa75527d9c0cf2e26 session=4eb22a24781d4801ad635deef5a48a9f generation=1 request=ce6ebddde96244839ab677c6206eb71f type=observation queue_s=0.000078 worker_s=0.010587
INFO 2026-09-29 19:12:56 e/server.py:574 Policy operation deployment=omx-act instance=4bc7a2bb48514cdaa75527d9c0cf2e26 session=4eb22a24781d4801ad635deef5a48a9f generation=1 request=a28cae1232a74aa69f565b7bcb004b22 type=observation queue_s=0.000139 worker_s=0.011310
INFO 2026-09-29 19:12:56 e/server.py:574 Policy operation deployment=omx-act instance=4bc7a2bb48514cdaa75527d9c0cf2e26 session=4eb22a24781d4801ad635deef5a48a9f generation=1 request=29511cb21fe94d1ab36d8569429f6867 type=observation queue_s=0.000124 worker_s=0.011446
INFO 2026-09-29 19:12:56 e/server.py:574 Policy operation deployment=omx-act instance=4bc7a2bb48514cdaa75527d9c0cf2e26 session=4eb22a24781d4801ad635deef5a48a9f generation=1 request=bb5d809b8c974dc9a7ed8242ed5371c9 type=observation queue_s=0.000131 worker_s=0.010837
INFO 2026-09-29 19:12:56 e/server.py:574 Policy operation deployment=omx-act instance=4bc7a2bb48514cdaa75527d9c0cf2e26 session=4eb22a24781d4801ad635deef5a48a9f generation=1 request=e135b13bbb624f96bbf15358ba75378c type=observation queue_s=0.000099 worker_s=0.010760
INFO 2026-09-29 19:12:56 e/server.py:574 Policy operation deployment=omx-act instance=4bc7a2bb48514cdaa75527d9c0cf2e26 session=4eb22a24781d4801ad635deef5a48a9f generation=1 request=105b2be7aed24a87953c11458d2848d3 type=observation queue_s=0.000122 worker_s=0.010786
INFO 2026-09-29 19:12:56 e/server.py:574 Policy operation deployment=omx-act instance=4bc7a2bb48514cdaa75527d9c0cf2e26 session=4eb22a24781d4801ad635deef5a48a9f generation=1 request=08747d14b91f40d7a74c5d6734afcb9e type=observation queue_s=0.000119 worker_s=0.012044
INFO 2026-09-29 19:12:56 e/server.py:574 Policy operation deployment=omx-act instance=4bc7a2bb48514cdaa75527d9c0cf2e26 session=4eb22a24781d4801ad635deef5a48a9f generation=1 request=f9164753fa484b359b7ae1f6432071e8 type=observation queue_s=0.000108 worker_s=0.011775
INFO 2026-09-29 19:12:56 e/server.py:574 Policy operation deployment=omx-act instance=4bc7a2bb48514cdaa75527d9c0cf2e26 session=4eb22a24781d4801ad635deef5a48a9f generation=1 request=0ef2f4f7c2e14658918db6c7b53f1d11 type=observation queue_s=0.000091 worker_s=0.010587
INFO 2026-09-29 19:12:56 e/server.py:574 Policy operation deployment=omx-act instance=4bc7a2bb48514cdaa75527d9c0cf2e26 session=4eb22a24781d4801ad635deef5a48a9f generation=1 request=eca7df9066a94fdebbbebd096bbfef2c type=observation queue_s=0.000145 worker_s=0.010796
INFO 2026-09-29 19:12:56 e/server.py:574 Policy operation deployment=omx-act instance=4bc7a2bb48514cdaa75527d9c0cf2e26 session=4eb22a24781d4801ad635deef5a48a9f generation=1 request=f7d4b23d4a4449f9a199186c994c3e62 type=observation queue_s=0.000092 worker_s=0.011019
INFO 2026-09-29 19:12:56 e/server.py:574 Policy operation deployment=omx-act instance=4bc7a2bb48514cdaa75527d9c0cf2e26 session=4eb22a24781d4801ad635deef5a48a9f generation=1 request=a9e3935bf69a44fda2d13e9bafc10d5e type=observation queue_s=0.000105 worker_s=0.011123
INFO 2026-09-29 19:12:56 e/server.py:574 Policy operation deployment=omx-act instance=4bc7a2bb48514cdaa75527d9c0cf2e26 session=4eb22a24781d4801ad635deef5a48a9f generation=1 request=3606d0983046493a8f68e1ad59cd5fc2 type=observation queue_s=0.000100 worker_s=0.011234
INFO 2026-09-29 19:12:56 e/server.py:574 Policy operation deployment=omx-act instance=4bc7a2bb48514cdaa75527d9c0cf2e26 session=4eb22a24781d4801ad635deef5a48a9f generation=1 request=0a3b66386b1f4e76afebc1917826254f type=observation queue_s=0.000098 worker_s=0.010522
INFO 2026-09-29 19:12:56 e/server.py:574 Policy operation deployment=omx-act instance=4bc7a2bb48514cdaa75527d9c0cf2e26 session=4eb22a24781d4801ad635deef5a48a9f generation=1 request=9bdfbe998a2c46cd9d178bf1b3d57004 type=observation queue_s=0.000087 worker_s=0.009770
INFO 2026-09-29 19:12:56 e/server.py:574 Policy operation deployment=omx-act instance=4bc7a2bb48514cdaa75527d9c0cf2e26 session=4eb22a24781d4801ad635deef5a48a9f generation=1 request=ac4529fc5d384c01a3a3ea700fef925c type=observation queue_s=0.000094 worker_s=0.010258
INFO 2026-09-29 19:12:56 e/server.py:574 Policy operation deployment=omx-act instance=4bc7a2bb48514cdaa75527d9c0cf2e26 session=4eb22a24781d4801ad635deef5a48a9f generation=1 request=0a465b4babb5424a93ecb748a7f8a97f type=observation queue_s=0.000128 worker_s=0.010784
INFO 2026-09-29 19:12:56 e/server.py:574 Policy operation deployment=omx-act instance=4bc7a2bb48514cdaa75527d9c0cf2e26 session=4eb22a24781d4801ad635deef5a48a9f generation=1 request=cd451fbbda654176a83899a43379c43a type=observation queue_s=0.000133 worker_s=0.011975
INFO 2026-09-29 19:12:56 e/server.py:574 Policy operation deployment=omx-act instance=4bc7a2bb48514cdaa75527d9c0cf2e26 session=4eb22a24781d4801ad635deef5a48a9f generation=1 request=e461bded17204abc846ee996783f34df type=observation queue_s=0.000040 worker_s=0.008297
INFO 2026-09-29 19:12:56 e/server.py:574 Policy operation deployment=omx-act instance=4bc7a2bb48514cdaa75527d9c0cf2e26 session=4eb22a24781d4801ad635deef5a48a9f generation=1 request=2c9aca00b1634f5b987b8c6a50575507 type=observation queue_s=0.000123 worker_s=0.008620
INFO 2026-09-29 19:12:56 e/server.py:574 Policy operation deployment=omx-act instance=4bc7a2bb48514cdaa75527d9c0cf2e26 session=4eb22a24781d4801ad635deef5a48a9f generation=1 request=61b82c50e8f449fb860aa2769c281d1f type=observation queue_s=0.000131 worker_s=0.008574
INFO 2026-09-29 19:12:56 e/server.py:574 Policy operation deployment=omx-act instance=4bc7a2bb48514cdaa75527d9c0cf2e26 session=4eb22a24781d4801ad635deef5a48a9f generation=1 request=3e25106b01d04292a85d9f2eac2dc7be type=observation queue_s=0.000124 worker_s=0.008639
INFO 2026-09-29 19:12:56 e/server.py:574 Policy operation deployment=omx-act instance=4bc7a2bb48514cdaa75527d9c0cf2e26 session=4eb22a24781d4801ad635deef5a48a9f generation=1 request=8e283d059dc84e46ac91c28e7d80644f type=observation queue_s=0.000108 worker_s=0.008829
INFO 2026-09-29 19:12:56 e/server.py:574 Policy operation deployment=omx-act instance=4bc7a2bb48514cdaa75527d9c0cf2e26 session=4eb22a24781d4801ad635deef5a48a9f generation=1 request=49721d50c3e14c78a8e7fc76a7e68a45 type=observation queue_s=0.000156 worker_s=0.009609
INFO 2026-09-29 19:12:56 e/server.py:574 Policy operation deployment=omx-act instance=4bc7a2bb48514cdaa75527d9c0cf2e26 session=4eb22a24781d4801ad635deef5a48a9f generation=1 request=755b2bb9c32f4ef8b6f056663acde689 type=observation queue_s=0.000131 worker_s=0.009486
INFO 2026-09-29 19:12:56 e/server.py:574 Policy operation deployment=omx-act instance=4bc7a2bb48514cdaa75527d9c0cf2e26 session=4eb22a24781d4801ad635deef5a48a9f generation=1 request=7f3b667828d3431d93869c657792f519 type=observation queue_s=0.000159 worker_s=0.008933
INFO 2026-09-29 19:12:57 e/server.py:574 Policy operation deployment=omx-act instance=4bc7a2bb48514cdaa75527d9c0cf2e26 session=4eb22a24781d4801ad635deef5a48a9f generation=1 request=9eee47f863864c9f92adecd6e36ab6f4 type=observation queue_s=0.000124 worker_s=0.009312
INFO 2026-09-29 19:12:57 e/server.py:574 Policy operation deployment=omx-act instance=4bc7a2bb48514cdaa75527d9c0cf2e26 session=4eb22a24781d4801ad635deef5a48a9f generation=1 request=ea4748406a3b472d96583d44f8a29401 type=observation queue_s=0.000133 worker_s=0.009080
INFO 2026-09-29 19:12:57 e/server.py:574 Policy operation deployment=omx-act instance=4bc7a2bb48514cdaa75527d9c0cf2e26 session=4eb22a24781d4801ad635deef5a48a9f generation=1 request=da98f52f4a3244dca4929db72348680b type=observation queue_s=0.000159 worker_s=0.010367
INFO 2026-09-29 19:12:57 e/server.py:574 Policy operation deployment=omx-act instance=4bc7a2bb48514cdaa75527d9c0cf2e26 session=4eb22a24781d4801ad635deef5a48a9f generation=1 request=1ee4558d0f114beca051eb93a8e4d306 type=observation queue_s=0.000117 worker_s=0.008115
INFO 2026-09-29 19:12:57 e/server.py:574 Policy operation deployment=omx-act instance=4bc7a2bb48514cdaa75527d9c0cf2e26 session=4eb22a24781d4801ad635deef5a48a9f generation=1 request=e8f782650c5248deb666abaa52a10ff7 type=observation queue_s=0.000124 worker_s=0.008750
INFO 2026-09-29 19:12:57 e/server.py:574 Policy operation deployment=omx-act instance=4bc7a2bb48514cdaa75527d9c0cf2e26 session=4eb22a24781d4801ad635deef5a48a9f generation=1 request=142953afb6024b3281477e9556c4fa05 type=observation queue_s=0.000124 worker_s=0.009479
INFO 2026-09-29 19:12:57 e/server.py:574 Policy operation deployment=omx-act instance=4bc7a2bb48514cdaa75527d9c0cf2e26 session=4eb22a24781d4801ad635deef5a48a9f generation=1 request=2883227d05724ed38dba5b4d73299f49 type=observation queue_s=0.000130 worker_s=0.009219
INFO 2026-09-29 19:12:57 e/server.py:574 Policy operation deployment=omx-act instance=4bc7a2bb48514cdaa75527d9c0cf2e26 session=4eb22a24781d4801ad635deef5a48a9f generation=1 request=646dcd059ebd428ca49cde1f55e33e8a type=observation queue_s=0.000186 worker_s=0.008954
INFO 2026-09-29 19:12:57 e/server.py:574 Policy operation deployment=omx-act instance=4bc7a2bb48514cdaa75527d9c0cf2e26 session=4eb22a24781d4801ad635deef5a48a9f generation=1 request=a3ea603b01f449ca9688442235a0f53b type=observation queue_s=0.000142 worker_s=0.009584
INFO 2026-09-29 19:12:57 e/server.py:574 Policy operation deployment=omx-act instance=4bc7a2bb48514cdaa75527d9c0cf2e26 session=4eb22a24781d4801ad635deef5a48a9f generation=1 request=53c92e0c114b49b29d65e7d11c9185f2 type=observation queue_s=0.000134 worker_s=0.009846
INFO 2026-09-29 19:12:57 e/server.py:574 Policy operation deployment=omx-act instance=4bc7a2bb48514cdaa75527d9c0cf2e26 session=4eb22a24781d4801ad635deef5a48a9f generation=1 request=fd149c2d66ff4cf7b5b0e04015c1aedb type=observation queue_s=0.000136 worker_s=0.009298
INFO 2026-09-29 19:12:57 e/server.py:574 Policy operation deployment=omx-act instance=4bc7a2bb48514cdaa75527d9c0cf2e26 session=4eb22a24781d4801ad635deef5a48a9f generation=1 request=242f756d177a4a819208e8cf971f7121 type=observation queue_s=0.000129 worker_s=0.010134
INFO 2026-09-29 19:12:57 e/server.py:574 Policy operation deployment=omx-act instance=4bc7a2bb48514cdaa75527d9c0cf2e26 session=4eb22a24781d4801ad635deef5a48a9f generation=1 request=a3c36427084640c881c001f4c73ce75b type=observation queue_s=0.000168 worker_s=0.009625
INFO 2026-09-29 19:12:57 e/server.py:574 Policy operation deployment=omx-act instance=4bc7a2bb48514cdaa75527d9c0cf2e26 session=4eb22a24781d4801ad635deef5a48a9f generation=1 request=7ac66ba543cd4410a1a9df3ad5c38e7b type=observation queue_s=0.000128 worker_s=0.009828
INFO 2026-09-29 19:12:57 e/server.py:574 Policy operation deployment=omx-act instance=4bc7a2bb48514cdaa75527d9c0cf2e26 session=4eb22a24781d4801ad635deef5a48a9f generation=1 request=0f832bde835247aca2edc5d0ed0f74a6 type=observation queue_s=0.000132 worker_s=0.009299
INFO 2026-09-29 19:12:57 e/server.py:574 Policy operation deployment=omx-act instance=4bc7a2bb48514cdaa75527d9c0cf2e26 session=4eb22a24781d4801ad635deef5a48a9f generation=1 request=cc7c3e69c0204f87b58015344ccae3ef type=observation queue_s=0.000135 worker_s=0.008929
INFO 2026-09-29 19:12:57 e/server.py:574 Policy operation deployment=omx-act instance=4bc7a2bb48514cdaa75527d9c0cf2e26 session=4eb22a24781d4801ad635deef5a48a9f generation=1 request=4bd23dbf1e7043d6b55b76d157d9758d type=observation queue_s=0.000160 worker_s=0.009436
INFO 2026-09-29 19:12:57 e/server.py:574 Policy operation deployment=omx-act instance=4bc7a2bb48514cdaa75527d9c0cf2e26 session=4eb22a24781d4801ad635deef5a48a9f generation=1 request=fed0bb3258624c5dbbc70dd8b0f6501b type=observation queue_s=0.000174 worker_s=0.008871
INFO 2026-09-29 19:12:57 e/server.py:574 Policy operation deployment=omx-act instance=4bc7a2bb48514cdaa75527d9c0cf2e26 session=4eb22a24781d4801ad635deef5a48a9f generation=1 request=26b8e79934be44b2a257fbe7a89880
1b type=observation queue_s=0.000104 worker_s=0.009669
INFO 2026-09-29 19:12:57 e/server.py:574 Policy operation deployment=omx-act instance=4bc7a2bb48514cdaa75527d9c0cf2e26 session=4eb22a24781d4801ad635deef5a48a9f generation=1 request=56895e426dc7443188fc3289dfea0e7e type=observation queue_s=0.000181 worker_s=0.011114
INFO 2026-09-29 19:12:57 e/server.py:574 Policy operation deployment=omx-act instance=4bc7a2bb48514cdaa75527d9c0cf2e26 session=4eb22a24781d4801ad635deef5a48a9f generation=1 request=ba593ab2bc9b4f12b1530ab445efab7b type=observation queue_s=0.000138 worker_s=0.009741
INFO 2026-09-29 19:12:57 e/server.py:574 Policy operation deployment=omx-act instance=4bc7a2bb48514cdaa75527d9c0cf2e26 session=4eb22a24781d4801ad635deef5a48a9f generation=1 request=33809176167643bdb23ebf0c9fa74211 type=observation queue_s=0.000139 worker_s=0.009404
INFO 2026-09-29 19:12:57 e/server.py:574 Policy operation deployment=omx-act instance=4bc7a2bb48514cdaa75527d9c0cf2e26 session=4eb22a24781d4801ad635deef5a48a9f generation=1 request=fe8ac7a2253e4384bfe4d436254a3721 type=observation queue_s=0.000135 worker_s=0.009628
INFO 2026-09-29 19:12:57 e/server.py:574 Policy operation deployment=omx-act instance=4bc7a2bb48514cdaa75527d9c0cf2e26 session=4eb22a24781d4801ad635deef5a48a9f generation=1 request=f1c3053cbdb740dfa346e1b314003c6e type=observation queue_s=0.000152 worker_s=0.009891
INFO 2026-09-29 19:12:57 e/server.py:574 Policy operation deployment=omx-act instance=4bc7a2bb48514cdaa75527d9c0cf2e26 session=4eb22a24781d4801ad635deef5a48a9f generation=1 request=cf88d8961c3c4319a6d18a3e3fa20c15 type=observation queue_s=0.000119 worker_s=0.011066
INFO 2026-09-29 19:12:57 e/server.py:574 Policy operation deployment=omx-act instance=4bc7a2bb48514cdaa75527d9c0cf2e26 session=4eb22a24781d4801ad635deef5a48a9f generation=1 request=7e0b2f19b6fc43e586ee658c47d7c69b type=observation queue_s=0.000122 worker_s=0.008443
INFO 2026-09-29 19:12:57 e/server.py:574 Policy operation deployment=omx-act instance=4bc7a2bb48514cdaa75527d9c0cf2e26 session=4eb22a24781d4801ad635deef5a48a9f generation=1 request=03e8079599904ca78c5c32a66d9d054a type=observation queue_s=0.000142 worker_s=0.008544
INFO 2026-09-29 19:12:58 e/server.py:574 Policy operation deployment=omx-act instance=4bc7a2bb48514cdaa75527d9c0cf2e26 session=4eb22a24781d4801ad635deef5a48a9f generation=1 request=e5f6ffe997ad48ada16d4d399b5331de type=observation queue_s=0.000116 worker_s=0.008896
INFO 2026-09-29 19:12:58 e/server.py:574 Policy operation deployment=omx-act instance=4bc7a2bb48514cdaa75527d9c0cf2e26 session=4eb22a24781d4801ad635deef5a48a9f generation=1 request=dde05b47c1de437f8261c94a58149b21 type=observation queue_s=0.000174 worker_s=0.009709
INFO 2026-09-29 19:12:58 e/server.py:574 Policy operation deployment=omx-act instance=4bc7a2bb48514cdaa75527d9c0cf2e26 session=4eb22a24781d4801ad635deef5a48a9f generation=1 request=03cf9883cc9946b88c2c49decfff9115 type=observation queue_s=0.000138 worker_s=0.009535
INFO 2026-09-29 19:12:58 e/server.py:574 Policy operation deployment=omx-act instance=4bc7a2bb48514cdaa75527d9c0cf2e26 session=4eb22a24781d4801ad635deef5a48a9f generation=1 request=2fa2add7fa6d415fbd04122cff97133b type=observation queue_s=0.000130 worker_s=0.009503
INFO 2026-09-29 19:12:58 e/server.py:574 Policy operation deployment=omx-act instance=4bc7a2bb48514cdaa75527d9c0cf2e26 session=4eb22a24781d4801ad635deef5a48a9f generation=1 request=572b126070764ac5b03428ed01f271bc type=observation queue_s=0.000138 worker_s=0.009292
INFO 2026-09-29 19:12:58 e/server.py:574 Policy operation deployment=omx-act instance=4bc7a2bb48514cdaa75527d9c0cf2e26 session=4eb22a24781d4801ad635deef5a48a9f generation=1 request=729b0b45e8e64395b770807973eb7bfa type=observation queue_s=0.000146 worker_s=0.008956
INFO 2026-09-29 19:12:58 e/server.py:574 Policy operation deployment=omx-act instance=4bc7a2bb48514cdaa75527d9c0cf2e26 session=4eb22a24781d4801ad635deef5a48a9f generation=1 request=0699ab1cb51348b2839a811b2c9ea2b2 type=observation queue_s=0.000163 worker_s=0.009504
INFO 2026-09-29 19:12:58 e/server.py:574 Policy operation deployment=omx-act instance=4bc7a2bb48514cdaa75527d9c0cf2e26 session=4eb22a24781d4801ad635deef5a48a9f generation=1 request=e8d08191c7714fdca0af638b5db6a8dc type=observation queue_s=0.000132 worker_s=0.009708
INFO 2026-09-29 19:12:58 e/server.py:574 Policy operation deployment=omx-act instance=4bc7a2bb48514cdaa75527d9c0cf2e26 session=4eb22a24781d4801ad635deef5a48a9f generation=1 request=bfa14741c5fc4d70ae59914824055591 type=observation queue_s=0.000180 worker_s=0.008521
INFO 2026-09-29 19:12:58 e/server.py:574 Policy operation deployment=omx-act instance=4bc7a2bb48514cdaa75527d9c0cf2e26 session=4eb22a24781d4801ad635deef5a48a9f generation=1 request=6eab004057b34e3ba9d6e81ddc558ad9 type=observation queue_s=0.000147 worker_s=0.009828
INFO 2026-09-29 19:12:58 e/server.py:318 Session cleanup queued instance=4bc7a2bb48514cdaa75527d9c0cf2e26 session=4eb22a24781d4801ad635deef5a48a9f reason=client_close inference_pending=True; ownership releases only after worker close/reset completes
INFO 2026-09-29 19:12:58 e/server.py:574 Policy operation deployment=omx-act instance=4bc7a2bb48514cdaa75527d9c0cf2e26 session=4eb22a24781d4801ad635deef5a48a9f generation=1 request=2f2b4903fd264143bc66f47373921458 type=observation queue_s=0.000151 worker_s=0.009539
INFO 2026-09-29 19:12:58 e/server.py:459 Session released instance=4bc7a2bb48514cdaa75527d9c0cf2e26 session=4eb22a24781d4801ad635deef5a48a9f reason=client_close; deployment available for a new session
INFO 2026-09-29 19:13:56 e/server.py:430 Session admitted instance=4bc7a2bb48514cdaa75527d9c0cf2e26 session=882a8fa6ea8e42538fb681e9f08f0127
INFO 2026-09-29 19:13:56 e/server.py:614 Session client absent instance=4bc7a2bb48514cdaa75527d9c0cf2e26 session=882a8fa6ea8e42538fb681e9f08f0127 grace_s=30.000 inference_pending=False
INFO 2026-09-29 19:13:56 e/server.py:602 Session presence restored instance=4bc7a2bb48514cdaa75527d9c0cf2e26 session=882a8fa6ea8e42538fb681e9f08f0127; absence cleanup cancelled
INFO 2026-09-29 19:13:56 e/server.py:574 Policy operation deployment=omx-act instance=4bc7a2bb48514cdaa75527d9c0cf2e26 session=882a8fa6ea8e42538fb681e9f08f0127 generation=1 request=49863e1b36a14849995efd949f83050f type=observation queue_s=0.000113 worker_s=0.023244
INFO 2026-09-29 19:13:56 e/server.py:574 Policy operation deployment=omx-act instance=4bc7a2bb48514cdaa75527d9c0cf2e26 session=882a8fa6ea8e42538fb681e9f08f0127 generation=1 request=8d3c1e29776f4215adb5016e371a019f type=observation queue_s=0.000119 worker_s=0.011111
INFO 2026-09-29 19:13:57 e/server.py:574 Policy operation deployment=omx-act instance=4bc7a2bb48514cdaa75527d9c0cf2e26 session=882a8fa6ea8e42538fb681e9f08f0127 generation=1 request=5bd87360e8e64790be368bcc2a10c030 type=observation queue_s=0.000145 worker_s=0.011693
INFO 2026-09-29 19:13:57 e/server.py:574 Policy operation deployment=omx-act instance=4bc7a2bb48514cdaa75527d9c0cf2e26 session=882a8fa6ea8e42538fb681e9f08f0127 generation=1 request=35b69ba44c03406181fc162490c83e95 type=observation queue_s=0.000160 worker_s=0.011377
INFO 2026-09-29 19:13:57 e/server.py:574 Policy operation deployment=omx-act instance=4bc7a2bb48514cdaa75527d9c0cf2e26 session=882a8fa6ea8e42538fb681e9f08f0127 generation=1 request=68672322d9e14d7680361bebfb242247 type=observation queue_s=0.000123 worker_s=0.008889
INFO 2026-09-29 19:13:57 e/server.py:574 Policy operation deployment=omx-act instance=4bc7a2bb48514cdaa75527d9c0cf2e26 session=882a8fa6ea8e42538fb681e9f08f0127 generation=1 request=ddca8ba071b549f3a020256b922b114f type=observation queue_s=0.000141 worker_s=0.011280
INFO 2026-09-29 19:13:57 e/server.py:574 Policy operation deployment=omx-act instance=4bc7a2bb48514cdaa75527d9c0cf2e26 session=882a8fa6ea8e42538fb681e9f08f0127 generation=1 request=eddc1da8272643819553d6e85c5d4dde type=observation queue_s=0.000145 worker_s=0.010486
INFO 2026-09-29 19:13:57 e/server.py:574 Policy operation deployment=omx-act instance=4bc7a2bb48514cdaa75527d9c0cf2e26 session=882a8fa6ea8e42538fb681e9f08f0127 generation=1 request=1e8cc89a82a64a81821bbaf16230828a type=observation queue_s=0.000103 worker_s=0.010699
INFO 2026-09-29 19:13:57 e/server.py:574 Policy operation deployment=omx-act instance=4bc7a2bb48514cdaa75527d9c0cf2e26 session=882a8fa6ea8e42538fb681e9f08f0127 generation=1 request=d4e9c53bdd8e4aaeac5caded77f4192c type=observation queue_s=0.000116 worker_s=0.009839
INFO 2026-09-29 19:13:57 e/server.py:574 Policy operation deployment=omx-act instance=4bc7a2bb48514cdaa75527d9c0cf2e26 session=882a8fa6ea8e42538fb681e9f08f0127 generation=1 request=8a6b5d3a93ed48d3bc87e40774027e58 type=observation queue_s=0.000111 worker_s=0.009501
INFO 2026-09-29 19:13:57 e/server.py:574 Policy operation deployment=omx-act instance=4bc7a2bb48514cdaa75527d9c0cf2e26 session=882a8fa6ea8e42538fb681e9f08f0127 generation=1 request=144fae46a47d44ff80ad871d18ff2a5e type=observation queue_s=0.000123 worker_s=0.009393
INFO 2026-09-29 19:13:57 e/server.py:574 Policy operation deployment=omx-act instance=4bc7a2bb48514cdaa75527d9c0cf2e26 session=882a8fa6ea8e42538fb681e9f08f0127 generation=1 request=d68ccb3d9cb14824b7c0a752b0b445a2 type=observation queue_s=0.000132 worker_s=0.009768
INFO 2026-09-29 19:13:57 e/server.py:574 Policy operation deployment=omx-act instance=4bc7a2bb48514cdaa75527d9c0cf2e26 session=882a8fa6ea8e42538fb681e9f08f0127 generation=1 request=bb8d35ccec2a4a01a40741859b8ed0c8 type=observation queue_s=0.000127 worker_s=0.009993
INFO 2026-09-29 19:13:57 e/server.py:574 Policy operation deployment=omx-act instance=4bc7a2bb48514cdaa75527d9c0cf2e26 session=882a8fa6ea8e42538fb681e9f08f0127 generation=1 request=982cb409f6a749fb961d6e37f38af06e type=observation queue_s=0.000142 worker_s=0.010041
INFO 2026-09-29 19:13:57 e/server.py:574 Policy operation deployment=omx-act instance=4bc7a2bb48514cdaa75527d9c0cf2e26 session=882a8fa6ea8e42538fb681e9f08f0127 generation=1 request=1db70e0c20544410a8a6d49d9c2cfdad type=observation queue_s=0.000156 worker_s=0.008496
INFO 2026-09-29 19:13:57 e/server.py:574 Policy operation deployment=omx-act instance=4bc7a2bb48514cdaa75527d9c0cf2e26 session=882a8fa6ea8e42538fb681e9f08f0127 generation=1 request=805a8894fa13493fa91de3a251362707 type=observation queue_s=0.000141 worker_s=0.010242
INFO 2026-09-29 19:13:58 e/server.py:574 Policy operation deployment=omx-act instance=4bc7a2bb48514cdaa75527d9c0cf2e26 session=882a8fa6ea8e42538fb681e9f08f0127 generation=1 request=26af3b69ab504ed5bc62c46c5ffbd952 type=observation queue_s=0.000174 worker_s=0.011013
INFO 2026-09-29 19:13:58 e/server.py:574 Policy operation deployment=omx-act instance=4bc7a2bb48514cdaa75527d9c0cf2e26 session=882a8fa6ea8e42538fb681e9f08f0127 generation=1 request=f969ee43b2b24d92aabce09d4cb828ea type=observation queue_s=0.000134 worker_s=0.009495
INFO 2026-09-29 19:13:58 e/server.py:574 Policy operation deployment=omx-act instance=4bc7a2bb48514cdaa75527d9c0cf2e26 session=882a8fa6ea8e42538fb681e9f08f0127 generation=1 request=3bd89cb662054418b2f22f3fb677b3c5 type=observation queue_s=0.000118 worker_s=0.009084
INFO 2026-09-29 19:13:58 e/server.py:574 Policy operation deployment=omx-act instance=4bc7a2bb48514cdaa75527d9c0cf2e26 session=882a8fa6ea8e42538fb681e9f08f0127 generation=1 request=54d22ce9414b4e13abac0128b68828fb type=observation queue_s=0.000123 worker_s=0.009106
INFO 2026-09-29 19:13:58 e/server.py:574 Policy operation deployment=omx-act instance=4bc7a2bb48514cdaa75527d9c0cf2e26 session=882a8fa6ea8e42538fb681e9f08f0127 generation=1 request=673f493adbc84a12a9dbfca51b8caf71 type=observation queue_s=0.000137 worker_s=0.008997
INFO 2026-09-29 19:13:58 e/server.py:574 Policy operation deployment=omx-act instance=4bc7a2bb48514cdaa75527d9c0cf2e26 session=882a8fa6ea8e42538fb681e9f08f0127 generation=1 request=308a3a8157a94a2e95d3584ef2258b12 type=observation queue_s=0.000135 worker_s=0.010199
INFO 2026-09-29 19:13:58 e/server.py:574 Policy operation deployment=omx-act instance=4bc7a2bb48514cdaa75527d9c0cf2e26 session=882a8fa6ea8e42538fb681e9f08f0127 generation=1 request=88f251971cbb4397b67547134ebc82ca type=observation queue_s=0.000145 worker_s=0.009738
INFO 2026-09-29 19:13:58 e/server.py:574 Policy operation deployment=omx-act instance=4bc7a2bb48514cdaa75527d9c0cf2e26 session=882a8fa6ea8e42538fb681e9f08f0127 generation=1 request=2aa6e602b2104d4d9ee2492f60469a93 type=observation queue_s=0.000163 worker_s=0.009700
INFO 2026-09-29 19:13:58 e/server.py:574 Policy operation deployment=omx-act instance=4bc7a2bb48514cdaa75527d9c0cf2e26 session=882a8fa6ea8e42538fb681e9f08f0127 generation=1 request=3f266e6f79094e13950cd3d4787ef4ca type=observation queue_s=0.000158 worker_s=0.009880
INFO 2026-09-29 19:13:58 e/server.py:574 Policy operation deployment=omx-act instance=4bc7a2bb48514cdaa75527d9c0cf2e26 session=882a8fa6ea8e42538fb681e9f08f0127 generation=1 request=9b5f43beb3a2430c917a13ab2531f89d type=observation queue_s=0.000130 worker_s=0.008113
INFO 2026-09-29 19:13:58 e/server.py:574 Policy operation deployment=omx-act instance=4bc7a2bb48514cdaa75527d9c0cf2e26 session=882a8fa6ea8e42538fb681e9f08f0127 generation=1 request=f27ccc795ade406e9de9936a44065931 type=observation queue_s=0.000135 worker_s=0.008676
INFO 2026-09-29 19:13:58 e/server.py:574 Policy operation deployment=omx-act instance=4bc7a2bb48514cdaa75527d9c0cf2e26 session=882a8fa6ea8e42538fb681e9f08f0127 generation=1 request=075aee4a71174cb5a61376d3fb559818 type=observation queue_s=0.000118 worker_s=0.010360
INFO 2026-09-29 19:13:58 e/server.py:574 Policy operation deployment=omx-act instance=4bc7a2bb48514cdaa75527d9c0cf2e26 session=882a8fa6ea8e42538fb681e9f08f0127 generation=1 request=11b81d116d5948b696430abc47ac05f9 type=observation queue_s=0.000169 worker_s=0.009157
INFO 2026-09-29 19:13:58 e/server.py:574 Policy operation deployment=omx-act instance=4bc7a2bb48514cdaa75527d9c0cf2e26 session=882a8fa6ea8e42538fb681e9f08f0127 generation=1 request=ba4e8c1f9d064b5eb2be53461b33c653 type=observation queue_s=0.000136 worker_s=0.009242
INFO 2026-09-29 19:13:58 e/server.py:574 Policy operation deployment=omx-act instance=4bc7a2bb48514cdaa75527d9c0cf2e26 session=882a8fa6ea8e42538fb681e9f08f0127 generation=1 request=edad2a6b0c284a14858270692a976840 type=observation queue_s=0.000177 worker_s=0.009988
INFO 2026-09-29 19:13:58 e/server.py:574 Policy operation deployment=omx-act instance=4bc7a2bb48514cdaa75527d9c0cf2e26 session=882a8fa6ea8e42538fb681e9f08f0127 generation=1 request=fe48078057a04a2ab903e1e3b3c557af type=observation queue_s=0.000097 worker_s=0.009458
INFO 2026-09-29 19:13:58 e/server.py:574 Policy operation deployment=omx-act instance=4bc7a2bb48514cdaa75527d9c0cf2e26 session=882a8fa6ea8e42538fb681e9f08f0127 generation=1 request=036eb4bc77eb4c938bd84c6f2bab984a type=observation queue_s=0.000143 worker_s=0.009969
INFO 2026-09-29 19:13:58 e/server.py:574 Policy operation deployment=omx-act instance=4bc7a2bb48514cdaa75527d9c0cf2e26 session=882a8fa6ea8e42538fb681e9f08f0127 generation=1 request=35b56597211b4a4192fdde58437a1bb7 type=observation queue_s=0.000119 worker_s=0.009526
INFO 2026-09-29 19:13:58 e/server.py:574 Policy operation deployment=omx-act instance=4bc7a2bb48514cdaa75527d9c0cf2e26 session=882a8fa6ea8e42538fb681e9f08f0127 generation=1 request=eb4c36df02c84f8c9c11d1a0200bb941 type=observation queue_s=0.000158 worker_s=0.009463
INFO 2026-09-29 19:13:58 e/server.py:574 Policy operation deployment=omx-act instance=4bc7a2bb48514cdaa75527d9c0cf2e26 session=882a8fa6ea8e42538fb681e9f08f0127 generation=1 request=77db31bd522447b89f3cec97794706e8 type=observation queue_s=0.000188 worker_s=0.009608
INFO 2026-09-29 19:13:58 e/server.py:574 Policy operation deployment=omx-act instance=4bc7a2bb48514cdaa75527d9c0cf2e26 session=882a8fa6ea8e42538fb681e9f08f0127 generation=1 request=aed6c3ff738f4561a537b3d027068d75 type=observation queue_s=0.000136 worker_s=0.009539
INFO 2026-09-29 19:13:58 e/server.py:574 Policy operation deployment=omx-act instance=4bc7a2bb48514cdaa75527d9c0cf2e26 session=882a8fa6ea8e42538fb681e9f08f0127 generation=1 request=a4535ee395804b629ec55c4f4f439aea type=observation queue_s=0.000131 worker_s=0.009376
INFO 2026-09-29 19:13:58 e/server.py:574 Policy operation deployment=omx-act instance=4bc7a2bb48514cdaa75527d9c0cf2e26 session=882a8fa6ea8e42538fb681e9f08f0127 generation=1 request=8e01b00c1cf1414e90bb6f3a8fcc8913 type=observation queue_s=0.000142 worker_s=0.009271
INFO 2026-09-29 19:13:58 e/server.py:574 Policy operation deployment=omx-act instance=4bc7a2bb48514cdaa75527d9c0cf2e26 session=882a8fa6ea8e42538fb681e9f08f0127 generation=1 request=ab4dae89419a46d2b6351024145f47b7 type=observation queue_s=0.000119 worker_s=0.008782
INFO 2026-09-29 19:13:58 e/server.py:574 Policy operation deployment=omx-act instance=4bc7a2bb48514cdaa75527d9c0cf2e26 session=882a8fa6ea8e42538fb681e9f08f0127 generation=1 request=3484cbe324e542ab97b9430ba0e0ea9f type=observation queue_s=0.000130 worker_s=0.009179
INFO 2026-09-29 19:13:58 e/server.py:574 Policy operation deployment=omx-act instance=4bc7a2bb48514cdaa75527d9c0cf2e26 session=882a8fa6ea8e42538fb681e9f08f0127 generation=1 request=cb1761ab040c4504a652b6ffa127bbdc type=observation queue_s=0.000125 worker_s=0.009655
INFO 2026-09-29 19:13:58 e/server.py:574 Policy operation deployment=omx-act instance=4bc7a2bb48514cdaa75527d9c0cf2e26 session=882a8fa6ea8e42538fb681e9f08f0127 generation=1 request=a8da10b859ad4485ad285ec50a463cf9 type=observation queue_s=0.000150 worker_s=0.009439
INFO 2026-09-29 19:13:58 e/server.py:574 Policy operation deployment=omx-act instance=4bc7a2bb48514cdaa75527d9c0cf2e26 session=882a8fa6ea8e42538fb681e9f08f0127 generation=1 request=5559a27adca845c5a70390d64a3bfa67 type=observation queue_s=0.000120 worker_s=0.009639
INFO 2026-09-29 19:13:59 e/server.py:574 Policy operation deployment=omx-act instance=4bc7a2bb48514cdaa75527d9c0cf2e26 session=882a8fa6ea8e42538fb681e9f08f0127 generation=1 request=7d7bd9e0848a4e7d874fbb73df78e5c2 type=observation queue_s=0.000138 worker_s=0.009964
INFO 2026-09-29 19:13:59 e/server.py:574 Policy operation deployment=omx-act instance=4bc7a2bb48514cdaa75527d9c0cf2e26 session=882a8fa6ea8e42538fb681e9f08f0127 generation=1 request=ec3bd7f0e5ee43a9aa70f49f265e1a40 type=observation queue_s=0.000146 worker_s=0.009614
INFO 2026-09-29 19:13:59 e/server.py:574 Policy operation deployment=omx-act instance=4bc7a2bb48514cdaa75527d9c0cf2e26 session=882a8fa6ea8e42538fb681e9f08f0127 generation=1 request=1ae6812ba4a54f80aee346a8fba6a2b0 type=observation queue_s=0.000144 worker_s=0.009191
INFO 2026-09-29 19:13:59 e/server.py:574 Policy operation deployment=omx-act instance=4bc7a2bb48514cdaa75527d9c0cf2e26 session=882a8fa6ea8e42538fb681e9f08f0127 generation=1 request=a025c4d0b9b34cf6829b697171ac11fe type=observation queue_s=0.000099 worker_s=0.009570
INFO 2026-09-29 19:13:59 e/server.py:574 Policy operation deployment=omx-act instance=4bc7a2bb48514cdaa75527d9c0cf2e26 session=882a8fa6ea8e42538fb681e9f08f0127 generation=1 request=29ef1dbb09b041fab7f0e6d5ad1ddd98 type=observation queue_s=0.000131 worker_s=0.009298
INFO 2026-09-29 19:13:59 e/server.py:574 Policy operation deployment=omx-act instance=4bc7a2bb48514cdaa75527d9c0cf2e26 session=882a8fa6ea8e42538fb681e9f08f0127 generation=1 request=b17816c46b094c90b436bf2d5db1559b type=observation queue_s=0.000143 worker_s=0.010370
INFO 2026-09-29 19:13:59 e/server.py:574 Policy operation deployment=omx-act instance=4bc7a2bb48514cdaa75527d9c0cf2e26 session=882a8fa6ea8e42538fb681e9f08f0127 generation=1 request=23daa2b4de37461c8b2d08854aacaa90 type=observation queue_s=0.000054 worker_s=0.009316
INFO 2026-09-29 19:13:59 e/server.py:574 Policy operation deployment=omx-act instance=4bc7a2bb48514cdaa75527d9c0cf2e26 session=882a8fa6ea8e42538fb681e9f08f0127 generation=1 request=649a57b7b7dc4c749f7de25c6e1bacdb type=observation queue_s=0.000117 worker_s=0.009753
INFO 2026-09-29 19:13:59 e/server.py:574 Policy operation deployment=omx-act instance=4bc7a2bb48514cdaa75527d9c0cf2e26 session=882a8fa6ea8e42538fb681e9f08f0127 generation=1 request=4448379a212746f09ea7fffa8e329af9 type=observation queue_s=0.000109 worker_s=0.009109
INFO 2026-09-29 19:13:59 e/server.py:574 Policy operation deployment=omx-act instance=4bc7a2bb48514cdaa75527d9c0cf2e26 session=882a8fa6ea8e42538fb681e9f08f0127 generation=1 request=d970155f0fcb459d87d36103837082cb type=observation queue_s=0.000119 worker_s=0.009834
INFO 2026-09-29 19:13:59 e/server.py:574 Policy operation deployment=omx-act instance=4bc7a2bb48514cdaa75527d9c0cf2e26 session=882a8fa6ea8e42538fb681e9f08f0127 generation=1 request=d7f55fcda9d14704b3f5103c6817ed43 type=observation queue_s=0.000116 worker_s=0.010269
INFO 2026-09-29 19:13:59 e/server.py:574 Policy operation deployment=omx-act instance=4bc7a2bb48514cdaa75527d9c0cf2e26 session=882a8fa6ea8e42538fb681e9f08f0127 generation=1 request=5cf16b8d28d643deb7225293c3b96034 type=observation queue_s=0.000139 worker_s=0.009899
INFO 2026-09-29 19:13:59 e/server.py:574 Policy operation deployment=omx-act instance=4bc7a2bb48514cdaa75527d9c0cf2e26 session=882a8fa6ea8e42538fb681e9f08f0127 generation=1 request=70fe55e560ab4640a552b184222c436f type=observation queue_s=0.000163 worker_s=0.009398
INFO 2026-09-29 19:13:59 e/server.py:574 Policy operation deployment=omx-act instance=4bc7a2bb48514cdaa75527d9c0cf2e26 session=882a8fa6ea8e42538fb681e9f08f0127 generation=1 request=b025cbaa4f0c4fdc8ddc536710aadb95 type=observation queue_s=0.000096 worker_s=0.009561
INFO 2026-09-29 19:13:59 e/server.py:574 Policy operation deployment=omx-act instance=4bc7a2bb48514cdaa75527d9c0cf2e26 session=882a8fa6ea8e42538fb681e9f08f0127 generation=1 request=9d79396424c84e969aa27c78a02de3b4 type=observation queue_s=0.000113 worker_s=0.009365
INFO 2026-09-29 19:13:59 e/server.py:574 Policy operation deployment=omx-act instance=4bc7a2bb48514cdaa75527d9c0cf2e26 session=882a8fa6ea8e42538fb681e9f08f0127 generation=1 request=8624e4767f0345509fda50106663d483 type=observation queue_s=0.000140 worker_s=0.009847
INFO 2026-09-29 19:13:59 e/server.py:574 Policy operation deployment=omx-act instance=4bc7a2bb48514cdaa75527d9c0cf2e26 session=882a8fa6ea8e42538fb681e9f08f0127 generation=1 request=f16c65f568934e86b1e74f635aecf4b8 type=observation queue_s=0.000153 worker_s=0.010039
INFO 2026-09-29 19:13:59 e/server.py:574 Policy operation deployment=omx-act instance=4bc7a2bb48514cdaa75527d9c0cf2e26 session=882a8fa6ea8e42538fb681e9f08f0127 generation=1 request=90f99333072e4c249da9adc7ed964d84 type=observation queue_s=0.000143 worker_s=0.009527
INFO 2026-09-29 19:13:59 e/server.py:574 Policy operation deployment=omx-act instance=4bc7a2bb48514cdaa75527d9c0cf2e26 session=882a8fa6ea8e42538fb681e9f08f0127 generation=1 request=a3b59de005344863a325e823bddee62e type=observation queue_s=0.000143 worker_s=0.009873
INFO 2026-09-29 19:13:59 e/server.py:574 Policy operation deployment=omx-act instance=4bc7a2bb48514cdaa75527d9c0cf2e26 session=882a8fa6ea8e42538fb681e9f08f0127 generation=1 request=b5a26a9c6f6049efb1aa99b2fdd18174 type=observation queue_s=0.000131 worker_s=0.008747
INFO 2026-09-29 19:13:59 e/server.py:574 Policy operation deployment=omx-act instance=4bc7a2bb48514cdaa75527d9c0cf2e26 session=882a8fa6ea8e42538fb681e9f08f0127 generation=1 request=cfc7cb8538d04034bf0b6a7fe78a876c type=observation queue_s=0.000161 worker_s=0.009255
INFO 2026-09-29 19:13:59 e/server.py:574 Policy operation deployment=omx-act instance=4bc7a2bb48514cdaa75527d9c0cf2e26 session=882a8fa6ea8e42538fb681e9f08f0127 generation=1 request=09dd4c075b934116b286d20693fa63d0 type=observation queue_s=0.000092 worker_s=0.009928
INFO 2026-09-29 19:13:59 e/server.py:574 Policy operation deployment=omx-act instance=4bc7a2bb48514cdaa75527d9c0cf2e26 session=882a8fa6ea8e42538fb681e9f08f0127 generation=1 request=d9faaa0df1a0407984903c59d39d5555 type=observation queue_s=0.000152 worker_s=0.009021
INFO 2026-09-29 19:13:59 e/server.py:574 Policy operation deployment=omx-act instance=4bc7a2bb48514cdaa75527d9c0cf2e26 session=882a8fa6ea8e42538fb681e9f08f0127 generation=1 request=d65d65dba4d84b23804a8bc585ff02f4 type=observation queue_s=0.000125 worker_s=0.009633
INFO 2026-09-29 19:13:59 e/server.py:574 Policy operation deployment=omx-act instance=4bc7a2bb48514cdaa75527d9c0cf2e26 session=882a8fa6ea8e42538fb681e9f08f0127 generation=1 request=4cd42800338949658547b53c067e8fe6 type=observation queue_s=0.000150 worker_s=0.009709
INFO 2026-09-29 19:13:59 e/server.py:574 Policy operation deployment=omx-act instance=4bc7a2bb48514cdaa75527d9c0cf2e26 session=882a8fa6ea8e42538fb681e9f08f0127 generation=1 request=a796d1e5ab2f4dd7928911244d3bafc4 type=observation queue_s=0.000139 worker_s=0.008423
INFO 2026-09-29 19:13:59 e/server.py:574 Policy operation deployment=omx-act instance=4bc7a2bb48514cdaa75527d9c0cf2e26 session=882a8fa6ea8e42538fb681e9f08f0127 generation=1 request=661f5c6ecfff45e5af1c3337e9886ac1 type=observation queue_s=0.000136 worker_s=0.009636
INFO 2026-09-29 19:14:00 e/server.py:574 Policy operation deployment=omx-act instance=4bc7a2bb48514cdaa75527d9c0cf2e26 session=882a8fa6ea8e42538fb681e9f08f0127 generation=1 request=75d96283c9ca4b66ba4da6831b16851e type=observation queue_s=0.000107 worker_s=0.014677
INFO 2026-09-29 19:14:00 e/server.py:574 Policy operation deployment=omx-act instance=4bc7a2bb48514cdaa75527d9c0cf2e26 session=882a8fa6ea8e42538fb681e9f08f0127 generation=1 request=2b498f0b4295434fa7e1dd3b7b93f788 type=observation queue_s=0.000021 worker_s=0.008476
INFO 2026-09-29 19:14:00 e/server.py:574 Policy operation deployment=omx-act instance=4bc7a2bb48514cdaa75527d9c0cf2e26 session=882a8fa6ea8e42538fb681e9f08f0127 generation=1 request=3741c576ee114bd190864dfad4aed329 type=observation queue_s=0.000040 worker_s=0.010588
INFO 2026-09-29 19:14:00 e/server.py:574 Policy operation deployment=omx-act instance=4bc7a2bb48514cdaa75527d9c0cf2e26 session=882a8fa6ea8e42538fb681e9f08f0127 generation=1 request=5fdbd5fe9ca345d096e56179323d3070 type=observation queue_s=0.000044 worker_s=0.010632
INFO 2026-09-29 19:14:00 e/server.py:574 Policy operation deployment=omx-act instance=4bc7a2bb48514cdaa75527d9c0cf2e26 session=882a8fa6ea8e42538fb681e9f08f0127 generation=1 request=634b0f6a408241f08105a73d1bb47902 type=observation queue_s=0.000074 worker_s=0.011500
INFO 2026-09-29 19:14:00 e/server.py:574 Policy operation deployment=omx-act instance=4bc7a2bb48514cdaa75527d9c0cf2e26 session=882a8fa6ea8e42538fb681e9f08f0127 generation=1 request=819d9460bcb34b8b8b4cad82e4c5a042 type=observation queue_s=0.000129 worker_s=0.009315
INFO 2026-09-29 19:14:00 e/server.py:574 Policy operation deployment=omx-act instance=4bc7a2bb48514cdaa75527d9c0cf2e26 session=882a8fa6ea8e42538fb681e9f08f0127 generation=1 request=a8dd3f58cdce40eeab8737cca0eab17a type=observation queue_s=0.000153 worker_s=0.009469
INFO 2026-09-29 19:14:00 e/server.py:574 Policy operation deployment=omx-act instance=4bc7a2bb48514cdaa75527d9c0cf2e26 session=882a8fa6ea8e42538fb681e9f08f0127 generation=1 request=df3f39c100514e9bad2ce5de20098fe6 type=observation queue_s=0.000153 worker_s=0.008810
INFO 2026-09-29 19:14:00 e/server.py:574 Policy operation deployment=omx-act instance=4bc7a2bb48514cdaa75527d9c0cf2e26 session=882a8fa6ea8e42538fb681e9f08f0127 generation=1 request=d76d7ec1bfa44676b4a8720418045353 type=observation queue_s=0.000143 worker_s=0.009878
INFO 2026-09-29 19:14:00 e/server.py:574 Policy operation deployment=omx-act instance=4bc7a2bb48514cdaa75527d9c0cf2e26 session=882a8fa6ea8e42538fb681e9f08f0127 generation=1 request=810f3e9f0f3b4326b203c76d603640a3 type=observation queue_s=0.000150 worker_s=0.009623
INFO 2026-09-29 19:14:00 e/server.py:574 Policy operation deployment=omx-act instance=4bc7a2bb48514cdaa75527d9c0cf2e26 session=882a8fa6ea8e42538fb681e9f08f0127 generation=1 request=724e08aa6b7a4a828e40d9cbe1d0e6df type=observation queue_s=0.000114 worker_s=0.009359
INFO 2026-09-29 19:14:00 e/server.py:574 Policy operation deployment=omx-act instance=4bc7a2bb48514cdaa75527d9c0cf2e26 session=882a8fa6ea8e42538fb681e9f08f0127 generation=1 request=ee42012fda8c4219b59dd4debceb13e6 type=observation queue_s=0.000101 worker_s=0.008931
INFO 2026-09-29 19:14:00 e/server.py:574 Policy operation deployment=omx-act instance=4bc7a2bb48514cdaa75527d9c0cf2e26 session=882a8fa6ea8e42538fb681e9f08f0127 generation=1 request=95106132d88441ecaa0cb670d5ef1eb0 type=observation queue_s=0.000128 worker_s=0.009250
INFO 2026-09-29 19:14:00 e/server.py:574 Policy operation deployment=omx-act instance=4bc7a2bb48514cdaa75527d9c0cf2e26 session=882a8fa6ea8e42538fb681e9f08f0127 generation=1 request=12fe7adab21d4d478aefb1e3982c23b3 type=observation queue_s=0.000110 worker_s=0.008925
INFO 2026-09-29 19:14:00 e/server.py:574 Policy operation deployment=omx-act instance=4bc7a2bb48514cdaa75527d9c0cf2e26 session=882a8fa6ea8e42538fb681e9f08f0127 generation=1 request=d0fb4d59f077477cb13f1df0d165823c type=observation queue_s=0.000112 worker_s=0.009144
INFO 2026-09-29 19:14:00 e/server.py:574 Policy operation deployment=omx-act instance=4bc7a2bb48514cdaa75527d9c0cf2e26 session=882a8fa6ea8e42538fb681e9f08f0127 generation=1 request=8f5504b776b9487798157422ba4595b8 type=observation queue_s=0.000206 worker_s=0.009876
INFO 2026-09-29 19:14:00 e/server.py:574 Policy operation deployment=omx-act instance=4bc7a2bb48514cdaa75527d9c0cf2e26 session=882a8fa6ea8e42538fb681e9f08f0127 generation=1 request=b201b1acc203416891e2004c0dc3051a type=observation queue_s=0.000162 worker_s=0.009484
INFO 2026-09-29 19:14:00 e/server.py:574 Policy operation deployment=omx-act instance=4bc7a2bb48514cdaa75527d9c0cf2e26 session=882a8fa6ea8e42538fb681e9f08f0127 generation=1 request=fd955499383d4c74ac586c038f138aba type=observation queue_s=0.000158 worker_s=0.009190
INFO 2026-09-29 19:14:00 e/server.py:574 Policy operation deployment=omx-act instance=4bc7a2bb48514cdaa75527d9c0cf2e26 session=882a8fa6ea8e42538fb681e9f08f0127 generation=1 request=5ba0569eeb4a43bf8ca282069d6f7eca type=observation queue_s=0.000149 worker_s=0.009226
INFO 2026-09-29 19:14:00 e/server.py:574 Policy operation deployment=omx-act instance=4bc7a2bb48514cdaa75527d9c0cf2e26 session=882a8fa6ea8e42538fb681e9f08f0127 generation=1 request=6fd597175ec1467787903fc16b1b1c09 type=observation queue_s=0.000125 worker_s=0.009042
INFO 2026-09-29 19:14:00 e/server.py:574 Policy operation deployment=omx-act instance=4bc7a2bb48514cdaa75527d9c0cf2e26 session=882a8fa6ea8e42538fb681e9f08f0127 generation=1 request=6bcaa133bc334f73aa3a16e9dc1cc560 type=observation queue_s=0.000110 worker_s=0.008948
INFO 2026-09-29 19:14:00 e/server.py:574 Policy operation deployment=omx-act instance=4bc7a2bb48514cdaa75527d9c0cf2e26 session=882a8fa6ea8e42538fb681e9f08f0127 generation=1 request=381a4e8585f74e9e87ddff48761a3a32 type=observation queue_s=0.000112 worker_s=0.009259
INFO 2026-09-29 19:14:00 e/server.py:574 Policy operation deployment=omx-act instance=4bc7a2bb48514cdaa75527d9c0cf2e26 session=882a8fa6ea8e42538fb681e9f08f0127 generation=1 request=4188e7c06c424fb1b3e5ed600efc18c6 type=observation queue_s=0.000135 worker_s=0.008306
INFO 2026-09-29 19:14:00 e/server.py:574 Policy operation deployment=omx-act instance=4bc7a2bb48514cdaa75527d9c0cf2e26 session=882a8fa6ea8e42538fb681e9f08f0127 generation=1 request=8c4c34d0c4df4c2ca630b369f2b02f2d type=observation queue_s=0.000116 worker_s=0.009260
INFO 2026-09-29 19:14:00 e/server.py:574 Policy operation deployment=omx-act instance=4bc7a2bb48514cdaa75527d9c0cf2e26 session=882a8fa6ea8e42538fb681e9f08f0127 generation=1 request=7bea18d712f44787aa5ea435d4fc222d type=observation queue_s=0.000195 worker_s=0.009470
INFO 2026-09-29 19:14:00 e/server.py:574 Policy operation deployment=omx-act instance=4bc7a2bb48514cdaa75527d9c0cf2e26 session=882a8fa6ea8e42538fb681e9f08f0127 generation=1 request=01857c3f4ea94acf8c25549db4f517ad type=observation queue_s=0.000133 worker_s=0.008753
INFO 2026-09-29 19:14:01 e/server.py:574 Policy operation deployment=omx-act instance=4bc7a2bb48514cdaa75527d9c0cf2e26 session=882a8fa6ea8e42538fb681e9f08f0127 generation=1 request=e34456607d32445d9d9d81cb30c24e5a type=observation queue_s=0.000139 worker_s=0.010408
INFO 2026-09-29 19:14:01 e/server.py:574 Policy operation deployment=omx-act instance=4bc7a2bb48514cdaa75527d9c0cf2e26 session=882a8fa6ea8e42538fb681e9f08f0127 generation=1 request=f2381d6cd2b44a99852e0e283b4a42a6 type=observation queue_s=0.000134 worker_s=0.008761
INFO 2026-09-29 19:14:01 e/server.py:574 Policy operation deployment=omx-act instance=4bc7a2bb48514cdaa75527d9c0cf2e26 session=882a8fa6ea8e42538fb681e9f08f0127 generation=1 request=e92c809200bc47c7a658439133d9e422 type=observation queue_s=0.000187 worker_s=0.009492
INFO 2026-09-29 19:14:01 e/server.py:574 Policy operation deployment=omx-act instance=4bc7a2bb48514cdaa75527d9c0cf2e26 session=882a8fa6ea8e42538fb681e9f08f0127 generation=1 request=d478d9c0b12341dcbf8b249cc560e12c type=observation queue_s=0.000139 worker_s=0.008773
INFO 2026-09-29 19:14:01 e/server.py:574 Policy operation deployment=omx-act instance=4bc7a2bb48514cdaa75527d9c0cf2e26 session=882a8fa6ea8e42538fb681e9f08f0127 generation=1 request=502b7a24f5d64e23a54799ac064f0132 type=observation queue_s=0.000125 worker_s=0.008665
INFO 2026-09-29 19:14:01 e/server.py:574 Policy operation deployment=omx-act instance=4bc7a2bb48514cdaa75527d9c0cf2e26 session=882a8fa6ea8e42538fb681e9f08f0127 generation=1 request=604b9ca4a6294020bc9a54ebcc0a8805 type=observation queue_s=0.000132 worker_s=0.008997
INFO 2026-09-29 19:14:01 e/server.py:574 Policy operation deployment=omx-act instance=4bc7a2bb48514cdaa75527d9c0cf2e26 session=882a8fa6ea8e42538fb681e9f08f0127 generation=1 request=84757b63e9d24ee19c6904388325043b type=observation queue_s=0.000140 worker_s=0.009854
INFO 2026-09-29 19:14:01 e/server.py:574 Policy operation deployment=omx-act instance=4bc7a2bb48514cdaa75527d9c0cf2e26 session=882a8fa6ea8e42538fb681e9f08f0127 generation=1 request=6f9e5548ec6049cfa9d57fa28e6baab2 type=observation queue_s=0.000158 worker_s=0.009012
INFO 2026-09-29 19:14:01 e/server.py:574 Policy operation deployment=omx-act instance=4bc7a2bb48514cdaa75527d9c0cf2e26 session=882a8fa6ea8e42538fb681e9f08f0127 generation=1 request=d2b02ee55b0d451ea19b077f7bed7c87 type=observation queue_s=0.000151 worker_s=0.008914
INFO 2026-09-29 19:14:01 e/server.py:574 Policy operation deployment=omx-act instance=4bc7a2bb48514cdaa75527d9c0cf2e26 session=882a8fa6ea8e42538fb681e9f08f0127 generation=1 request=0fde476e94c7455b9095fea61dacaba6 type=observation queue_s=0.000136 worker_s=0.008963
INFO 2026-09-29 19:14:01 e/server.py:574 Policy operation deployment=omx-act instance=4bc7a2bb48514cdaa75527d9c0cf2e26 session=882a8fa6ea8e42538fb681e9f08f0127 generation=1 request=d02c76521083459da49e2d529e606d0b type=observation queue_s=0.000132 worker_s=0.009368
INFO 2026-09-29 19:14:01 e/server.py:574 Policy operation deployment=omx-act instance=4bc7a2bb48514cdaa75527d9c0cf2e26 session=882a8fa6ea8e42538fb681e9f08f0127 generation=1 request=3560f98769f542278bdf0a24e6442013 type=observation queue_s=0.000182 worker_s=0.010300
INFO 2026-09-29 19:14:01 e/server.py:574 Policy operation deployment=omx-act instance=4bc7a2bb48514cdaa75527d9c0cf2e26 session=882a8fa6ea8e42538fb681e9f08f0127 generation=1 request=468b5d16387344abaefb125237bba122 type=observation queue_s=0.000129 worker_s=0.010345
INFO 2026-09-29 19:14:01 e/server.py:574 Policy operation deployment=omx-act instance=4bc7a2bb48514cdaa75527d9c0cf2e26 session=882a8fa6ea8e42538fb681e9f08f0127 generation=1 request=b057342c967e40a9a3ecabc2674326ad type=observation queue_s=0.000134 worker_s=0.009579
INFO 2026-09-29 19:14:01 e/server.py:574 Policy operation deployment=omx-act instance=4bc7a2bb48514cdaa75527d9c0cf2e26 session=882a8fa6ea8e42538fb681e9f08f0127 generation=1 request=cdc751bafddb47b7b44271fde2a58b9e type=observation queue_s=0.000126 worker_s=0.008180
INFO 2026-09-29 19:14:01 e/server.py:574 Policy operation deployment=omx-act instance=4bc7a2bb48514cdaa75527d9c0cf2e26 session=882a8fa6ea8e42538fb681e9f08f0127 generation=1 request=4d8cfecd39bc49b78bd24fd77df94802 type=observation queue_s=0.000143 worker_s=0.009598
INFO 2026-09-29 19:14:01 e/server.py:574 Policy operation deployment=omx-act instance=4bc7a2bb48514cdaa75527d9c0cf2e26 session=882a8fa6ea8e42538fb681e9f08f0127 generation=1 request=8a1a9fb8a03e45c0857f413d7dfe3418 type=observation queue_s=0.000176 worker_s=0.010385
INFO 2026-09-29 19:14:01 e/server.py:574 Policy operation deployment=omx-act instance=4bc7a2bb48514cdaa75527d9c0cf2e26 session=882a8fa6ea8e42538fb681e9f08f0127 generation=1 request=4c4b4e5b66c94b04b57ecb3cf85275cd type=observation queue_s=0.000129 worker_s=0.012504
INFO 2026-09-29 19:14:01 e/server.py:574 Policy operation deployment=omx-act instance=4bc7a2bb48514cdaa75527d9c0cf2e26 session=882a8fa6ea8e42538fb681e9f08f0127 generation=1 request=ca6cf79ee56d4b1e94bc2da0f8238105 type=observation queue_s=0.000106 worker_s=0.011954
INFO 2026-09-29 19:14:01 e/server.py:574 Policy operation deployment=omx-act instance=4bc7a2bb48514cdaa75527d9c0cf2e26 session=882a8fa6ea8e42538fb681e9f08f0127 generation=1 request=53e26d9b6d004d5087c2ecdd115becda type=observation queue_s=0.000128 worker_s=0.011272
INFO 2026-09-29 19:14:01 e/server.py:574 Policy operation deployment=omx-act instance=4bc7a2bb48514cdaa75527d9c0cf2e26 session=882a8fa6ea8e42538fb681e9f08f0127 generation=1 request=0fcafc2f087b4d5ea2214270b1e24f52 type=observation queue_s=0.000114 worker_s=0.010741
INFO 2026-09-29 19:14:01 e/server.py:574 Policy operation deployment=omx-act instance=4bc7a2bb48514cdaa75527d9c0cf2e26 session=882a8fa6ea8e42538fb681e9f08f0127 generation=1 request=b2fa77955297473e9fd057afc08ef7ed type=observation queue_s=0.000100 worker_s=0.010482
INFO 2026-09-29 19:14:01 e/server.py:574 Policy operation deployment=omx-act instance=4bc7a2bb48514cdaa75527d9c0cf2e26 session=882a8fa6ea8e42538fb681e9f08f0127 generation=1 request=92379be0887f47c288dcb5d46d5b69a3 type=observation queue_s=0.000122 worker_s=0.012177
INFO 2026-09-29 19:14:01 e/server.py:574 Policy operation deployment=omx-act instance=4bc7a2bb48514cdaa75527d9c0cf2e26 session=882a8fa6ea8e42538fb681e9f08f0127 generation=1 request=00e927d0cbb5496c8db3ec3fe081b5cb type=observation queue_s=0.000088 worker_s=0.010883
INFO 2026-09-29 19:14:01 e/server.py:574 Policy operation deployment=omx-act instance=4bc7a2bb48514cdaa75527d9c0cf2e26 session=882a8fa6ea8e42538fb681e9f08f0127 generation=1 request=0afa2fb22da749a3bde18dca86f90bbe type=observation queue_s=0.000098 worker_s=0.011087
INFO 2026-09-29 19:14:01 e/server.py:574 Policy operation deployment=omx-act instance=4bc7a2bb48514cdaa75527d9c0cf2e26 session=882a8fa6ea8e42538fb681e9f08f0127 generation=1 request=571e457ec21b466d96483ec668980e20 type=observation queue_s=0.000103 worker_s=0.011215
INFO 2026-09-29 19:14:01 e/server.py:574 Policy operation deployment=omx-act instance=4bc7a2bb48514cdaa75527d9c0cf2e26 session=882a8fa6ea8e42538fb681e9f08f0127 generation=1 request=c310908757aa4a9894245a4e96cebc36 type=observation queue_s=0.000086 worker_s=0.011619
INFO 2026-09-29 19:14:02 e/server.py:574 Policy operation deployment=omx-act instance=4bc7a2bb48514cdaa75527d9c0cf2e26 session=882a8fa6ea8e42538fb681e9f08f0127 generation=1 request=2143bb0bb52543fcb68bc720ef53e257 type=observation queue_s=0.000123 worker_s=0.012257
INFO 2026-09-29 19:14:02 e/server.py:574 Policy operation deployment=omx-act instance=4bc7a2bb48514cdaa75527d9c0cf2e26 session=882a8fa6ea8e42538fb681e9f08f0127 generation=1 request=d8b9e99b9c2c4127b3b0d2abf1aaac90 type=observation queue_s=0.000090 worker_s=0.010814
INFO 2026-09-29 19:14:02 e/server.py:574 Policy operation deployment=omx-act instance=4bc7a2bb48514cdaa75527d9c0cf2e26 session=882a8fa6ea8e42538fb681e9f08f0127 generation=1 request=e68c494453684dec8ed9adef4bd7786b type=observation queue_s=0.000086 worker_s=0.010631
INFO 2026-09-29 19:14:02 e/server.py:574 Policy operation deployment=omx-act instance=4bc7a2bb48514cdaa75527d9c0cf2e26 session=882a8fa6ea8e42538fb681e9f08f0127 generation=1 request=00d718831bbc48c182e3dbc240337ce2 type=observation queue_s=0.000096 worker_s=0.011041
INFO 2026-09-29 19:14:02 e/server.py:574 Policy operation deployment=omx-act instance=4bc7a2bb48514cdaa75527d9c0cf2e26 session=882a8fa6ea8e42538fb681e9f08f0127 generation=1 request=35fe7a41f3524d9fb82c84e9ce475b2d type=observation queue_s=0.000103 worker_s=0.011118
INFO 2026-09-29 19:14:02 e/server.py:574 Policy operation deployment=omx-act instance=4bc7a2bb48514cdaa75527d9c0cf2e26 session=882a8fa6ea8e42538fb681e9f08f0127 generation=1 request=3d74a1762e84426084d7f3111bb9b0e1 type=observation queue_s=0.000047 worker_s=0.011600
INFO 2026-09-29 19:14:02 e/server.py:574 Policy operation deployment=omx-act instance=4bc7a2bb48514cdaa75527d9c0cf2e26 session=882a8fa6ea8e42538fb681e9f08f0127 generation=1 request=c075fc5d334e412bb9efb39da67cce76 type=observation queue_s=0.000041 worker_s=0.011048
INFO 2026-09-29 19:14:02 e/server.py:574 Policy operation deployment=omx-act instance=4bc7a2bb48514cdaa75527d9c0cf2e26 session=882a8fa6ea8e42538fb681e9f08f0127 generation=1 request=55a4372c64244822a63855c088b93fb1 type=observation queue_s=0.000055 worker_s=0.011011
INFO 2026-09-29 19:14:02 e/server.py:574 Policy operation deployment=omx-act instance=4bc7a2bb48514cdaa75527d9c0cf2e26 session=882a8fa6ea8e42538fb681e9f08f0127 generation=1 request=feaccd070f0740e3976f31345fa8ba28 type=observation queue_s=0.000036 worker_s=0.011468
INFO 2026-09-29 19:14:02 e/server.py:574 Policy operation deployment=omx-act instance=4bc7a2bb48514cdaa75527d9c0cf2e26 session=882a8fa6ea8e42538fb681e9f08f0127 generation=1 request=63469308c48a4ba5b81542e568603a64 type=observation queue_s=0.000124 worker_s=0.009614
INFO 2026-09-29 19:14:02 e/server.py:574 Policy operation deployment=omx-act instance=4bc7a2bb48514cdaa75527d9c0cf2e26 session=882a8fa6ea8e42538fb681e9f08f0127 generation=1 request=ebf0b43a93ea4dda988e1d0dc519fa43 type=observation queue_s=0.000083 worker_s=0.009601
INFO 2026-09-29 19:14:02 e/server.py:574 Policy operation deployment=omx-act instance=4bc7a2bb48514cdaa75527d9c0cf2e26 session=882a8fa6ea8e42538fb681e9f08f0127 generation=1 request=974eb9ed5b7a48d181dc13f6ee233e36 type=observation queue_s=0.000094 worker_s=0.010085
INFO 2026-09-29 19:14:02 e/server.py:574 Policy operation deployment=omx-act instance=4bc7a2bb48514cdaa75527d9c0cf2e26 session=882a8fa6ea8e42538fb681e9f08f0127 generation=1 request=9569c147c1b54626a4520d701eaa68bf type=observation queue_s=0.000099 worker_s=0.009802
INFO 2026-09-29 19:14:02 e/server.py:574 Policy operation deployment=omx-act instance=4bc7a2bb48514cdaa75527d9c0cf2e26 session=882a8fa6ea8e42538fb681e9f08f0127 generation=1 request=f91584eeb4de4c6799680f84163c6645 type=observation queue_s=0.000092 worker_s=0.009684
INFO 2026-09-29 19:14:02 e/server.py:574 Policy operation deployment=omx-act instance=4bc7a2bb48514cdaa75527d9c0cf2e26 session=882a8fa6ea8e42538fb681e9f08f0127 generation=1 request=5f16a3f7a6464a6f983f74e02e90f862 type=observation queue_s=0.000085 worker_s=0.009632
INFO 2026-09-29 19:14:02 e/server.py:574 Policy operation deployment=omx-act instance=4bc7a2bb48514cdaa75527d9c0cf2e26 session=882a8fa6ea8e42538fb681e9f08f0127 generation=1 request=85137315a3694e44917fafe6046146ed type=observation queue_s=0.000079 worker_s=0.009993
INFO 2026-09-29 19:14:02 e/server.py:574 Policy operation deployment=omx-act instance=4bc7a2bb48514cdaa75527d9c0cf2e26 session=882a8fa6ea8e42538fb681e9f08f0127 generation=1 request=5b54cead1d7e449fb278a78eea737f5d type=observation queue_s=0.000076 worker_s=0.009852
INFO 2026-09-29 19:14:02 e/server.py:574 Policy operation deployment=omx-act instance=4bc7a2bb48514cdaa75527d9c0cf2e26 session=882a8fa6ea8e42538fb681e9f08f0127 generation=1 request=41fa44bddac54cbd9320a94b016fcb66 type=observation queue_s=0.000081 worker_s=0.009427
INFO 2026-09-29 19:14:02 e/server.py:574 Policy operation deployment=omx-act instance=4bc7a2bb48514cdaa75527d9c0cf2e26 session=882a8fa6ea8e42538fb681e9f08f0127 generation=1 request=58ee95e9656c4325b644bf851fdcd507 type=observation queue_s=0.000082 worker_s=0.010042
INFO 2026-09-29 19:14:02 e/server.py:574 Policy operation deployment=omx-act instance=4bc7a2bb48514cdaa75527d9c0cf2e26 session=882a8fa6ea8e42538fb681e9f08f0127 generation=1 request=300056f1f23e41d4bb692dd79cb767d3 type=observation queue_s=0.000076 worker_s=0.010003
INFO 2026-09-29 19:14:02 e/server.py:574 Policy operation deployment=omx-act instance=4bc7a2bb48514cdaa75527d9c0cf2e26 session=882a8fa6ea8e42538fb681e9f08f0127 generation=1 request=4773eb84464140a8b513cccd5d9e7f6c type=observation queue_s=0.000129 worker_s=0.010260
INFO 2026-09-29 19:14:02 e/server.py:574 Policy operation deployment=omx-act instance=4bc7a2bb48514cdaa75527d9c0cf2e26 session=882a8fa6ea8e42538fb681e9f08f0127 generation=1 request=6424c9ce02d84945975119566ca6e2e5 type=observation queue_s=0.000020 worker_s=0.009375
INFO 2026-09-29 19:14:02 e/server.py:574 Policy operation deployment=omx-act instance=4bc7a2bb48514cdaa75527d9c0cf2e26 session=882a8fa6ea8e42538fb681e9f08f0127 generation=1 request=b1dad24f4ff142d6aecb0367eae61e00 type=observation queue_s=0.000080 worker_s=0.009588
INFO 2026-09-29 19:14:02 e/server.py:574 Policy operation deployment=omx-act instance=4bc7a2bb48514cdaa75527d9c0cf2e26 session=882a8fa6ea8e42538fb681e9f08f0127 generation=1 request=d9cd6f8502364c6886d5e76e9bcdd8c9 type=observation queue_s=0.000089 worker_s=0.009999
INFO 2026-09-29 19:14:02 e/server.py:574 Policy operation deployment=omx-act instance=4bc7a2bb48514cdaa75527d9c0cf2e26 session=882a8fa6ea8e42538fb681e9f08f0127 generation=1 request=1eff368058e84fb2b29102baa93608fc type=observation queue_s=0.000083 worker_s=0.010158
INFO 2026-09-29 19:14:02 e/server.py:574 Policy operation deployment=omx-act instance=4bc7a2bb48514cdaa75527d9c0cf2e26 session=882a8fa6ea8e42538fb681e9f08f0127 generation=1 request=c52e89b344f34c38b3f532ee8c13396f type=observation queue_s=0.000100 worker_s=0.009893
INFO 2026-09-29 19:14:02 e/server.py:574 Policy operation deployment=omx-act instance=4bc7a2bb48514cdaa75527d9c0cf2e26 session=882a8fa6ea8e42538fb681e9f08f0127 generation=1 request=2db2a3314fd3435b8247bc94a37c31bb type=observation queue_s=0.000083 worker_s=0.009942
INFO 2026-09-29 19:14:02 e/server.py:574 Policy operation deployment=omx-act instance=4bc7a2bb48514cdaa75527d9c0cf2e26 session=882a8fa6ea8e42538fb681e9f08f0127 generation=1 request=cec678d0566b47619cb7110c954e42ad type=observation queue_s=0.000086 worker_s=0.009550
INFO 2026-09-29 19:14:03 e/server.py:574 Policy operation deployment=omx-act instance=4bc7a2bb48514cdaa75527d9c0cf2e26 session=882a8fa6ea8e42538fb681e9f08f0127 generation=1 request=8b4be085080944028c2990d9895d7697 type=observation queue_s=0.000084 worker_s=0.009918
INFO 2026-09-29 19:14:03 e/server.py:574 Policy operation deployment=omx-act instance=4bc7a2bb48514cdaa75527d9c0cf2e26 session=882a8fa6ea8e42538fb681e9f08f0127 generation=1 request=67b8fdbe5cf149f89fc14d81f9555fa3 type=observation queue_s=0.000149 worker_s=0.009643
INFO 2026-09-29 19:14:03 e/server.py:574 Policy operation deployment=omx-act instance=4bc7a2bb48514cdaa75527d9c0cf2e26 session=882a8fa6ea8e42538fb681e9f08f0127 generation=1 request=6bcbfa4729f74f58afeb70335024f31b type=observation queue_s=0.000075 worker_s=0.010772
INFO 2026-09-29 19:14:03 e/server.py:574 Policy operation deployment=omx-act instance=4bc7a2bb48514cdaa75527d9c0cf2e26 session=882a8fa6ea8e42538fb681e9f08f0127 generation=1 request=6bfb64ce73fb41089cb09a5e653ca845 type=observation queue_s=0.000104 worker_s=0.009367
INFO 2026-09-29 19:14:03 e/server.py:574 Policy operation deployment=omx-act instance=4bc7a2bb48514cdaa75527d9c0cf2e26 session=882a8fa6ea8e42538fb681e9f08f0127 generation=1 request=25b3aca5a3b04cb1af8bf7f5839500ee type=observation queue_s=0.000093 worker_s=0.011432
INFO 2026-09-29 19:14:03 e/server.py:574 Policy operation deployment=omx-act instance=4bc7a2bb48514cdaa75527d9c0cf2e26 session=882a8fa6ea8e42538fb681e9f08f0127 generation=1 request=356c6a29b84c46bf8d8e621c5f21409b type=observation queue_s=0.000110 worker_s=0.010041
INFO 2026-09-29 19:14:03 e/server.py:574 Policy operation deployment=omx-act instance=4bc7a2bb48514cdaa75527d9c0cf2e26 session=882a8fa6ea8e42538fb681e9f08f0127 generation=1 request=1b282b33432f465697c7c3c0bf54e0d1 type=observation queue_s=0.000129 worker_s=0.009525
INFO 2026-09-29 19:14:03 e/server.py:574 Policy operation deployment=omx-act instance=4bc7a2bb48514cdaa75527d9c0cf2e26 session=882a8fa6ea8e42538fb681e9f08f0127 generation=1 request=bf7523cbcf68458faf28e19c483ddf15 type=observation queue_s=0.000125 worker_s=0.010044
INFO 2026-09-29 19:14:03 e/server.py:574 Policy operation deployment=omx-act instance=4bc7a2bb48514cdaa75527d9c0cf2e26 session=882a8fa6ea8e42538fb681e9f08f0127 generation=1 request=2f885569e855412db7cbbfe8d9610250 type=observation queue_s=0.000126 worker_s=0.010095
INFO 2026-09-29 19:14:03 e/server.py:574 Policy operation deployment=omx-act instance=4bc7a2bb48514cdaa75527d9c0cf2e26 session=882a8fa6ea8e42538fb681e9f08f0127 generation=1 request=36a545762da34e169c159c7c405d5dfa type=observation queue_s=0.000147 worker_s=0.009504
INFO 2026-09-29 19:14:03 e/server.py:574 Policy operation deployment=omx-act instance=4bc7a2bb48514cdaa75527d9c0cf2e26 session=882a8fa6ea8e42538fb681e9f08f0127 generation=1 request=fb4dc22d2a484f81a369a4ec06703b56 type=observation queue_s=0.000139 worker_s=0.009947
INFO 2026-09-29 19:14:03 e/server.py:574 Policy operation deployment=omx-act instance=4bc7a2bb48514cdaa75527d9c0cf2e26 session=882a8fa6ea8e42538fb681e9f08f0127 generation=1 request=59e51d25cb2d44b6882d099fdbcd18c6 type=observation queue_s=0.000135 worker_s=0.009188
INFO 2026-09-29 19:14:03 e/server.py:574 Policy operation deployment=omx-act instance=4bc7a2bb48514cdaa75527d9c0cf2e26 session=882a8fa6ea8e42538fb681e9f08f0127 generation=1 request=969dc584ebed4178b4fc3869bfc79cfb type=observation queue_s=0.000107 worker_s=0.010259
INFO 2026-09-29 19:14:03 e/server.py:574 Policy operation deployment=omx-act instance=4bc7a2bb48514cdaa75527d9c0cf2e26 session=882a8fa6ea8e42538fb681e9f08f0127 generation=1 request=a2dcc15b590048a8ad9ec5b4e2670c14 type=observation queue_s=0.000122 worker_s=0.009805
INFO 2026-09-29 19:14:03 e/server.py:574 Policy operation deployment=omx-act instance=4bc7a2bb48514cdaa75527d9c0cf2e26 session=882a8fa6ea8e42538fb681e9f08f0127 generation=1 request=e2a2afe4e16b4429b8e70686c61751ba type=observation queue_s=0.000130 worker_s=0.009020
INFO 2026-09-29 19:14:03 e/server.py:574 Policy operation deployment=omx-act instance=4bc7a2bb48514cdaa75527d9c0cf2e26 session=882a8fa6ea8e42538fb681e9f08f0127 generation=1 request=2fbcb2020b3a415096a732f45f6bbdaa type=observation queue_s=0.000152 worker_s=0.009018
INFO 2026-09-29 19:14:03 e/server.py:574 Policy operation deployment=omx-act instance=4bc7a2bb48514cdaa75527d9c0cf2e26 session=882a8fa6ea8e42538fb681e9f08f0127 generation=1 request=42e313ee3077448890a52064f0b5d3a5 type=observation queue_s=0.000161 worker_s=0.009355
INFO 2026-09-29 19:14:03 e/server.py:574 Policy operation deployment=omx-act instance=4bc7a2bb48514cdaa75527d9c0cf2e26 session=882a8fa6ea8e42538fb681e9f08f0127 generation=1 request=794e2588b9494b77aab326b5fe8a8876 type=observation queue_s=0.000116 worker_s=0.009135
INFO 2026-09-29 19:14:03 e/server.py:574 Policy operation deployment=omx-act instance=4bc7a2bb48514cdaa75527d9c0cf2e26 session=882a8fa6ea8e42538fb681e9f08f0127 generation=1 request=061a46dedb9c45d8987667e29d0b39c4 type=observation queue_s=0.000099 worker_s=0.009622
INFO 2026-09-29 19:14:03 e/server.py:574 Policy operation deployment=omx-act instance=4bc7a2bb48514cdaa75527d9c0cf2e26 session=882a8fa6ea8e42538fb681e9f08f0127 generation=1 request=73eac8ec0c0d4e4989a051c9115c03e3 type=observation queue_s=0.000141 worker_s=0.009223
INFO 2026-09-29 19:14:03 e/server.py:574 Policy operation deployment=omx-act instance=4bc7a2bb48514cdaa75527d9c0cf2e26 session=882a8fa6ea8e42538fb681e9f08f0127 generation=1 request=cf0c4defc2f54b3a9fb7cb0aea28a06b type=observation queue_s=0.000121 worker_s=0.009966
INFO 2026-09-29 19:14:03 e/server.py:574 Policy operation deployment=omx-act instance=4bc7a2bb48514cdaa75527d9c0cf2e26 session=882a8fa6ea8e42538fb681e9f08f0127 generation=1 request=d0e7e3b0bcda49cca13a78e7945a5278 type=observation queue_s=0.000150 worker_s=0.010005
INFO 2026-09-29 19:14:03 e/server.py:574 Policy operation deployment=omx-act instance=4bc7a2bb48514cdaa75527d9c0cf2e26 session=882a8fa6ea8e42538fb681e9f08f0127 generation=1 request=c7b650a2885e4bf2a5341087570f1e9f type=observation queue_s=0.000119 worker_s=0.009614
INFO 2026-09-29 19:14:03 e/server.py:574 Policy operation deployment=omx-act instance=4bc7a2bb48514cdaa75527d9c0cf2e26 session=882a8fa6ea8e42538fb681e9f08f0127 generation=1 request=8de9cce7bbc84868a259aebd2416796f type=observation queue_s=0.000126 worker_s=0.009335
INFO 2026-09-29 19:14:03 e/server.py:574 Policy operation deployment=omx-act instance=4bc7a2bb48514cdaa75527d9c0cf2e26 session=882a8fa6ea8e42538fb681e9f08f0127 generation=1 request=79b53cc1cb8c489e8eb3ce60c51a3307 type=observation queue_s=0.000178 worker_s=0.009307
INFO 2026-09-29 19:14:03 e/server.py:574 Policy operation deployment=omx-act instance=4bc7a2bb48514cdaa75527d9c0cf2e26 session=882a8fa6ea8e42538fb681e9f08f0127 generation=1 request=155f04774f0c45bab44a97478fe0757b type=observation queue_s=0.000136 worker_s=0.009602
INFO 2026-09-29 19:14:03 e/server.py:574 Policy operation deployment=omx-act instance=4bc7a2bb48514cdaa75527d9c0cf2e26 session=882a8fa6ea8e42538fb681e9f08f0127 generation=1 request=0b4a921111414c3c9586b3a54d0c1e6b type=observation queue_s=0.000138 worker_s=0.009915
INFO 2026-09-29 19:14:04 e/server.py:574 Policy operation deployment=omx-act instance=4bc7a2bb48514cdaa75527d9c0cf2e26 session=882a8fa6ea8e42538fb681e9f08f0127 generation=1 request=625fcb5b0c854bdc95e21a7e65a80668 type=observation queue_s=0.000126 worker_s=0.009022
INFO 2026-09-29 19:14:04 e/server.py:574 Policy operation deployment=omx-act instance=4bc7a2bb48514cdaa75527d9c0cf2e26 session=882a8fa6ea8e42538fb681e9f08f0127 generation=1 request=f7802215cd2d4970b31d1f652651d1e8 type=observation queue_s=0.000207 worker_s=0.009292
INFO 2026-09-29 19:14:04 e/server.py:574 Policy operation deployment=omx-act instance=4bc7a2bb48514cdaa75527d9c0cf2e26 session=882a8fa6ea8e42538fb681e9f08f0127 generation=1 request=3b337db2d1b648f187b3b763f5999d55 type=observation queue_s=0.000122 worker_s=0.009643
INFO 2026-09-29 19:14:04 e/server.py:574 Policy operation deployment=omx-act instance=4bc7a2bb48514cdaa75527d9c0cf2e26 session=882a8fa6ea8e42538fb681e9f08f0127 generation=1 request=dc5419d3729e40a19bd707f4f76be138 type=observation queue_s=0.000134 worker_s=0.008874
INFO 2026-09-29 19:14:04 e/server.py:574 Policy operation deployment=omx-act instance=4bc7a2bb48514cdaa75527d9c0cf2e26 session=882a8fa6ea8e42538fb681e9f08f0127 generation=1 request=01644f1126244c36ae8ebb818940b9ab type=observation queue_s=0.000180 worker_s=0.009062
INFO 2026-09-29 19:14:04 e/server.py:574 Policy operation deployment=omx-act instance=4bc7a2bb48514cdaa75527d9c0cf2e26 session=882a8fa6ea8e42538fb681e9f08f0127 generation=1 request=72d1a05bc5c44b2889fc920c90f00f20 type=observation queue_s=0.000164 worker_s=0.009158
INFO 2026-09-29 19:14:04 e/server.py:574 Policy operation deployment=omx-act instance=4bc7a2bb48514cdaa75527d9c0cf2e26 session=882a8fa6ea8e42538fb681e9f08f0127 generation=1 request=e941843a789d48ad9fb7ea79a68e9698 type=observation queue_s=0.000125 worker_s=0.009235
INFO 2026-09-29 19:14:04 e/server.py:574 Policy operation deployment=omx-act instance=4bc7a2bb48514cdaa75527d9c0cf2e26 session=882a8fa6ea8e42538fb681e9f08f0127 generation=1 request=27fcccc44b60445495221d26217bf22b type=observation queue_s=0.000163 worker_s=0.009204
INFO 2026-09-29 19:14:04 e/server.py:574 Policy operation deployment=omx-act instance=4bc7a2bb48514cdaa75527d9c0cf2e26 session=882a8fa6ea8e42538fb681e9f08f0127 generation=1 request=c28b6f24b4454b64a99b0ace3045d080 type=observation queue_s=0.000162 worker_s=0.009728
INFO 2026-09-29 19:14:04 e/server.py:574 Policy operation deployment=omx-act instance=4bc7a2bb48514cdaa75527d9c0cf2e26 session=882a8fa6ea8e42538fb681e9f08f0127 generation=1 request=5e64c3864ad3468da318d9b1d91bf9d6 type=observation queue_s=0.000132 worker_s=0.009137
INFO 2026-09-29 19:14:04 e/server.py:574 Policy operation deployment=omx-act instance=4bc7a2bb48514cdaa75527d9c0cf2e26 session=882a8fa6ea8e42538fb681e9f08f0127 generation=1 request=547ababc8fe540f38383df2aa8e80405 type=observation queue_s=0.000105 worker_s=0.009686
INFO 2026-09-29 19:14:04 e/server.py:574 Policy operation deployment=omx-act instance=4bc7a2bb48514cdaa75527d9c0cf2e26 session=882a8fa6ea8e42538fb681e9f08f0127 generation=1 request=b31817de16334c00b7f4093467f35e2e type=observation queue_s=0.000129 worker_s=0.009322
INFO 2026-09-29 19:14:04 e/server.py:574 Policy operation deployment=omx-act instance=4bc7a2bb48514cdaa75527d9c0cf2e26 session=882a8fa6ea8e42538fb681e9f08f0127 generation=1 request=daf590268295474c8be7df5febd8e5e2 type=observation queue_s=0.000094 worker_s=0.008968
INFO 2026-09-29 19:14:04 e/server.py:574 Policy operation deployment=omx-act instance=4bc7a2bb48514cdaa75527d9c0cf2e26 session=882a8fa6ea8e42538fb681e9f08f0127 generation=1 request=5e82ee5e9bcf4855a10c920e9511cad5 type=observation queue_s=0.000132 worker_s=0.009696
INFO 2026-09-29 19:14:04 e/server.py:574 Policy operation deployment=omx-act instance=4bc7a2bb48514cdaa75527d9c0cf2e26 session=882a8fa6ea8e42538fb681e9f08f0127 generation=1 request=d73ea8c09f9c4ec7864a85b0327e6d4f type=observation queue_s=0.000266 worker_s=0.008682
INFO 2026-09-29 19:14:04 e/server.py:574 Policy operation deployment=omx-act instance=4bc7a2bb48514cdaa75527d9c0cf2e26 session=882a8fa6ea8e42538fb681e9f08f0127 generation=1 request=65e0c840ff2e4d09b07b5de2a4e0d0ce type=observation queue_s=0.000169 worker_s=0.008426
INFO 2026-09-29 19:14:04 e/server.py:574 Policy operation deployment=omx-act instance=4bc7a2bb48514cdaa75527d9c0cf2e26 session=882a8fa6ea8e42538fb681e9f08f0127 generation=1 request=d500a7e89cf94d068ffeeed2fa16c610 type=observation queue_s=0.000134 worker_s=0.008473
INFO 2026-09-29 19:14:04 e/server.py:574 Policy operation deployment=omx-act instance=4bc7a2bb48514cdaa75527d9c0cf2e26 session=882a8fa6ea8e42538fb681e9f08f0127 generation=1 request=7bf3534c6e7c463ea7b14880fdf04020 type=observation queue_s=0.000128 worker_s=0.009605
INFO 2026-09-29 19:14:04 e/server.py:574 Policy operation deployment=omx-act instance=4bc7a2bb48514cdaa75527d9c0cf2e26 session=882a8fa6ea8e42538fb681e9f08f0127 generation=1 request=c968362220b344b8b91b13cd532ad912 type=observation queue_s=0.000145 worker_s=0.009388
INFO 2026-09-29 19:14:04 e/server.py:574 Policy operation deployment=omx-act instance=4bc7a2bb48514cdaa75527d9c0cf2e26 session=882a8fa6ea8e42538fb681e9f08f0127 generation=1 request=1959a9c752d64323bef2586a0545bd05 type=observation queue_s=0.000119 worker_s=0.013456
INFO 2026-09-29 19:14:04 e/server.py:574 Policy operation deployment=omx-act instance=4bc7a2bb48514cdaa75527d9c0cf2e26 session=882a8fa6ea8e42538fb681e9f08f0127 generation=1 request=c01891e619764db78d2b33c63301309b type=observation queue_s=0.000073 worker_s=0.011125
INFO 2026-09-29 19:14:04 e/server.py:574 Policy operation deployment=omx-act instance=4bc7a2bb48514cdaa75527d9c0cf2e26 session=882a8fa6ea8e42538fb681e9f08f0127 generation=1 request=f3fe9c503a584cc7a8c37c0c9f11e831 type=observation queue_s=0.000081 worker_s=0.010444
INFO 2026-09-29 19:14:04 e/server.py:574 Policy operation deployment=omx-act instance=4bc7a2bb48514cdaa75527d9c0cf2e26 session=882a8fa6ea8e42538fb681e9f08f0127 generation=1 request=222b3d32bc8848399745112fa456f702 type=observation queue_s=0.000117 worker_s=0.011005
INFO 2026-09-29 19:14:04 e/server.py:574 Policy operation deployment=omx-act instance=4bc7a2bb48514cdaa75527d9c0cf2e26 session=882a8fa6ea8e42538fb681e9f08f0127 generation=1 request=005bde1ace824d929b9566743f239d10 type=observation queue_s=0.000083 worker_s=0.010342
INFO 2026-09-29 19:14:04 e/server.py:574 Policy operation deployment=omx-act instance=4bc7a2bb48514cdaa75527d9c0cf2e26 session=882a8fa6ea8e42538fb681e9f08f0127 generation=1 request=2febfbd79c91406182deb54a51024983 type=observation queue_s=0.000121 worker_s=0.010120
INFO 2026-09-29 19:14:04 e/server.py:574 Policy operation deployment=omx-act instance=4bc7a2bb48514cdaa75527d9c0cf2e26 session=882a8fa6ea8e42538fb681e9f08f0127 generation=1 request=29409935bd604cc6b73cb0f628577888 type=observation queue_s=0.000130 worker_s=0.010854
INFO 2026-09-29 19:14:04 e/server.py:574 Policy operation deployment=omx-act instance=4bc7a2bb48514cdaa75527d9c0cf2e26 session=882a8fa6ea8e42538fb681e9f08f0127 generation=1 request=bf7154b6aa974cb4aa2ad3a06f8f86a4 type=observation queue_s=0.000116 worker_s=0.010919
INFO 2026-09-29 19:14:04 e/server.py:574 Policy operation deployment=omx-act instance=4bc7a2bb48514cdaa75527d9c0cf2e26 session=882a8fa6ea8e42538fb681e9f08f0127 generation=1 request=5741c94ca64744f692d92b5f99eb5eaa type=observation queue_s=0.000100 worker_s=0.010452
INFO 2026-09-29 19:14:05 e/server.py:574 Policy operation deployment=omx-act instance=4bc7a2bb48514cdaa75527d9c0cf2e26 session=882a8fa6ea8e42538fb681e9f08f0127 generation=1 request=d1cee73fbf34463abf375ae68736ffcb type=observation queue_s=0.000133 worker_s=0.011669
INFO 2026-09-29 19:14:05 e/server.py:574 Policy operation deployment=omx-act instance=4bc7a2bb48514cdaa75527d9c0cf2e26 session=882a8fa6ea8e42538fb681e9f08f0127 generation=1 request=5611382841e7442a80b738f9f659a787 type=observation queue_s=0.000134 worker_s=0.010912
INFO 2026-09-29 19:14:05 e/server.py:574 Policy operation deployment=omx-act instance=4bc7a2bb48514cdaa75527d9c0cf2e26 session=882a8fa6ea8e42538fb681e9f08f0127 generation=1 request=fedb1615b90043b2b3f649e3467bb36d type=observation queue_s=0.000079 worker_s=0.009479
INFO 2026-09-29 19:14:05 e/server.py:574 Policy operation deployment=omx-act instance=4bc7a2bb48514cdaa75527d9c0cf2e26 session=882a8fa6ea8e42538fb681e9f08f0127 generation=1 request=0b1949d5be1a4661bf65d4470a90328f type=observation queue_s=0.000121 worker_s=0.011519
INFO 2026-09-29 19:14:05 e/server.py:574 Policy operation deployment=omx-act instance=4bc7a2bb48514cdaa75527d9c0cf2e26 session=882a8fa6ea8e42538fb681e9f08f0127 generation=1 request=de8b3f9c752d48d1a4746109fbbf8dcf type=observation queue_s=0.000110 worker_s=0.010441
INFO 2026-09-29 19:14:05 e/server.py:574 Policy operation deployment=omx-act instance=4bc7a2bb48514cdaa75527d9c0cf2e26 session=882a8fa6ea8e42538fb681e9f08f0127 generation=1 request=e2ed97cc3d3b4df3bbf34e2afc02b1bb type=observation queue_s=0.000110 worker_s=0.010907
INFO 2026-09-29 19:14:05 e/server.py:574 Policy operation deployment=omx-act instance=4bc7a2bb48514cdaa75527d9c0cf2e26 session=882a8fa6ea8e42538fb681e9f08f0127 generation=1 request=c701dea42e054d9fa596c84795019247 type=observation queue_s=0.000104 worker_s=0.011852
INFO 2026-09-29 19:14:05 e/server.py:574 Policy operation deployment=omx-act instance=4bc7a2bb48514cdaa75527d9c0cf2e26 session=882a8fa6ea8e42538fb681e9f08f0127 generation=1 request=b1dde2f143174d8c9af3938d4aa206f2 type=observation queue_s=0.000124 worker_s=0.010588
INFO 2026-09-29 19:14:05 e/server.py:574 Policy operation deployment=omx-act instance=4bc7a2bb48514cdaa75527d9c0cf2e26 session=882a8fa6ea8e42538fb681e9f08f0127 generation=1 request=8e544e3d429045eb95b8165d4919a16e type=observation queue_s=0.000113 worker_s=0.010525
INFO 2026-09-29 19:14:05 e/server.py:574 Policy operation deployment=omx-act instance=4bc7a2bb48514cdaa75527d9c0cf2e26 session=882a8fa6ea8e42538fb681e9f08f0127 generation=1 request=67dfdef002bb41b183347807bcb4d143 type=observation queue_s=0.000102 worker_s=0.010882
INFO 2026-09-29 19:14:05 e/server.py:574 Policy operation deployment=omx-act instance=4bc7a2bb48514cdaa75527d9c0cf2e26 session=882a8fa6ea8e42538fb681e9f08f0127 generation=1 request=2c19217461444d39bbb0f30b5da515eb type=observation queue_s=0.000112 worker_s=0.011134
INFO 2026-09-29 19:14:05 e/server.py:574 Policy operation deployment=omx-act instance=4bc7a2bb48514cdaa75527d9c0cf2e26 session=882a8fa6ea8e42538fb681e9f08f0127 generation=1 request=2ccf20eaef45481fbf7ab908d0df68b9 type=observation queue_s=0.000101 worker_s=0.011419
INFO 2026-09-29 19:14:05 e/server.py:574 Policy operation deployment=omx-act instance=4bc7a2bb48514cdaa75527d9c0cf2e26 session=882a8fa6ea8e42538fb681e9f08f0127 generation=1 request=7930fd58ab664b22882b1de64c8dcac6 type=observation queue_s=0.000076 worker_s=0.010485
INFO 2026-09-29 19:14:05 e/server.py:574 Policy operation deployment=omx-act instance=4bc7a2bb48514cdaa75527d9c0cf2e26 session=882a8fa6ea8e42538fb681e9f08f0127 generation=1 request=a068b2732f6c4b2090a79d4d74d14c8b type=observation queue_s=0.000100 worker_s=0.012388
INFO 2026-09-29 19:14:05 e/server.py:574 Policy operation deployment=omx-act instance=4bc7a2bb48514cdaa75527d9c0cf2e26 session=882a8fa6ea8e42538fb681e9f08f0127 generation=1 request=412598facc544ee298006f1d450e2006 type=observation queue_s=0.000162 worker_s=0.011848
INFO 2026-09-29 19:14:05 e/server.py:574 Policy operation deployment=omx-act instance=4bc7a2bb48514cdaa75527d9c0cf2e26 session=882a8fa6ea8e42538fb681e9f08f0127 generation=1 request=72e6427c7a67498d8b340b8d4235c2fb type=observation queue_s=0.000122 worker_s=0.010878
INFO 2026-09-29 19:14:05 e/server.py:574 Policy operation deployment=omx-act instance=4bc7a2bb48514cdaa75527d9c0cf2e26 session=882a8fa6ea8e42538fb681e9f08f0127 generation=1 request=5a9a1f56942048519f7704d98a20de84 type=observation queue_s=0.000119 worker_s=0.011791
INFO 2026-09-29 19:14:05 e/server.py:574 Policy operation deployment=omx-act instance=4bc7a2bb48514cdaa75527d9c0cf2e26 session=882a8fa6ea8e42538fb681e9f08f0127 generation=1 request=163cef48de8f4d79bcc232f9cc08d805 type=observation queue_s=0.000168 worker_s=0.011310
INFO 2026-09-29 19:14:05 e/server.py:574 Policy operation deployment=omx-act instance=4bc7a2bb48514cdaa75527d9c0cf2e26 session=882a8fa6ea8e42538fb681e9f08f0127 generation=1 request=541ec7c829c8458888fc3fed91e56174 type=observation queue_s=0.000120 worker_s=0.011552
INFO 2026-09-29 19:14:05 e/server.py:574 Policy operation deployment=omx-act instance=4bc7a2bb48514cdaa75527d9c0cf2e26 session=882a8fa6ea8e42538fb681e9f08f0127 generation=1 request=b79369a702264573af332f6fb957462d type=observation queue_s=0.000129 worker_s=0.011269
INFO 2026-09-29 19:14:05 e/server.py:574 Policy operation deployment=omx-act instance=4bc7a2bb48514cdaa75527d9c0cf2e26 session=882a8fa6ea8e42538fb681e9f08f0127 generation=1 request=828d50f89f154082887fc72cd2076568 type=observation queue_s=0.000127 worker_s=0.011365
INFO 2026-09-29 19:14:05 e/server.py:574 Policy operation deployment=omx-act instance=4bc7a2bb48514cdaa75527d9c0cf2e26 session=882a8fa6ea8e42538fb681e9f08f0127 generation=1 request=937c6113d45a4190b730f13241433488 type=observation queue_s=0.000104 worker_s=0.011313
INFO 2026-09-29 19:14:05 e/server.py:574 Policy operation deployment=omx-act instance=4bc7a2bb48514cdaa75527d9c0cf2e26 session=882a8fa6ea8e42538fb681e9f08f0127 generation=1 request=09d4ff5ac13844baaea77e313c2b90f6 type=observation queue_s=0.000139 worker_s=0.009661
INFO 2026-09-29 19:14:05 e/server.py:574 Policy operation deployment=omx-act instance=4bc7a2bb48514cdaa75527d9c0cf2e26 session=882a8fa6ea8e42538fb681e9f08f0127 generation=1 request=21b497a2f2d04c9fa49f7021fffdc234 type=observation queue_s=0.000105 worker_s=0.010535
INFO 2026-09-29 19:14:05 e/server.py:574 Policy operation deployment=omx-act instance=4bc7a2bb48514cdaa75527d9c0cf2e26 session=882a8fa6ea8e42538fb681e9f08f0127 generation=1 request=d0b739971ba947808b7a09ad77e0798c type=observation queue_s=0.000153 worker_s=0.010987
INFO 2026-09-29 19:14:05 e/server.py:574 Policy operation deployment=omx-act instance=4bc7a2bb48514cdaa75527d9c0cf2e26 session=882a8fa6ea8e42538fb681e9f08f0127 generation=1 request=bbb93281f067401e8d279ff5a5d034a2 type=observation queue_s=0.000177 worker_s=0.009931
INFO 2026-09-29 19:14:05 e/server.py:574 Policy operation deployment=omx-act instance=4bc7a2bb48514cdaa75527d9c0cf2e26 session=882a8fa6ea8e42538fb681e9f08f0127 generation=1 request=208c60cbbd2941cd93ee5b40961234a4 type=observation queue_s=0.000105 worker_s=0.010362
INFO 2026-09-29 19:14:06 e/server.py:574 Policy operation deployment=omx-act instance=4bc7a2bb48514cdaa75527d9c0cf2e26 session=882a8fa6ea8e42538fb681e9f08f0127 generation=1 request=0a634dcfc8bd4715979a3725c0aedaeb type=observation queue_s=0.000120 worker_s=0.010502
INFO 2026-09-29 19:14:06 e/server.py:574 Policy operation deployment=omx-act instance=4bc7a2bb48514cdaa75527d9c0cf2e26 session=882a8fa6ea8e42538fb681e9f08f0127 generation=1 request=fa6957214b25441ca551bb4278f2cc54 type=observation queue_s=0.000109 worker_s=0.011569
INFO 2026-09-29 19:14:06 e/server.py:574 Policy operation deployment=omx-act instance=4bc7a2bb48514cdaa75527d9c0cf2e26 session=882a8fa6ea8e42538fb681e9f08f0127 generation=1 request=155e87becdc84e3f9417b8adb5d8c9fc type=observation queue_s=0.000108 worker_s=0.011408
INFO 2026-09-29 19:14:06 e/server.py:574 Policy operation deployment=omx-act instance=4bc7a2bb48514cdaa75527d9c0cf2e26 session=882a8fa6ea8e42538fb681e9f08f0127 generation=1 request=53d43e5a6b49425891970547a7ef56b5 type=observation queue_s=0.000119 worker_s=0.011482
INFO 2026-09-29 19:14:06 e/server.py:574 Policy operation deployment=omx-act instance=4bc7a2bb48514cdaa75527d9c0cf2e26 session=882a8fa6ea8e42538fb681e9f08f0127 generation=1 request=3c1b23110ad34cff9d2527af053938f6 type=observation queue_s=0.000111 worker_s=0.010401
INFO 2026-09-29 19:14:06 e/server.py:574 Policy operation deployment=omx-act instance=4bc7a2bb48514cdaa75527d9c0cf2e26 session=882a8fa6ea8e42538fb681e9f08f0127 generation=1 request=d9fe78ab970f41148f3391fd7b2166b4 type=observation queue_s=0.000107 worker_s=0.011147
INFO 2026-09-29 19:14:06 e/server.py:574 Policy operation deployment=omx-act instance=4bc7a2bb48514cdaa75527d9c0cf2e26 session=882a8fa6ea8e42538fb681e9f08f0127 generation=1 request=4de1e7ec6f7b45d5829ab3d85ed9678a type=observation queue_s=0.000121 worker_s=0.010979
INFO 2026-09-29 19:14:06 e/server.py:574 Policy operation deployment=omx-act instance=4bc7a2bb48514cdaa75527d9c0cf2e26 session=882a8fa6ea8e42538fb681e9f08f0127 generation=1 request=3c34b83438a34113a081382d609c5881 type=observation queue_s=0.000087 worker_s=0.010733
INFO 2026-09-29 19:14:06 e/server.py:574 Policy operation deployment=omx-act instance=4bc7a2bb48514cdaa75527d9c0cf2e26 session=882a8fa6ea8e42538fb681e9f08f0127 generation=1 request=d55a9e1ec62d4570ab1790ca70ae5ce3 type=observation queue_s=0.000106 worker_s=0.011610
INFO 2026-09-29 19:14:06 e/server.py:574 Policy operation deployment=omx-act instance=4bc7a2bb48514cdaa75527d9c0cf2e26 session=882a8fa6ea8e42538fb681e9f08f0127 generation=1 request=d6f67b97b3454b5d81886043ed95b7f9 type=observation queue_s=0.000167 worker_s=0.012439
INFO 2026-09-29 19:14:06 e/server.py:574 Policy operation deployment=omx-act instance=4bc7a2bb48514cdaa75527d9c0cf2e26 session=882a8fa6ea8e42538fb681e9f08f0127 generation=1 request=e14e59392ea64076b7f96a70d2c9eb99 type=observation queue_s=0.000117 worker_s=0.011043
INFO 2026-09-29 19:14:06 e/server.py:574 Policy operation deployment=omx-act instance=4bc7a2bb48514cdaa75527d9c0cf2e26 session=882a8fa6ea8e42538fb681e9f08f0127 generation=1 request=4cff236e0f564543a3c55b5c05d7d4d1 type=observation queue_s=0.000107 worker_s=0.011197
INFO 2026-09-29 19:14:06 e/server.py:574 Policy operation deployment=omx-act instance=4bc7a2bb48514cdaa75527d9c0cf2e26 session=882a8fa6ea8e42538fb681e9f08f0127 generation=1 request=1030c8fc66b04bf182204c8ce6f8a875 type=observation queue_s=0.000125 worker_s=0.010795
INFO 2026-09-29 19:14:06 e/server.py:574 Policy operation deployment=omx-act instance=4bc7a2bb48514cdaa75527d9c0cf2e26 session=882a8fa6ea8e42538fb681e9f08f0127 generation=1 request=71ae6dba8f2c4aa397aaf6e76e68b1eb type=observation queue_s=0.000119 worker_s=0.011936
INFO 2026-09-29 19:14:06 e/server.py:574 Policy operation deployment=omx-act instance=4bc7a2bb48514cdaa75527d9c0cf2e26 session=882a8fa6ea8e42538fb681e9f08f0127 generation=1 request=496e371809224927ac9d3e8c23fc83b3 type=observation queue_s=0.000112 worker_s=0.010982
INFO 2026-09-29 19:14:06 e/server.py:574 Policy operation deployment=omx-act instance=4bc7a2bb48514cdaa75527d9c0cf2e26 session=882a8fa6ea8e42538fb681e9f08f0127 generation=1 request=4f091c13245f4d10ae6fa887afb01bb6 type=observation queue_s=0.000129 worker_s=0.011700
INFO 2026-09-29 19:14:06 e/server.py:574 Policy operation deployment=omx-act instance=4bc7a2bb48514cdaa75527d9c0cf2e26 session=882a8fa6ea8e42538fb681e9f08f0127 generation=1 request=ae7d9d0e4af4480aa5ca0cea5c8ad6aa type=observation queue_s=0.000110 worker_s=0.011106
INFO 2026-09-29 19:14:06 e/server.py:574 Policy operation deployment=omx-act instance=4bc7a2bb48514cdaa75527d9c0cf2e26 session=882a8fa6ea8e42538fb681e9f08f0127 generation=1 request=bb981296df334c0d8f606aaf2595caf7 type=observation queue_s=0.000117 worker_s=0.011525
INFO 2026-09-29 19:14:06 e/server.py:574 Policy operation deployment=omx-act instance=4bc7a2bb48514cdaa75527d9c0cf2e26 session=882a8fa6ea8e42538fb681e9f08f0127 generation=1 request=5a235adefe68459bbcbd3c78e421cbee type=observation queue_s=0.000125 worker_s=0.011362
INFO 2026-09-29 19:14:06 e/server.py:574 Policy operation deployment=omx-act instance=4bc7a2bb48514cdaa75527d9c0cf2e26 session=882a8fa6ea8e42538fb681e9f08f0127 generation=1 request=374fc7751f99400db48805647dca1e4b type=observation queue_s=0.000106 worker_s=0.013020
INFO 2026-09-29 19:14:06 e/server.py:574 Policy operation deployment=omx-act instance=4bc7a2bb48514cdaa75527d9c0cf2e26 session=882a8fa6ea8e42538fb681e9f08f0127 generation=1 request=b7d40c1728a84410ac02510e052f65b3 type=observation queue_s=0.000123 worker_s=0.011699
INFO 2026-09-29 19:14:06 e/server.py:574 Policy operation deployment=omx-act instance=4bc7a2bb48514cdaa75527d9c0cf2e26 session=882a8fa6ea8e42538fb681e9f08f0127 generation=1 request=8b9dde50aad945269f306035fb1fc173 type=observation queue_s=0.000128 worker_s=0.011119
INFO 2026-09-29 19:14:06 e/server.py:574 Policy operation deployment=omx-act instance=4bc7a2bb48514cdaa75527d9c0cf2e26 session=882a8fa6ea8e42538fb681e9f08f0127 generation=1 request=ce4d9c05aa7e4da289432e1fb7a1b7cf type=observation queue_s=0.000137 worker_s=0.011328
INFO 2026-09-29 19:14:06 e/server.py:574 Policy operation deployment=omx-act instance=4bc7a2bb48514cdaa75527d9c0cf2e26 session=882a8fa6ea8e42538fb681e9f08f0127 generation=1 request=9b9203615b35442f84cf858fec2a24a2 type=observation queue_s=0.000133 worker_s=0.011274
INFO 2026-09-29 19:14:06 e/server.py:574 Policy operation deployment=omx-act instance=4bc7a2bb48514cdaa75527d9c0cf2e26 session=882a8fa6ea8e42538fb681e9f08f0127 generation=1 request=3cf116a206c845d7a1113e6b483cd093 type=observation queue_s=0.000136 worker_s=0.010776
INFO 2026-09-29 19:14:06 e/server.py:574 Policy operation deployment=omx-act instance=4bc7a2bb48514cdaa75527d9c0cf2e26 session=882a8fa6ea8e42538fb681e9f08f0127 generation=1 request=cedcba398f37485e875395ab141f8fca type=observation queue_s=0.000114 worker_s=0.011326
INFO 2026-09-29 19:14:07 e/server.py:574 Policy operation deployment=omx-act instance=4bc7a2bb48514cdaa75527d9c0cf2e26 session=882a8fa6ea8e42538fb681e9f08f0127 generation=1 request=2a535f5273a14b8e90bde9549ee7c2b3 type=observation queue_s=0.000133 worker_s=0.009685
INFO 2026-09-29 19:14:07 e/server.py:574 Policy operation deployment=omx-act instance=4bc7a2bb48514cdaa75527d9c0cf2e26 session=882a8fa6ea8e42538fb681e9f08f0127 generation=1 request=9a6ab0b967dd40bb91293828eecccb75 type=observation queue_s=0.000107 worker_s=0.010736
INFO 2026-09-29 19:14:07 e/server.py:574 Policy operation deployment=omx-act instance=4bc7a2bb48514cdaa75527d9c0cf2e26 session=882a8fa6ea8e42538fb681e9f08f0127 generation=1 request=c448dfdef2524ffdbd360cb655f2ffa5 type=observation queue_s=0.000130 worker_s=0.010857
INFO 2026-09-29 19:14:07 e/server.py:574 Policy operation deployment=omx-act instance=4bc7a2bb48514cdaa75527d9c0cf2e26 session=882a8fa6ea8e42538fb681e9f08f0127 generation=1 request=f549a345d3ff42d39fe4a0cb45659c22 type=observation queue_s=0.000117 worker_s=0.011252
INFO 2026-09-29 19:14:07 e/server.py:574 Policy operation deployment=omx-act instance=4bc7a2bb48514cdaa75527d9c0cf2e26 session=882a8fa6ea8e42538fb681e9f08f0127 generation=1 request=abd7f84e979e4d03b618de0960df5f31 type=observation queue_s=0.000100 worker_s=0.011245
INFO 2026-09-29 19:14:07 e/server.py:574 Policy operation deployment=omx-act instance=4bc7a2bb48514cdaa75527d9c0cf2e26 session=882a8fa6ea8e42538fb681e9f08f0127 generation=1 request=a0d367323381438b8d29c6b66e4ea1d4 type=observation queue_s=0.000107 worker_s=0.010397
INFO 2026-09-29 19:14:07 e/server.py:574 Policy operation deployment=omx-act instance=4bc7a2bb48514cdaa75527d9c0cf2e26 session=882a8fa6ea8e42538fb681e9f08f0127 generation=1 request=3180be05af56450eb2173af35731aeb6 type=observation queue_s=0.000114 worker_s=0.009198
INFO 2026-09-29 19:14:07 e/server.py:574 Policy operation deployment=omx-act instance=4bc7a2bb48514cdaa75527d9c0cf2e26 session=882a8fa6ea8e42538fb681e9f08f0127 generation=1 request=8a91e3407eaf4b1ea4dfd00970acb7e4 type=observation queue_s=0.000142 worker_s=0.009257
INFO 2026-09-29 19:14:07 e/server.py:574 Policy operation deployment=omx-act instance=4bc7a2bb48514cdaa75527d9c0cf2e26 session=882a8fa6ea8e42538fb681e9f08f0127 generation=1 request=fef24453036c446c8e2e440dbb44a474 type=observation queue_s=0.000121 worker_s=0.009296
INFO 2026-09-29 19:14:07 e/server.py:574 Policy operation deployment=omx-act instance=4bc7a2bb48514cdaa75527d9c0cf2e26 session=882a8fa6ea8e42538fb681e9f08f0127 generation=1 request=76ca71250c3b4924988658e16bc0f384 type=observation queue_s=0.000132 worker_s=0.008648
INFO 2026-09-29 19:14:07 e/server.py:574 Policy operation deployment=omx-act instance=4bc7a2bb48514cdaa75527d9c0cf2e26 session=882a8fa6ea8e42538fb681e9f08f0127 generation=1 request=28ce1cee434a4bc8b4401e36a0a318ec type=observation queue_s=0.000113 worker_s=0.009417
INFO 2026-09-29 19:14:07 e/server.py:574 Policy operation deployment=omx-act instance=4bc7a2bb48514cdaa75527d9c0cf2e26 session=882a8fa6ea8e42538fb681e9f08f0127 generation=1 request=596262761515490295a35df7d97b2d10 type=observation queue_s=0.000119 worker_s=0.010150
INFO 2026-09-29 19:14:07 e/server.py:574 Policy operation deployment=omx-act instance=4bc7a2bb48514cdaa75527d9c0cf2e26 session=882a8fa6ea8e42538fb681e9f08f0127 generation=1 request=45727a671e284c29b25c8c856e24b045 type=observation queue_s=0.000135 worker_s=0.008399
INFO 2026-09-29 19:14:07 e/server.py:574 Policy operation deployment=omx-act instance=4bc7a2bb48514cdaa75527d9c0cf2e26 session=882a8fa6ea8e42538fb681e9f08f0127 generation=1 request=906bb70514e7493da7e96637c74c9a24 type=observation queue_s=0.000121 worker_s=0.008756
INFO 2026-09-29 19:14:07 e/server.py:574 Policy operation deployment=omx-act instance=4bc7a2bb48514cdaa75527d9c0cf2e26 session=882a8fa6ea8e42538fb681e9f08f0127 generation=1 request=1788ac25a6ad426b8142e3e3424e773e type=observation queue_s=0.000111 worker_s=0.008994
INFO 2026-09-29 19:14:07 e/server.py:574 Policy operation deployment=omx-act instance=4bc7a2bb48514cdaa75527d9c0cf2e26 session=882a8fa6ea8e42538fb681e9f08f0127 generation=1 request=9208f65f05bc49c1a9511e62f6d431b7 type=observation queue_s=0.000198 worker_s=0.009227
INFO 2026-09-29 19:14:07 e/server.py:574 Policy operation deployment=omx-act instance=4bc7a2bb48514cdaa75527d9c0cf2e26 session=882a8fa6ea8e42538fb681e9f08f0127 generation=1 request=b1a03e9dbf4542d8862a36504d8f6f4b type=observation queue_s=0.000126 worker_s=0.009380
INFO 2026-09-29 19:14:07 e/server.py:574 Policy operation deployment=omx-act instance=4bc7a2bb48514cdaa75527d9c0cf2e26 session=882a8fa6ea8e42538fb681e9f08f0127 generation=1 request=9027072bb3914ea692a8d8b5ce9696b7 type=observation queue_s=0.000134 worker_s=0.009630
INFO 2026-09-29 19:14:07 e/server.py:574 Policy operation deployment=omx-act instance=4bc7a2bb48514cdaa75527d9c0cf2e26 session=882a8fa6ea8e42538fb681e9f08f0127 generation=1 request=24a60f57975040f595baef112286b1df type=observation queue_s=0.000120 worker_s=0.010131
INFO 2026-09-29 19:14:07 e/server.py:574 Policy operation deployment=omx-act instance=4bc7a2bb48514cdaa75527d9c0cf2e26 session=882a8fa6ea8e42538fb681e9f08f0127 generation=1 request=a5725680235348589ef192ac9b0298b9 type=observation queue_s=0.000108 worker_s=0.009894
INFO 2026-09-29 19:14:07 e/server.py:574 Policy operation deployment=omx-act instance=4bc7a2bb48514cdaa75527d9c0cf2e26 session=882a8fa6ea8e42538fb681e9f08f0127 generation=1 request=0068803e330847d1a6d932e48d3414ec type=observation queue_s=0.000121 worker_s=0.009098
INFO 2026-09-29 19:14:07 e/server.py:574 Policy operation deployment=omx-act instance=4bc7a2bb48514cdaa75527d9c0cf2e26 session=882a8fa6ea8e42538fb681e9f08f0127 generation=1 request=537df9ba42db4ae7909232bdd52b3b93 type=observation queue_s=0.000153 worker_s=0.009720
INFO 2026-09-29 19:14:07 e/server.py:574 Policy operation deployment=omx-act instance=4bc7a2bb48514cdaa75527d9c0cf2e26 session=882a8fa6ea8e42538fb681e9f08f0127 generation=1 request=bf85b0014cc3408e8d13cdd8ed719a4c type=observation queue_s=0.000136 worker_s=0.010002
INFO 2026-09-29 19:14:07 e/server.py:574 Policy operation deployment=omx-act instance=4bc7a2bb48514cdaa75527d9c0cf2e26 session=882a8fa6ea8e42538fb681e9f08f0127 generation=1 request=05bd322cc3ea4958b464b7e89db52eb6 type=observation queue_s=0.000121 worker_s=0.013438
INFO 2026-09-29 19:14:07 e/server.py:574 Policy operation deployment=omx-act instance=4bc7a2bb48514cdaa75527d9c0cf2e26 session=882a8fa6ea8e42538fb681e9f08f0127 generation=1 request=1a1ce4c71c0144afbca74a1244cffd13 type=observation queue_s=0.000124 worker_s=0.011765
INFO 2026-09-29 19:14:07 e/server.py:574 Policy operation deployment=omx-act instance=4bc7a2bb48514cdaa75527d9c0cf2e26 session=882a8fa6ea8e42538fb681e9f08f0127 generation=1 request=21fb909a24324dccb659d607e884ced1 type=observation queue_s=0.000112 worker_s=0.011613
INFO 2026-09-29 19:14:07 e/server.py:574 Policy operation deployment=omx-act instance=4bc7a2bb48514cdaa75527d9c0cf2e26 session=882a8fa6ea8e42538fb681e9f08f0127 generation=1 request=9f9e597e8ca540aa8b0349d42ae96a9a type=observation queue_s=0.000119 worker_s=0.011662
INFO 2026-09-29 19:14:07 e/server.py:574 Policy operation deployment=omx-act instance=4bc7a2bb48514cdaa75527d9c0cf2e26 session=882a8fa6ea8e42538fb681e9f08f0127 generation=1 request=c462f85a9eb643b089fe4e2e90ddfb79 type=observation queue_s=0.000105 worker_s=0.011586
INFO 2026-09-29 19:14:08 e/server.py:574 Policy operation deployment=omx-act instance=4bc7a2bb48514cdaa75527d9c0cf2e26 session=882a8fa6ea8e42538fb681e9f08f0127 generation=1 request=507fc136e44542e5993145a70e60b748 type=observation queue_s=0.000114 worker_s=0.010815
INFO 2026-09-29 19:14:08 e/server.py:574 Policy operation deployment=omx-act instance=4bc7a2bb48514cdaa75527d9c0cf2e26 session=882a8fa6ea8e42538fb681e9f08f0127 generation=1 request=41829b20c74f4d06980238a42f9e470b type=observation queue_s=0.000135 worker_s=0.010987
INFO 2026-09-29 19:14:08 e/server.py:574 Policy operation deployment=omx-act instance=4bc7a2bb48514cdaa75527d9c0cf2e26 session=882a8fa6ea8e42538fb681e9f08f0127 generation=1 request=142d42d909dd42acb434a1ae4583ce04 type=observation queue_s=0.000106 worker_s=0.010351
INFO 2026-09-29 19:14:08 e/server.py:574 Policy operation deployment=omx-act instance=4bc7a2bb48514cdaa75527d9c0cf2e26 session=882a8fa6ea8e42538fb681e9f08f0127 generation=1 request=9989a2fb69824cda8f977f55d232eb6a type=observation queue_s=0.000108 worker_s=0.011482
INFO 2026-09-29 19:14:08 e/server.py:574 Policy operation deployment=omx-act instance=4bc7a2bb48514cdaa75527d9c0cf2e26 session=882a8fa6ea8e42538fb681e9f08f0127 generation=1 request=86b16449dd2d4175ad28ccf5baf439f2 type=observation queue_s=0.000102 worker_s=0.011228
INFO 2026-09-29 19:14:08 e/server.py:574 Policy operation deployment=omx-act instance=4bc7a2bb48514cdaa75527d9c0cf2e26 session=882a8fa6ea8e42538fb681e9f08f0127 generation=1 request=b0333440c3454321b3b68f675fc9b3b2 type=observation queue_s=0.000141 worker_s=0.011098
INFO 2026-09-29 19:14:08 e/server.py:574 Policy operation deployment=omx-act instance=4bc7a2bb48514cdaa75527d9c0cf2e26 session=882a8fa6ea8e42538fb681e9f08f0127 generation=1 request=b1b2058d442f4181a70dc64b5540da00 type=observation queue_s=0.000096 worker_s=0.010661
INFO 2026-09-29 19:14:08 e/server.py:574 Policy operation deployment=omx-act instance=4bc7a2bb48514cdaa75527d9c0cf2e26 session=882a8fa6ea8e42538fb681e9f08f0127 generation=1 request=28d767a90929445c85eddd4a55149edb type=observation queue_s=0.000132 worker_s=0.011429
INFO 2026-09-29 19:14:08 e/server.py:574 Policy operation deployment=omx-act instance=4bc7a2bb48514cdaa75527d9c0cf2e26 session=882a8fa6ea8e42538fb681e9f08f0127 generation=1 request=befb17656d1647aab68d5acbd4c59650 type=observation queue_s=0.000171 worker_s=0.010479
INFO 2026-09-29 19:14:08 e/server.py:574 Policy operation deployment=omx-act instance=4bc7a2bb48514cdaa75527d9c0cf2e26 session=882a8fa6ea8e42538fb681e9f08f0127 generation=1 request=8ff474b0c85e4abdbf7b6cfa63303223 type=observation queue_s=0.000108 worker_s=0.011277
INFO 2026-09-29 19:14:08 e/server.py:574 Policy operation deployment=omx-act instance=4bc7a2bb48514cdaa75527d9c0cf2e26 session=882a8fa6ea8e42538fb681e9f08f0127 generation=1 request=089d37fdef5a4d7c9125039547322f85 type=observation queue_s=0.000119 worker_s=0.010825
INFO 2026-09-29 19:14:08 e/server.py:574 Policy operation deployment=omx-act instance=4bc7a2bb48514cdaa75527d9c0cf2e26 session=882a8fa6ea8e42538fb681e9f08f0127 generation=1 request=72fb57fdb72a478f8a9c1fe6a1b38090 type=observation queue_s=0.000117 worker_s=0.011640
INFO 2026-09-29 19:14:08 e/server.py:574 Policy operation deployment=omx-act instance=4bc7a2bb48514cdaa75527d9c0cf2e26 session=882a8fa6ea8e42538fb681e9f08f0127 generation=1 request=8f03460141df423dbc13cc2d1f9867c0 type=observation queue_s=0.000143 worker_s=0.012262
INFO 2026-09-29 19:14:08 e/server.py:574 Policy operation deployment=omx-act instance=4bc7a2bb48514cdaa75527d9c0cf2e26 session=882a8fa6ea8e42538fb681e9f08f0127 generation=1 request=9d07ece10c4245d0a812f8cf24703ce7 type=observation queue_s=0.000120 worker_s=0.011709
INFO 2026-09-29 19:14:08 e/server.py:574 Policy operation deployment=omx-act instance=4bc7a2bb48514cdaa75527d9c0cf2e26 session=882a8fa6ea8e42538fb681e9f08f0127 generation=1 request=e780ac4716634e768c830ebf5559be90 type=observation queue_s=0.000107 worker_s=0.011349
INFO 2026-09-29 19:14:08 e/server.py:574 Policy operation deployment=omx-act instance=4bc7a2bb48514cdaa75527d9c0cf2e26 session=882a8fa6ea8e42538fb681e9f08f0127 generation=1 request=812f62fa1191457a86492ceaa5d48a34 type=observation queue_s=0.000143 worker_s=0.011679
INFO 2026-09-29 19:14:08 e/server.py:574 Policy operation deployment=omx-act instance=4bc7a2bb48514cdaa75527d9c0cf2e26 session=882a8fa6ea8e42538fb681e9f08f0127 generation=1 request=3a7e5be8ce114225b0816710da57989c type=observation queue_s=0.000179 worker_s=0.012766
INFO 2026-09-29 19:14:08 e/server.py:574 Policy operation deployment=omx-act instance=4bc7a2bb48514cdaa75527d9c0cf2e26 session=882a8fa6ea8e42538fb681e9f08f0127 generation=1 request=ccb30b30f64a4dfca8f101773fc7c3ef type=observation queue_s=0.000116 worker_s=0.011521
INFO 2026-09-29 19:14:08 e/server.py:574 Policy operation deployment=omx-act instance=4bc7a2bb48514cdaa75527d9c0cf2e26 session=882a8fa6ea8e42538fb681e9f08f0127 generation=1 request=1398f8c5921248ba8e9ab0d3d020eed7 type=observation queue_s=0.000100 worker_s=0.013073
INFO 2026-09-29 19:14:08 e/server.py:574 Policy operation deployment=omx-act instance=4bc7a2bb48514cdaa75527d9c0cf2e26 session=882a8fa6ea8e42538fb681e9f08f0127 generation=1 request=bf3fe6c963874a3fa05b74c899a4ca4c type=observation queue_s=0.000107 worker_s=0.011615
INFO 2026-09-29 19:14:08 e/server.py:574 Policy operation deployment=omx-act instance=4bc7a2bb48514cdaa75527d9c0cf2e26 session=882a8fa6ea8e42538fb681e9f08f0127 generation=1 request=2056ae9861e2474186f425dfaf57ca72 type=observation queue_s=0.000138 worker_s=0.010626
INFO 2026-09-29 19:14:08 e/server.py:574 Policy operation deployment=omx-act instance=4bc7a2bb48514cdaa75527d9c0cf2e26 session=882a8fa6ea8e42538fb681e9f08f0127 generation=1 request=ae422a7fc91c4faaac5794ffaf63c4d5 type=observation queue_s=0.000123 worker_s=0.011571
INFO 2026-09-29 19:14:08 e/server.py:574 Policy operation deployment=omx-act instance=4bc7a2bb48514cdaa75527d9c0cf2e26 session=882a8fa6ea8e42538fb681e9f08f0127 generation=1 request=9283985ea3fd46dca0d6f9b9e983e66a type=observation queue_s=0.000115 worker_s=0.011701
INFO 2026-09-29 19:14:08 e/server.py:574 Policy operation deployment=omx-act instance=4bc7a2bb48514cdaa75527d9c0cf2e26 session=882a8fa6ea8e42538fb681e9f08f0127 generation=1 request=611bf7c5b3354814828f511ffaa693f2 type=observation queue_s=0.000104 worker_s=0.011449
INFO 2026-09-29 19:14:08 e/server.py:574 Policy operation deployment=omx-act instance=4bc7a2bb48514cdaa75527d9c0cf2e26 session=882a8fa6ea8e42538fb681e9f08f0127 generation=1 request=65ed7a2fba28410e8f1a76960c77c374 type=observation queue_s=0.000108 worker_s=0.011506
INFO 2026-09-29 19:14:08 e/server.py:574 Policy operation deployment=omx-act instance=4bc7a2bb48514cdaa75527d9c0cf2e26 session=882a8fa6ea8e42538fb681e9f08f0127 generation=1 request=5a39afe4c111481cb257c373bf793bd6 type=observation queue_s=0.000095 worker_s=0.011205
INFO 2026-09-29 19:14:08 e/server.py:574 Policy operation deployment=omx-act instance=4bc7a2bb48514cdaa75527d9c0cf2e26 session=882a8fa6ea8e42538fb681e9f08f0127 generation=1 request=9b63834df727449b9ba4a336801a0ebb type=observation queue_s=0.000102 worker_s=0.010226
INFO 2026-09-29 19:14:09 e/server.py:574 Policy operation deployment=omx-act instance=4bc7a2bb48514cdaa75527d9c0cf2e26 session=882a8fa6ea8e42538fb681e9f08f0127 generation=1 request=7006b4e2410842b98928ad1e07c7683a type=observation queue_s=0.000130 worker_s=0.009515
INFO 2026-09-29 19:14:09 e/server.py:574 Policy operation deployment=omx-act instance=4bc7a2bb48514cdaa75527d9c0cf2e26 session=882a8fa6ea8e42538fb681e9f08f0127 generation=1 request=0e45c73ad2cc4ffa94dc12d156d40001 type=observation queue_s=0.000137 worker_s=0.010168
INFO 2026-09-29 19:14:09 e/server.py:574 Policy operation deployment=omx-act instance=4bc7a2bb48514cdaa75527d9c0cf2e26 session=882a8fa6ea8e42538fb681e9f08f0127 generation=1 request=66f2df446edd43c9bead8abbee548bb4 type=observation queue_s=0.000152 worker_s=0.008823
INFO 2026-09-29 19:14:09 e/server.py:574 Policy operation deployment=omx-act instance=4bc7a2bb48514cdaa75527d9c0cf2e26 session=882a8fa6ea8e42538fb681e9f08f0127 generation=1 request=e8753ceddf384f3da13228c43ef8ef44 type=observation queue_s=0.000148 worker_s=0.009129
INFO 2026-09-29 19:14:09 e/server.py:574 Policy operation deployment=omx-act instance=4bc7a2bb48514cdaa75527d9c0cf2e26 session=882a8fa6ea8e42538fb681e9f08f0127 generation=1 request=fb13a70366d74f2aaecb2aaa7702f5e4 type=observation queue_s=0.000138 worker_s=0.009381
INFO 2026-09-29 19:14:09 e/server.py:574 Policy operation deployment=omx-act instance=4bc7a2bb48514cdaa75527d9c0cf2e26 session=882a8fa6ea8e42538fb681e9f08f0127 generation=1 request=ee1e35891b0d4caca360b3e7e3b04674 type=observation queue_s=0.000121 worker_s=0.009192
INFO 2026-09-29 19:14:09 e/server.py:574 Policy operation deployment=omx-act instance=4bc7a2bb48514cdaa75527d9c0cf2e26 session=882a8fa6ea8e42538fb681e9f08f0127 generation=1 request=ca50605767ea4fa1a6470680542b555c type=observation queue_s=0.000168 worker_s=0.009285
INFO 2026-09-29 19:14:09 e/server.py:574 Policy operation deployment=omx-act instance=4bc7a2bb48514cdaa75527d9c0cf2e26 session=882a8fa6ea8e42538fb681e9f08f0127 generation=1 request=509d876dc7104e1181518bd0f2f1c86f type=observation queue_s=0.000118 worker_s=0.009909
INFO 2026-09-29 19:14:09 e/server.py:574 Policy operation deployment=omx-act instance=4bc7a2bb48514cdaa75527d9c0cf2e26 session=882a8fa6ea8e42538fb681e9f08f0127 generation=1 request=4324685ad1554a9eba407c8fa3db32e5 type=observation queue_s=0.000135 worker_s=0.009037
INFO 2026-09-29 19:14:09 e/server.py:574 Policy operation deployment=omx-act instance=4bc7a2bb48514cdaa75527d9c0cf2e26 session=882a8fa6ea8e42538fb681e9f08f0127 generation=1 request=250dcd69afa64a63a84a177f1fb00dc3 type=observation queue_s=0.000189 worker_s=0.009038
INFO 2026-09-29 19:14:09 e/server.py:574 Policy operation deployment=omx-act instance=4bc7a2bb48514cdaa75527d9c0cf2e26 session=882a8fa6ea8e42538fb681e9f08f0127 generation=1 request=73284a0b5e8c47ec92aee3f5c1d7fb9e type=observation queue_s=0.000192 worker_s=0.009849
INFO 2026-09-29 19:14:09 e/server.py:574 Policy operation deployment=omx-act instance=4bc7a2bb48514cdaa75527d9c0cf2e26 session=882a8fa6ea8e42538fb681e9f08f0127 generation=1 request=45a664f8703042ceb41ee0773e50e50f type=observation queue_s=0.000120 worker_s=0.009623
INFO 2026-09-29 19:14:09 e/server.py:574 Policy operation deployment=omx-act instance=4bc7a2bb48514cdaa75527d9c0cf2e26 session=882a8fa6ea8e42538fb681e9f08f0127 generation=1 request=49bd4841d1a341bbb5025ace5e937fcc type=observation queue_s=0.000177 worker_s=0.009658
INFO 2026-09-29 19:14:09 e/server.py:574 Policy operation deployment=omx-act instance=4bc7a2bb48514cdaa75527d9c0cf2e26 session=882a8fa6ea8e42538fb681e9f08f0127 generation=1 request=693bd54aa43d40429fbc307286b72f69 type=observation queue_s=0.000185 worker_s=0.009869
INFO 2026-09-29 19:14:09 e/server.py:574 Policy operation deployment=omx-act instance=4bc7a2bb48514cdaa75527d9c0cf2e26 session=882a8fa6ea8e42538fb681e9f08f0127 generation=1 request=e86e7a7933aa436e844651162c12dab6 type=observation queue_s=0.000123 worker_s=0.009864
INFO 2026-09-29 19:14:09 e/server.py:574 Policy operation deployment=omx-act instance=4bc7a2bb48514cdaa75527d9c0cf2e26 session=882a8fa6ea8e42538fb681e9f08f0127 generation=1 request=78baa7c3f9604d58a10f614c14b1943f type=observation queue_s=0.000131 worker_s=0.009445
INFO 2026-09-29 19:14:09 e/server.py:574 Policy operation deployment=omx-act instance=4bc7a2bb48514cdaa75527d9c0cf2e26 session=882a8fa6ea8e42538fb681e9f08f0127 generation=1 request=a58f6cddabed4e38a97cbf280a19f0c9 type=observation queue_s=0.000127 worker_s=0.009805
INFO 2026-09-29 19:14:09 e/server.py:574 Policy operation deployment=omx-act instance=4bc7a2bb48514cdaa75527d9c0cf2e26 session=882a8fa6ea8e42538fb681e9f08f0127 generation=1 request=dffd5194b5a649108fd096fa5886c296 type=observation queue_s=0.000122 worker_s=0.008766
INFO 2026-09-29 19:14:09 e/server.py:574 Policy operation deployment=omx-act instance=4bc7a2bb48514cdaa75527d9c0cf2e26 session=882a8fa6ea8e42538fb681e9f08f0127 generation=1 request=7563a8878c3a419493cb0d3341254627 type=observation queue_s=0.000161 worker_s=0.009515
INFO 2026-09-29 19:14:09 e/server.py:574 Policy operation deployment=omx-act instance=4bc7a2bb48514cdaa75527d9c0cf2e26 session=882a8fa6ea8e42538fb681e9f08f0127 generation=1 request=e6b180f08f894cd7bf30644a907713c3 type=observation queue_s=0.000117 worker_s=0.009661
INFO 2026-09-29 19:14:09 e/server.py:574 Policy operation deployment=omx-act instance=4bc7a2bb48514cdaa75527d9c0cf2e26 session=882a8fa6ea8e42538fb681e9f08f0127 generation=1 request=507b45422013477a85c3dfeffb54aa2d type=observation queue_s=0.000128 worker_s=0.009669
INFO 2026-09-29 19:14:09 e/server.py:574 Policy operation deployment=omx-act instance=4bc7a2bb48514cdaa75527d9c0cf2e26 session=882a8fa6ea8e42538fb681e9f08f0127 generation=1 request=5b1dfe27f67241a8b501dc9cca4e353d type=observation queue_s=0.000119 worker_s=0.009391
INFO 2026-09-29 19:14:09 e/server.py:574 Policy operation deployment=omx-act instance=4bc7a2bb48514cdaa75527d9c0cf2e26 session=882a8fa6ea8e42538fb681e9f08f0127 generation=1 request=2884ca777463455484f8c3862db7dc0d type=observation queue_s=0.000132 worker_s=0.009332
INFO 2026-09-29 19:14:09 e/server.py:574 Policy operation deployment=omx-act instance=4bc7a2bb48514cdaa75527d9c0cf2e26 session=882a8fa6ea8e42538fb681e9f08f0127 generation=1 request=be6644a33fa24da7b38fbfb8a335d72c type=observation queue_s=0.000124 worker_s=0.009531
INFO 2026-09-29 19:14:09 e/server.py:574 Policy operation deployment=omx-act instance=4bc7a2bb48514cdaa75527d9c0cf2e26 session=882a8fa6ea8e42538fb681e9f08f0127 generation=1 request=00e0fe4b1d4d4a729ae222919da37d53 type=observation queue_s=0.000158 worker_s=0.008795
INFO 2026-09-29 19:14:09 e/server.py:574 Policy operation deployment=omx-act instance=4bc7a2bb48514cdaa75527d9c0cf2e26 session=882a8fa6ea8e42538fb681e9f08f0127 generation=1 request=b27305e3b5ba45cc91facf0f69298261 type=observation queue_s=0.000114 worker_s=0.008734
INFO 2026-09-29 19:14:09 e/server.py:574 Policy operation deployment=omx-act instance=4bc7a2bb48514cdaa75527d9c0cf2e26 session=882a8fa6ea8e42538fb681e9f08f0127 generation=1 request=a262f0767be742879c1467ce5139cfd4 type=observation queue_s=0.000162 worker_s=0.009350
INFO 2026-09-29 19:14:09 e/server.py:574 Policy operation deployment=omx-act instance=4bc7a2bb48514cdaa75527d9c0cf2e26 session=882a8fa6ea8e42538fb681e9f08f0127 generation=1 request=ce8d7223f63441b08271e81867925b29 type=observation queue_s=0.000130 worker_s=0.009124
INFO 2026-09-29 19:14:10 e/server.py:574 Policy operation deployment=omx-act instance=4bc7a2bb48514cdaa75527d9c0cf2e26 session=882a8fa6ea8e42538fb681e9f08f0127 generation=1 request=2921a7d684734492bd17e7a158e4ec86 type=observation queue_s=0.000131 worker_s=0.009236
INFO 2026-09-29 19:14:10 e/server.py:574 Policy operation deployment=omx-act instance=4bc7a2bb48514cdaa75527d9c0cf2e26 session=882a8fa6ea8e42538fb681e9f08f0127 generation=1 request=e70e5da555b346c9a7b8b0b462b424ed type=observation queue_s=0.000123 worker_s=0.009577
INFO 2026-09-29 19:14:10 e/server.py:574 Policy operation deployment=omx-act instance=4bc7a2bb48514cdaa75527d9c0cf2e26 session=882a8fa6ea8e42538fb681e9f08f0127 generation=1 request=fe1b44728dac434ca4a82c45a7cc2eaa type=observation queue_s=0.000169 worker_s=0.009520
INFO 2026-09-29 19:14:10 e/server.py:574 Policy operation deployment=omx-act instance=4bc7a2bb48514cdaa75527d9c0cf2e26 session=882a8fa6ea8e42538fb681e9f08f0127 generation=1 request=1f7f6492b82e4660a8e71e88c0d46ee5 type=observation queue_s=0.000149 worker_s=0.009287
INFO 2026-09-29 19:14:10 e/server.py:574 Policy operation deployment=omx-act instance=4bc7a2bb48514cdaa75527d9c0cf2e26 session=882a8fa6ea8e42538fb681e9f08f0127 generation=1 request=3b2e6ba7dcd84180882f86bb6741ba81 type=observation queue_s=0.000149 worker_s=0.009763
INFO 2026-09-29 19:14:10 e/server.py:574 Policy operation deployment=omx-act instance=4bc7a2bb48514cdaa75527d9c0cf2e26 session=882a8fa6ea8e42538fb681e9f08f0127 generation=1 request=57321d5d19de4884b1aa4d594ad252d9 type=observation queue_s=0.000144 worker_s=0.009715
INFO 2026-09-29 19:14:10 e/server.py:574 Policy operation deployment=omx-act instance=4bc7a2bb48514cdaa75527d9c0cf2e26 session=882a8fa6ea8e42538fb681e9f08f0127 generation=1 request=812976c7fbfa4dcf8cbb2dfd9a02da4d type=observation queue_s=0.000156 worker_s=0.009316
INFO 2026-09-29 19:14:10 e/server.py:574 Policy operation deployment=omx-act instance=4bc7a2bb48514cdaa75527d9c0cf2e26 session=882a8fa6ea8e42538fb681e9f08f0127 generation=1 request=bf853d3638f04b139eb64e0ce730e8f8 type=observation queue_s=0.000122 worker_s=0.009283
INFO 2026-09-29 19:14:10 e/server.py:574 Policy operation deployment=omx-act instance=4bc7a2bb48514cdaa75527d9c0cf2e26 session=882a8fa6ea8e42538fb681e9f08f0127 generation=1 request=ed186d21d79847edbd9b3c000fdfde56 type=observation queue_s=0.000129 worker_s=0.009193
INFO 2026-09-29 19:14:10 e/server.py:574 Policy operation deployment=omx-act instance=4bc7a2bb48514cdaa75527d9c0cf2e26 session=882a8fa6ea8e42538fb681e9f08f0127 generation=1 request=043f80fd72e64834832f46aa889e79a6 type=observation queue_s=0.000167 worker_s=0.009763
INFO 2026-09-29 19:14:10 e/server.py:574 Policy operation deployment=omx-act instance=4bc7a2bb48514cdaa75527d9c0cf2e26 session=882a8fa6ea8e42538fb681e9f08f0127 generation=1 request=9c8c95a841f3412d884622ceaf941d70 type=observation queue_s=0.000143 worker_s=0.009197
INFO 2026-09-29 19:14:10 e/server.py:574 Policy operation deployment=omx-act instance=4bc7a2bb48514cdaa75527d9c0cf2e26 session=882a8fa6ea8e42538fb681e9f08f0127 generation=1 request=ace07f1a9b1a475590d0420fe13bcec9 type=observation queue_s=0.000136 worker_s=0.009037
INFO 2026-09-29 19:14:10 e/server.py:574 Policy operation deployment=omx-act instance=4bc7a2bb48514cdaa75527d9c0cf2e26 session=882a8fa6ea8e42538fb681e9f08f0127 generation=1 request=db24a7e0060542e6b33050553e4ac8b0 type=observation queue_s=0.000137 worker_s=0.012455
INFO 2026-09-29 19:14:10 e/server.py:574 Policy operation deployment=omx-act instance=4bc7a2bb48514cdaa75527d9c0cf2e26 session=882a8fa6ea8e42538fb681e9f08f0127 generation=1 request=69fccc936c604d45b1b27f36259b69fa type=observation queue_s=0.000043 worker_s=0.011260
INFO 2026-09-29 19:14:10 e/server.py:574 Policy operation deployment=omx-act instance=4bc7a2bb48514cdaa75527d9c0cf2e26 session=882a8fa6ea8e42538fb681e9f08f0127 generation=1 request=14d85207b2fe4895aa5220ddee40e62f type=observation queue_s=0.000043 worker_s=0.011088
INFO 2026-09-29 19:14:10 e/server.py:574 Policy operation deployment=omx-act instance=4bc7a2bb48514cdaa75527d9c0cf2e26 session=882a8fa6ea8e42538fb681e9f08f0127 generation=1 request=1df001fd0ceb472b9af5213c99738949 type=observation queue_s=0.000025 worker_s=0.010596
INFO 2026-09-29 19:14:10 e/server.py:574 Policy operation deployment=omx-act instance=4bc7a2bb48514cdaa75527d9c0cf2e26 session=882a8fa6ea8e42538fb681e9f08f0127 generation=1 request=3f7684a19de849d589f8d53c547a71ac type=observation queue_s=0.000095 worker_s=0.011196
INFO 2026-09-29 19:14:10 e/server.py:574 Policy operation deployment=omx-act instance=4bc7a2bb48514cdaa75527d9c0cf2e26 session=882a8fa6ea8e42538fb681e9f08f0127 generation=1 request=1830921df1144a4d9466c63ead8a96d6 type=observation queue_s=0.000092 worker_s=0.011225
INFO 2026-09-29 19:14:10 e/server.py:574 Policy operation deployment=omx-act instance=4bc7a2bb48514cdaa75527d9c0cf2e26 session=882a8fa6ea8e42538fb681e9f08f0127 generation=1 request=18189f5212a94fffbbed15a4cd18ceef type=observation queue_s=0.000185 worker_s=0.011338
INFO 2026-09-29 19:14:10 e/server.py:574 Policy operation deployment=omx-act instance=4bc7a2bb48514cdaa75527d9c0cf2e26 session=882a8fa6ea8e42538fb681e9f08f0127 generation=1 request=70b183ad35d1499681bb2d45ea4e9e91 type=observation queue_s=0.000028 worker_s=0.010287
INFO 2026-09-29 19:14:10 e/server.py:574 Policy operation deployment=omx-act instance=4bc7a2bb48514cdaa75527d9c0cf2e26 session=882a8fa6ea8e42538fb681e9f08f0127 generation=1 request=b8f367dbf835497aa3b4a915f77d86f8 type=observation queue_s=0.000047 worker_s=0.010852
INFO 2026-09-29 19:14:10 e/server.py:574 Policy operation deployment=omx-act instance=4bc7a2bb48514cdaa75527d9c0cf2e26 session=882a8fa6ea8e42538fb681e9f08f0127 generation=1 request=b88d98cdac234be5948150a6fe5e5e84 type=observation queue_s=0.000025 worker_s=0.010261
INFO 2026-09-29 19:14:10 e/server.py:574 Policy operation deployment=omx-act instance=4bc7a2bb48514cdaa75527d9c0cf2e26 session=882a8fa6ea8e42538fb681e9f08f0127 generation=1 request=38ba3cbc7b154dc1ac75c48bb38d5f48 type=observation queue_s=0.000105 worker_s=0.011188
INFO 2026-09-29 19:14:10 e/server.py:574 Policy operation deployment=omx-act instance=4bc7a2bb48514cdaa75527d9c0cf2e26 session=882a8fa6ea8e42538fb681e9f08f0127 generation=1 request=907f35f577c9465b8b34085bca66c13e type=observation queue_s=0.000113 worker_s=0.011714
INFO 2026-09-29 19:14:10 e/server.py:574 Policy operation deployment=omx-act instance=4bc7a2bb48514cdaa75527d9c0cf2e26 session=882a8fa6ea8e42538fb681e9f08f0127 generation=1 request=14ce6d6340f1489aa221fe8445f20a98 type=observation queue_s=0.000078 worker_s=0.009779
INFO 2026-09-29 19:14:10 e/server.py:574 Policy operation deployment=omx-act instance=4bc7a2bb48514cdaa75527d9c0cf2e26 session=882a8fa6ea8e42538fb681e9f08f0127 generation=1 request=8f48c2fee15940089b49e8941711c534 type=observation queue_s=0.000098 worker_s=0.010741
INFO 2026-09-29 19:14:10 e/server.py:574 Policy operation deployment=omx-act instance=4bc7a2bb48514cdaa75527d9c0cf2e26 session=882a8fa6ea8e42538fb681e9f08f0127 generation=1 request=58cecb45fddc4e399bb4042a4991ccc7 type=observation queue_s=0.000101 worker_s=0.011278
INFO 2026-09-29 19:14:10 e/server.py:574 Policy operation deployment=omx-act instance=4bc7a2bb48514cdaa75527d9c0cf2e26 session=882a8fa6ea8e42538fb681e9f08f0127 generation=1 request=18153be2fd6d4a8ab55555d553990aca type=observation queue_s=0.000091 worker_s=0.010791
INFO 2026-09-29 19:14:11 e/server.py:574 Policy operation deployment=omx-act instance=4bc7a2bb48514cdaa75527d9c0cf2e26 session=882a8fa6ea8e42538fb681e9f08f0127 generation=1 request=2050572c22424417b0e97c29529f7ca9 type=observation queue_s=0.000104 worker_s=0.011138
INFO 2026-09-29 19:14:11 e/server.py:574 Policy operation deployment=omx-act instance=4bc7a2bb48514cdaa75527d9c0cf2e26 session=882a8fa6ea8e42538fb681e9f08f0127 generation=1 request=b18ce2d3d79f460db083bebe723ddd8e type=observation queue_s=0.000094 worker_s=0.011178
INFO 2026-09-29 19:14:11 e/server.py:574 Policy operation deployment=omx-act instance=4bc7a2bb48514cdaa75527d9c0cf2e26 session=882a8fa6ea8e42538fb681e9f08f0127 generation=1 request=baeed231c58f40a9a61f4c10178376cf type=observation queue_s=0.000114 worker_s=0.010449
INFO 2026-09-29 19:14:11 e/server.py:574 Policy operation deployment=omx-act instance=4bc7a2bb48514cdaa75527d9c0cf2e26 session=882a8fa6ea8e42538fb681e9f08f0127 generation=1 request=de9feaae36804bf4893709e8f19713c7 type=observation queue_s=0.000080 worker_s=0.011229
INFO 2026-09-29 19:14:11 e/server.py:574 Policy operation deployment=omx-act instance=4bc7a2bb48514cdaa75527d9c0cf2e26 session=882a8fa6ea8e42538fb681e9f08f0127 generation=1 request=a5e9c0c0f90e4a9cad23705ecd28a992 type=observation queue_s=0.000093 worker_s=0.011308
INFO 2026-09-29 19:14:11 e/server.py:574 Policy operation deployment=omx-act instance=4bc7a2bb48514cdaa75527d9c0cf2e26 session=882a8fa6ea8e42538fb681e9f08f0127 generation=1 request=90aceb3b7ca14ea4a090ea4436ad4f25 type=observation queue_s=0.000084 worker_s=0.010952
INFO 2026-09-29 19:14:11 e/server.py:574 Policy operation deployment=omx-act instance=4bc7a2bb48514cdaa75527d9c0cf2e26 session=882a8fa6ea8e42538fb681e9f08f0127 generation=1 request=3981fbb87c644db087591f47bf5a8f83 type=observation queue_s=0.000099 worker_s=0.010848
INFO 2026-09-29 19:14:11 e/server.py:574 Policy operation deployment=omx-act instance=4bc7a2bb48514cdaa75527d9c0cf2e26 session=882a8fa6ea8e42538fb681e9f08f0127 generation=1 request=7f74072575714d39a315ca7fc62ed289 type=observation queue_s=0.000111 worker_s=0.010923
INFO 2026-09-29 19:14:11 e/server.py:574 Policy operation deployment=omx-act instance=4bc7a2bb48514cdaa75527d9c0cf2e26 session=882a8fa6ea8e42538fb681e9f08f0127 generation=1 request=2fd480cdfc944506b58a8da5e80213f2 type=observation queue_s=0.000095 worker_s=0.011473
INFO 2026-09-29 19:14:11 e/server.py:574 Policy operation deployment=omx-act instance=4bc7a2bb48514cdaa75527d9c0cf2e26 session=882a8fa6ea8e42538fb681e9f08f0127 generation=1 request=934e55b736f947c0839cea5dc09fb640 type=observation queue_s=0.000098 worker_s=0.011120
INFO 2026-09-29 19:14:11 e/server.py:574 Policy operation deployment=omx-act instance=4bc7a2bb48514cdaa75527d9c0cf2e26 session=882a8fa6ea8e42538fb681e9f08f0127 generation=1 request=7f82fc9e0d1c457d9436ed8f7d08eb8e type=observation queue_s=0.000134 worker_s=0.010841
INFO 2026-09-29 19:14:11 e/server.py:574 Policy operation deployment=omx-act instance=4bc7a2bb48514cdaa75527d9c0cf2e26 session=882a8fa6ea8e42538fb681e9f08f0127 generation=1 request=979afa91a4fe49edb40b4b2ed1399dcf type=observation queue_s=0.000116 worker_s=0.010701
INFO 2026-09-29 19:14:11 e/server.py:574 Policy operation deployment=omx-act instance=4bc7a2bb48514cdaa75527d9c0cf2e26 session=882a8fa6ea8e42538fb681e9f08f0127 generation=1 request=bbf1d7cc74de43c29f9dea1e741cb94e type=observation queue_s=0.000104 worker_s=0.011260
INFO 2026-09-29 19:14:11 e/server.py:574 Policy operation deployment=omx-act instance=4bc7a2bb48514cdaa75527d9c0cf2e26 session=882a8fa6ea8e42538fb681e9f08f0127 generation=1 request=917d6fede2494927bf8718fcd57fc4e5 type=observation queue_s=0.000096 worker_s=0.011189
INFO 2026-09-29 19:14:11 e/server.py:574 Policy operation deployment=omx-act instance=4bc7a2bb48514cdaa75527d9c0cf2e26 session=882a8fa6ea8e42538fb681e9f08f0127 generation=1 request=bdcaa14be34448738ec0cc26553b9c20 type=observation queue_s=0.000083 worker_s=0.011031
INFO 2026-09-29 19:14:11 e/server.py:574 Policy operation deployment=omx-act instance=4bc7a2bb48514cdaa75527d9c0cf2e26 session=882a8fa6ea8e42538fb681e9f08f0127 generation=1 request=38d04c767c704046a845b218f41065f0 type=observation queue_s=0.000091 worker_s=0.010936
INFO 2026-09-29 19:14:11 e/server.py:574 Policy operation deployment=omx-act instance=4bc7a2bb48514cdaa75527d9c0cf2e26 session=882a8fa6ea8e42538fb681e9f08f0127 generation=1 request=6cd7d9223fc0412997c356fb0d739025 type=observation queue_s=0.000110 worker_s=0.011470
INFO 2026-09-29 19:14:11 e/server.py:574 Policy operation deployment=omx-act instance=4bc7a2bb48514cdaa75527d9c0cf2e26 session=882a8fa6ea8e42538fb681e9f08f0127 generation=1 request=6840e1e8be1b4385926b2af7b4c53b3b type=observation queue_s=0.000128 worker_s=0.010165
INFO 2026-09-29 19:14:11 e/server.py:574 Policy operation deployment=omx-act instance=4bc7a2bb48514cdaa75527d9c0cf2e26 session=882a8fa6ea8e42538fb681e9f08f0127 generation=1 request=2409e1682386442d95296ba28dbb91e4 type=observation queue_s=0.000087 worker_s=0.010885
INFO 2026-09-29 19:14:11 e/server.py:574 Policy operation deployment=omx-act instance=4bc7a2bb48514cdaa75527d9c0cf2e26 session=882a8fa6ea8e42538fb681e9f08f0127 generation=1 request=5a85f75ec47c4987990c02f0cb151786 type=observation queue_s=0.000085 worker_s=0.010582
INFO 2026-09-29 19:14:11 e/server.py:574 Policy operation deployment=omx-act instance=4bc7a2bb48514cdaa75527d9c0cf2e26 session=882a8fa6ea8e42538fb681e9f08f0127 generation=1 request=521db49f3910403792dba0f29c849965 type=observation queue_s=0.000110 worker_s=0.011252
INFO 2026-09-29 19:14:11 e/server.py:574 Policy operation deployment=omx-act instance=4bc7a2bb48514cdaa75527d9c0cf2e26 session=882a8fa6ea8e42538fb681e9f08f0127 generation=1 request=0d7e6337cdbd4dd29af2e7149a6ad59b type=observation queue_s=0.000104 worker_s=0.011940
INFO 2026-09-29 19:14:11 e/server.py:574 Policy operation deployment=omx-act instance=4bc7a2bb48514cdaa75527d9c0cf2e26 session=882a8fa6ea8e42538fb681e9f08f0127 generation=1 request=1a3213f6d12f491993c1863e6ce1c0a8 type=observation queue_s=0.000082 worker_s=0.010800
INFO 2026-09-29 19:14:11 e/server.py:574 Policy operation deployment=omx-act instance=4bc7a2bb48514cdaa75527d9c0cf2e26 session=882a8fa6ea8e42538fb681e9f08f0127 generation=1 request=04e1974a9bbf4f6dadb8c8f50bab8504 type=observation queue_s=0.000088 worker_s=0.011467
INFO 2026-09-29 19:14:11 e/server.py:574 Policy operation deployment=omx-act instance=4bc7a2bb48514cdaa75527d9c0cf2e26 session=882a8fa6ea8e42538fb681e9f08f0127 generation=1 request=af73d808074647b2ada105984c565055 type=observation queue_s=0.000139 worker_s=0.009971
INFO 2026-09-29 19:14:11 e/server.py:574 Policy operation deployment=omx-act instance=4bc7a2bb48514cdaa75527d9c0cf2e26 session=882a8fa6ea8e42538fb681e9f08f0127 generation=1 request=95dbef28b59e4fdaacb039cf0071a686 type=observation queue_s=0.000118 worker_s=0.010647
INFO 2026-09-29 19:14:11 e/server.py:574 Policy operation deployment=omx-act instance=4bc7a2bb48514cdaa75527d9c0cf2e26 session=882a8fa6ea8e42538fb681e9f08f0127 generation=1 request=0876267ca7f24ca89192abbd855dff4b type=observation queue_s=0.000118 worker_s=0.010918
INFO 2026-09-29 19:14:12 e/server.py:574 Policy operation deployment=omx-act instance=4bc7a2bb48514cdaa75527d9c0cf2e26 session=882a8fa6ea8e42538fb681e9f08f0127 generation=1 request=64917b3872df4798a043e979dc495391 type=observation queue_s=0.000093 worker_s=0.010397
INFO 2026-09-29 19:14:12 e/server.py:574 Policy operation deployment=omx-act instance=4bc7a2bb48514cdaa75527d9c0cf2e26 session=882a8fa6ea8e42538fb681e9f08f0127 generation=1 request=e917f78010564b54be96966bcda1a579 type=observation queue_s=0.000092 worker_s=0.010670
INFO 2026-09-29 19:14:12 e/server.py:574 Policy operation deployment=omx-act instance=4bc7a2bb48514cdaa75527d9c0cf2e26 session=882a8fa6ea8e42538fb681e9f08f0127 generation=1 request=b73c322a00a549358843f34019087279 type=observation queue_s=0.000119 worker_s=0.010784
INFO 2026-09-29 19:14:12 e/server.py:574 Policy operation deployment=omx-act instance=4bc7a2bb48514cdaa75527d9c0cf2e26 session=882a8fa6ea8e42538fb681e9f08f0127 generation=1 request=46e2d07ed9ed444d95fdf9eba07eb655 type=observation queue_s=0.000102 worker_s=0.011067
INFO 2026-09-29 19:14:12 e/server.py:574 Policy operation deployment=omx-act instance=4bc7a2bb48514cdaa75527d9c0cf2e26 session=882a8fa6ea8e42538fb681e9f08f0127 generation=1 request=af4284a881cc494bb9c36bb23f65cee0 type=observation queue_s=0.000101 worker_s=0.011485
INFO 2026-09-29 19:14:12 e/server.py:574 Policy operation deployment=omx-act instance=4bc7a2bb48514cdaa75527d9c0cf2e26 session=882a8fa6ea8e42538fb681e9f08f0127 generation=1 request=522ff74133654828836ccdda44dbfa41 type=observation queue_s=0.000086 worker_s=0.010676
INFO 2026-09-29 19:14:12 e/server.py:574 Policy operation deployment=omx-act instance=4bc7a2bb48514cdaa75527d9c0cf2e26 session=882a8fa6ea8e42538fb681e9f08f0127 generation=1 request=18d58f3482f14096a30bbcca9fc356cf type=observation queue_s=0.000093 worker_s=0.010791
INFO 2026-09-29 19:14:12 e/server.py:574 Policy operation deployment=omx-act instance=4bc7a2bb48514cdaa75527d9c0cf2e26 session=882a8fa6ea8e42538fb681e9f08f0127 generation=1 request=eadd6f8b7c6448038472b4785b95fd7a type=observation queue_s=0.000096 worker_s=0.011371
INFO 2026-09-29 19:14:12 e/server.py:574 Policy operation deployment=omx-act instance=4bc7a2bb48514cdaa75527d9c0cf2e26 session=882a8fa6ea8e42538fb681e9f08f0127 generation=1 request=20b2d8be15554d2f9562bdcd86b7dc5c type=observation queue_s=0.000104 worker_s=0.011564
INFO 2026-09-29 19:14:12 e/server.py:574 Policy operation deployment=omx-act instance=4bc7a2bb48514cdaa75527d9c0cf2e26 session=882a8fa6ea8e42538fb681e9f08f0127 generation=1 request=f77cbfafa720471caa67f9addc5064e2 type=observation queue_s=0.000082 worker_s=0.010436
INFO 2026-09-29 19:14:12 e/server.py:574 Policy operation deployment=omx-act instance=4bc7a2bb48514cdaa75527d9c0cf2e26 session=882a8fa6ea8e42538fb681e9f08f0127 generation=1 request=ab1703e252b341b780921c884c4299f7 type=observation queue_s=0.000118 worker_s=0.009245
INFO 2026-09-29 19:14:12 e/server.py:574 Policy operation deployment=omx-act instance=4bc7a2bb48514cdaa75527d9c0cf2e26 session=882a8fa6ea8e42538fb681e9f08f0127 generation=1 request=fd584ca71fad4ce0a2db8f17dea02b4d type=observation queue_s=0.000194 worker_s=0.009249
INFO 2026-09-29 19:14:12 e/server.py:574 Policy operation deployment=omx-act instance=4bc7a2bb48514cdaa75527d9c0cf2e26 session=882a8fa6ea8e42538fb681e9f08f0127 generation=1 request=b3b0f56f21884becb5faef8db55544f7 type=observation queue_s=0.000160 worker_s=0.009147
INFO 2026-09-29 19:14:12 e/server.py:574 Policy operation deployment=omx-act instance=4bc7a2bb48514cdaa75527d9c0cf2e26 session=882a8fa6ea8e42538fb681e9f08f0127 generation=1 request=989b1692b36a42da8b7d47387ab3d42e type=observation queue_s=0.000065 worker_s=0.009533
INFO 2026-09-29 19:14:12 e/server.py:574 Policy operation deployment=omx-act instance=4bc7a2bb48514cdaa75527d9c0cf2e26 session=882a8fa6ea8e42538fb681e9f08f0127 generation=1 request=d2c689fceaee426eb288e94d80b0ea06 type=observation queue_s=0.000181 worker_s=0.009494
INFO 2026-09-29 19:14:12 e/server.py:574 Policy operation deployment=omx-act instance=4bc7a2bb48514cdaa75527d9c0cf2e26 session=882a8fa6ea8e42538fb681e9f08f0127 generation=1 request=7cbdf800c9f94da581ab835fc909be0f type=observation queue_s=0.000203 worker_s=0.008814
INFO 2026-09-29 19:14:12 e/server.py:574 Policy operation deployment=omx-act instance=4bc7a2bb48514cdaa75527d9c0cf2e26 session=882a8fa6ea8e42538fb681e9f08f0127 generation=1 request=5b821948e5494ce99f2dcb9dcef9d6f0 type=observation queue_s=0.000113 worker_s=0.008933
INFO 2026-09-29 19:14:12 e/server.py:574 Policy operation deployment=omx-act instance=4bc7a2bb48514cdaa75527d9c0cf2e26 session=882a8fa6ea8e42538fb681e9f08f0127 generation=1 request=937ab8daa6a943efa4f446733de2c614 type=observation queue_s=0.000146 worker_s=0.009183
INFO 2026-09-29 19:14:12 e/server.py:574 Policy operation deployment=omx-act instance=4bc7a2bb48514cdaa75527d9c0cf2e26 session=882a8fa6ea8e42538fb681e9f08f0127 generation=1 request=e9030a6a3a2c4c599c25daf78e21dedd type=observation queue_s=0.000142 worker_s=0.008961
INFO 2026-09-29 19:14:12 e/server.py:574 Policy operation deployment=omx-act instance=4bc7a2bb48514cdaa75527d9c0cf2e26 session=882a8fa6ea8e42538fb681e9f08f0127 generation=1 request=fa922da0a9544f7b9b6081824245b4db type=observation queue_s=0.000180 worker_s=0.009111
INFO 2026-09-29 19:14:12 e/server.py:574 Policy operation deployment=omx-act instance=4bc7a2bb48514cdaa75527d9c0cf2e26 session=882a8fa6ea8e42538fb681e9f08f0127 generation=1 request=ce345c90bb2c401580067082ceec02b4 type=observation queue_s=0.000174 worker_s=0.009049
INFO 2026-09-29 19:14:12 e/server.py:574 Policy operation deployment=omx-act instance=4bc7a2bb48514cdaa75527d9c0cf2e26 session=882a8fa6ea8e42538fb681e9f08f0127 generation=1 request=e3caeea9bd424d22a8f606d360dbbc3d type=observation queue_s=0.000111 worker_s=0.009813
INFO 2026-09-29 19:14:12 e/server.py:574 Policy operation deployment=omx-act instance=4bc7a2bb48514cdaa75527d9c0cf2e26 session=882a8fa6ea8e42538fb681e9f08f0127 generation=1 request=ca9372803b48465694982ac7e86fddd6 type=observation queue_s=0.000112 worker_s=0.009299
INFO 2026-09-29 19:14:12 e/server.py:574 Policy operation deployment=omx-act instance=4bc7a2bb48514cdaa75527d9c0cf2e26 session=882a8fa6ea8e42538fb681e9f08f0127 generation=1 request=5050016e4a5440c6b9a29e17edde4692 type=observation queue_s=0.000163 worker_s=0.008957
INFO 2026-09-29 19:14:12 e/server.py:574 Policy operation deployment=omx-act instance=4bc7a2bb48514cdaa75527d9c0cf2e26 session=882a8fa6ea8e42538fb681e9f08f0127 generation=1 request=10a2f2222204459c849fddb1766f75ab type=observation queue_s=0.000134 worker_s=0.009341
INFO 2026-09-29 19:14:12 e/server.py:574 Policy operation deployment=omx-act instance=4bc7a2bb48514cdaa75527d9c0cf2e26 session=882a8fa6ea8e42538fb681e9f08f0127 generation=1 request=b6474434080e4462abaf74756ae90231 type=observation queue_s=0.000171 worker_s=0.009147
INFO 2026-09-29 19:14:12 e/server.py:574 Policy operation deployment=omx-act instance=4bc7a2bb48514cdaa75527d9c0cf2e26 session=882a8fa6ea8e42538fb681e9f08f0127 generation=1 request=00446b9ebb5f4e4ba28656cb230677a8 type=observation queue_s=0.000136 worker_s=0.009011
INFO 2026-09-29 19:14:12 e/server.py:574 Policy operation deployment=omx-act instance=4bc7a2bb48514cdaa75527d9c0cf2e26 session=882a8fa6ea8e42538fb681e9f08f0127 generation=1 request=f8a258d8f9c34adfb209f09f394d605e type=observation queue_s=0.000203 worker_s=0.010485
INFO 2026-09-29 19:14:13 e/server.py:574 Policy operation deployment=omx-act instance=4bc7a2bb48514cdaa75527d9c0cf2e26 session=882a8fa6ea8e42538fb681e9f08f0127 generation=1 request=4bdf603e2970416e97bc082034f82983 type=observation queue_s=0.000138 worker_s=0.009830
INFO 2026-09-29 19:14:13 e/server.py:574 Policy operation deployment=omx-act instance=4bc7a2bb48514cdaa75527d9c0cf2e26 session=882a8fa6ea8e42538fb681e9f08f0127 generation=1 request=b731b780ba324b159c98015016e2c190 type=observation queue_s=0.000114 worker_s=0.009338
INFO 2026-09-29 19:14:13 e/server.py:574 Policy operation deployment=omx-act instance=4bc7a2bb48514cdaa75527d9c0cf2e26 session=882a8fa6ea8e42538fb681e9f08f0127 generation=1 request=95ea900b5baa4cd99df41c0a3351d9ea type=observation queue_s=0.000139 worker_s=0.009303
INFO 2026-09-29 19:14:13 e/server.py:574 Policy operation deployment=omx-act instance=4bc7a2bb48514cdaa75527d9c0cf2e26 session=882a8fa6ea8e42538fb681e9f08f0127 generation=1 request=f2b73f9915be4cf7a19cc2d744e8365c type=observation queue_s=0.000170 worker_s=0.009354
INFO 2026-09-29 19:14:13 e/server.py:574 Policy operation deployment=omx-act instance=4bc7a2bb48514cdaa75527d9c0cf2e26 session=882a8fa6ea8e42538fb681e9f08f0127 generation=1 request=88185c0c836a42f998db15c2f77aefff type=observation queue_s=0.000133 worker_s=0.009733
INFO 2026-09-29 19:14:13 e/server.py:574 Policy operation deployment=omx-act instance=4bc7a2bb48514cdaa75527d9c0cf2e26 session=882a8fa6ea8e42538fb681e9f08f0127 generation=1 request=3edf56a3564d46798284efea7b12c4af type=observation queue_s=0.000125 worker_s=0.009657
INFO 2026-09-29 19:14:13 e/server.py:574 Policy operation deployment=omx-act instance=4bc7a2bb48514cdaa75527d9c0cf2e26 session=882a8fa6ea8e42538fb681e9f08f0127 generation=1 request=b8ea9a077aac4865a2ebb8b025b3848b type=observation queue_s=0.000142 worker_s=0.009399
INFO 2026-09-29 19:14:13 e/server.py:574 Policy operation deployment=omx-act instance=4bc7a2bb48514cdaa75527d9c0cf2e26 session=882a8fa6ea8e42538fb681e9f08f0127 generation=1 request=fcf279285383494196d3dad8fa72ce4d type=observation queue_s=0.000121 worker_s=0.009600
INFO 2026-09-29 19:14:13 e/server.py:574 Policy operation deployment=omx-act instance=4bc7a2bb48514cdaa75527d9c0cf2e26 session=882a8fa6ea8e42538fb681e9f08f0127 generation=1 request=e6fbc7119574451da2af400006640301 type=observation queue_s=0.000114 worker_s=0.009636
INFO 2026-09-29 19:14:13 e/server.py:574 Policy operation deployment=omx-act instance=4bc7a2bb48514cdaa75527d9c0cf2e26 session=882a8fa6ea8e42538fb681e9f08f0127 generation=1 request=194a73aff12c4ce68c361fece0417175 type=observation queue_s=0.000125 worker_s=0.008387
INFO 2026-09-29 19:14:13 e/server.py:574 Policy operation deployment=omx-act instance=4bc7a2bb48514cdaa75527d9c0cf2e26 session=882a8fa6ea8e42538fb681e9f08f0127 generation=1 request=3ad584924e564bcfbd855e43dd56e8e7 type=observation queue_s=0.000146 worker_s=0.008760
INFO 2026-09-29 19:14:13 e/server.py:574 Policy operation deployment=omx-act instance=4bc7a2bb48514cdaa75527d9c0cf2e26 session=882a8fa6ea8e42538fb681e9f08f0127 generation=1 request=3fed5712c303427496b51879c674d41d type=observation queue_s=0.000137 worker_s=0.009125
INFO 2026-09-29 19:14:13 e/server.py:574 Policy operation deployment=omx-act instance=4bc7a2bb48514cdaa75527d9c0cf2e26 session=882a8fa6ea8e42538fb681e9f08f0127 generation=1 request=c26ef034c9e843c5a3b3806cf6a52d87 type=observation queue_s=0.000129 worker_s=0.009195
INFO 2026-09-29 19:14:13 e/server.py:574 Policy operation deployment=omx-act instance=4bc7a2bb48514cdaa75527d9c0cf2e26 session=882a8fa6ea8e42538fb681e9f08f0127 generation=1 request=8dd3782fec144ec39377285973ab42b3 type=observation queue_s=0.000156 worker_s=0.009774
INFO 2026-09-29 19:14:13 e/server.py:574 Policy operation deployment=omx-act instance=4bc7a2bb48514cdaa75527d9c0cf2e26 session=882a8fa6ea8e42538fb681e9f08f0127 generation=1 request=3fc6563144674bb3bfa3a27f009316df type=observation queue_s=0.000131 worker_s=0.009300
INFO 2026-09-29 19:14:13 e/server.py:574 Policy operation deployment=omx-act instance=4bc7a2bb48514cdaa75527d9c0cf2e26 session=882a8fa6ea8e42538fb681e9f08f0127 generation=1 request=f096976081994e32aa278e8cf4b1a7b1 type=observation queue_s=0.000153 worker_s=0.009749
INFO 2026-09-29 19:14:13 e/server.py:574 Policy operation deployment=omx-act instance=4bc7a2bb48514cdaa75527d9c0cf2e26 session=882a8fa6ea8e42538fb681e9f08f0127 generation=1 request=6bfaefd3678c41ea998fc1143be7fbaf type=observation queue_s=0.000139 worker_s=0.009653
INFO 2026-09-29 19:14:13 e/server.py:574 Policy operation deployment=omx-act instance=4bc7a2bb48514cdaa75527d9c0cf2e26 session=882a8fa6ea8e42538fb681e9f08f0127 generation=1 request=e9419aabf27f4b0181164b42a0ab6627 type=observation queue_s=0.000141 worker_s=0.008992
INFO 2026-09-29 19:14:13 e/server.py:574 Policy operation deployment=omx-act instance=4bc7a2bb48514cdaa75527d9c0cf2e26 session=882a8fa6ea8e42538fb681e9f08f0127 generation=1 request=f20331a51a174822a3e1d1175381ad75 type=observation queue_s=0.000122 worker_s=0.008756
INFO 2026-09-29 19:14:13 e/server.py:574 Policy operation deployment=omx-act instance=4bc7a2bb48514cdaa75527d9c0cf2e26 session=882a8fa6ea8e42538fb681e9f08f0127 generation=1 request=7c09fffa193149fc8aa394ef9a82b2d6 type=observation queue_s=0.000148 worker_s=0.009396
INFO 2026-09-29 19:14:13 e/server.py:574 Policy operation deployment=omx-act instance=4bc7a2bb48514cdaa75527d9c0cf2e26 session=882a8fa6ea8e42538fb681e9f08f0127 generation=1 request=d344e55489584e849bf099fbfb1788c0 type=observation queue_s=0.000120 worker_s=0.009645
INFO 2026-09-29 19:14:13 e/server.py:574 Policy operation deployment=omx-act instance=4bc7a2bb48514cdaa75527d9c0cf2e26 session=882a8fa6ea8e42538fb681e9f08f0127 generation=1 request=4e3c2d5a48da454f85ad6c4fb0f22a50 type=observation queue_s=0.000156 worker_s=0.009093
INFO 2026-09-29 19:14:13 e/server.py:574 Policy operation deployment=omx-act instance=4bc7a2bb48514cdaa75527d9c0cf2e26 session=882a8fa6ea8e42538fb681e9f08f0127 generation=1 request=928c432dca8e46c09e23f13c5cd4b2b8 type=observation queue_s=0.000133 worker_s=0.009148
INFO 2026-09-29 19:14:13 e/server.py:574 Policy operation deployment=omx-act instance=4bc7a2bb48514cdaa75527d9c0cf2e26 session=882a8fa6ea8e42538fb681e9f08f0127 generation=1 request=ef8dad539be0465eb02aabab2828636d type=observation queue_s=0.000133 worker_s=0.009643
INFO 2026-09-29 19:14:13 e/server.py:574 Policy operation deployment=omx-act instance=4bc7a2bb48514cdaa75527d9c0cf2e26 session=882a8fa6ea8e42538fb681e9f08f0127 generation=1 request=099cc2f74db6411fab60d405253a82d1 type=observation queue_s=0.000157 worker_s=0.008972
INFO 2026-09-29 19:14:13 e/server.py:574 Policy operation deployment=omx-act instance=4bc7a2bb48514cdaa75527d9c0cf2e26 session=882a8fa6ea8e42538fb681e9f08f0127 generation=1 request=004a2ee95563485ab5ceebbfef42f535 type=observation queue_s=0.000126 worker_s=0.009390
INFO 2026-09-29 19:14:13 e/server.py:574 Policy operation deployment=omx-act instance=4bc7a2bb48514cdaa75527d9c0cf2e26 session=882a8fa6ea8e42538fb681e9f08f0127 generation=1 request=909625e3f3b84fb4983205ce2fcc8c99 type=observation queue_s=0.000138 worker_s=0.009797
INFO 2026-09-29 19:14:14 e/server.py:574 Policy operation deployment=omx-act instance=4bc7a2bb48514cdaa75527d9c0cf2e26 session=882a8fa6ea8e42538fb681e9f08f0127 generation=1 request=ddc79627fc094c1bb68a8f2b1d7bb8bc type=observation queue_s=0.000130 worker_s=0.010200
INFO 2026-09-29 19:14:14 e/server.py:574 Policy operation deployment=omx-act instance=4bc7a2bb48514cdaa75527d9c0cf2e26 session=882a8fa6ea8e42538fb681e9f08f0127 generation=1 request=fa9d929e4bbc4fe3a5bb40bbf50c6fdd type=observation queue_s=0.000158 worker_s=0.009332
INFO 2026-09-29 19:14:14 e/server.py:574 Policy operation deployment=omx-act instance=4bc7a2bb48514cdaa75527d9c0cf2e26 session=882a8fa6ea8e42538fb681e9f08f0127 generation=1 request=d052def31d8d47bdaf0de31b25dc80e5 type=observation queue_s=0.000153 worker_s=0.009833
INFO 2026-09-29 19:14:14 e/server.py:574 Policy operation deployment=omx-act instance=4bc7a2bb48514cdaa75527d9c0cf2e26 session=882a8fa6ea8e42538fb681e9f08f0127 generation=1 request=4098a93718bf4574b70f791daa6cceb7 type=observation queue_s=0.000179 worker_s=0.009528
INFO 2026-09-29 19:14:14 e/server.py:574 Policy operation deployment=omx-act instance=4bc7a2bb48514cdaa75527d9c0cf2e26 session=882a8fa6ea8e42538fb681e9f08f0127 generation=1 request=5f8ca05ec6f24111888fa54ce12833aa type=observation queue_s=0.000157 worker_s=0.009438
INFO 2026-09-29 19:14:14 e/server.py:574 Policy operation deployment=omx-act instance=4bc7a2bb48514cdaa75527d9c0cf2e26 session=882a8fa6ea8e42538fb681e9f08f0127 generation=1 request=ca70d2709c6846afb7f8fdca3bbeac89 type=observation queue_s=0.000160 worker_s=0.009450
INFO 2026-09-29 19:14:14 e/server.py:574 Policy operation deployment=omx-act instance=4bc7a2bb48514cdaa75527d9c0cf2e26 session=882a8fa6ea8e42538fb681e9f08f0127 generation=1 request=2dd5d030a2014ba68c0c1afdaf212d76 type=observation queue_s=0.000128 worker_s=0.009039
INFO 2026-09-29 19:14:14 e/server.py:574 Policy operation deployment=omx-act instance=4bc7a2bb48514cdaa75527d9c0cf2e26 session=882a8fa6ea8e42538fb681e9f08f0127 generation=1 request=b683821592174d61887a66a99e439f7f type=observation queue_s=0.000132 worker_s=0.009604
INFO 2026-09-29 19:14:14 e/server.py:574 Policy operation deployment=omx-act instance=4bc7a2bb48514cdaa75527d9c0cf2e26 session=882a8fa6ea8e42538fb681e9f08f0127 generation=1 request=dda4b45c6347482ba4e95c2e064365b7 type=observation queue_s=0.000135 worker_s=0.009937
INFO 2026-09-29 19:14:14 e/server.py:574 Policy operation deployment=omx-act instance=4bc7a2bb48514cdaa75527d9c0cf2e26 session=882a8fa6ea8e42538fb681e9f08f0127 generation=1 request=d508875eb62f49fca6c19e33af33c202 type=observation queue_s=0.000120 worker_s=0.009207
INFO 2026-09-29 19:14:14 e/server.py:574 Policy operation deployment=omx-act instance=4bc7a2bb48514cdaa75527d9c0cf2e26 session=882a8fa6ea8e42538fb681e9f08f0127 generation=1 request=5eb83f167cd54a84ac06b0740570e4c9 type=observation queue_s=0.000152 worker_s=0.009477
INFO 2026-09-29 19:14:14 e/server.py:574 Policy operation deployment=omx-act instance=4bc7a2bb48514cdaa75527d9c0cf2e26 session=882a8fa6ea8e42538fb681e9f08f0127 generation=1 request=dbbdb3fa3f7f4426bc6b3007193ffec3 type=observation queue_s=0.000121 worker_s=0.009855
INFO 2026-09-29 19:14:14 e/server.py:574 Policy operation deployment=omx-act instance=4bc7a2bb48514cdaa75527d9c0cf2e26 session=882a8fa6ea8e42538fb681e9f08f0127 generation=1 request=48415ce81cd24d5d8a3a90b8500ad171 type=observation queue_s=0.000136 worker_s=0.009458
INFO 2026-09-29 19:14:14 e/server.py:574 Policy operation deployment=omx-act instance=4bc7a2bb48514cdaa75527d9c0cf2e26 session=882a8fa6ea8e42538fb681e9f08f0127 generation=1 request=e2e87db3af384fab89969238e72a96a6 type=observation queue_s=0.000152 worker_s=0.009451
INFO 2026-09-29 19:14:14 e/server.py:574 Policy operation deployment=omx-act instance=4bc7a2bb48514cdaa75527d9c0cf2e26 session=882a8fa6ea8e42538fb681e9f08f0127 generation=1 request=3f60dbfca41e46a68e2f66bf1dc51dc7 type=observation queue_s=0.000121 worker_s=0.008686
INFO 2026-09-29 19:14:14 e/server.py:574 Policy operation deployment=omx-act instance=4bc7a2bb48514cdaa75527d9c0cf2e26 session=882a8fa6ea8e42538fb681e9f08f0127 generation=1 request=4bce698244404300970f298f72a44036 type=observation queue_s=0.000171 worker_s=0.009627
INFO 2026-09-29 19:14:14 e/server.py:574 Policy operation deployment=omx-act instance=4bc7a2bb48514cdaa75527d9c0cf2e26 session=882a8fa6ea8e42538fb681e9f08f0127 generation=1 request=444dec38d8284e6a8e85b4701a852677 type=observation queue_s=0.000201 worker_s=0.010166
INFO 2026-09-29 19:14:14 e/server.py:574 Policy operation deployment=omx-act instance=4bc7a2bb48514cdaa75527d9c0cf2e26 session=882a8fa6ea8e42538fb681e9f08f0127 generation=1 request=0715626b344e4aa8815e0ba70666838b type=observation queue_s=0.000142 worker_s=0.010529
INFO 2026-09-29 19:14:14 e/server.py:574 Policy operation deployment=omx-act instance=4bc7a2bb48514cdaa75527d9c0cf2e26 session=882a8fa6ea8e42538fb681e9f08f0127 generation=1 request=c032ebe834ed48779b4e6de10deb4822 type=observation queue_s=0.000137 worker_s=0.009668
INFO 2026-09-29 19:14:14 e/server.py:574 Policy operation deployment=omx-act instance=4bc7a2bb48514cdaa75527d9c0cf2e26 session=882a8fa6ea8e42538fb681e9f08f0127 generation=1 request=dde9d2c936904643990e92eeba07b98a type=observation queue_s=0.000143 worker_s=0.009804
INFO 2026-09-29 19:14:14 e/server.py:574 Policy operation deployment=omx-act instance=4bc7a2bb48514cdaa75527d9c0cf2e26 session=882a8fa6ea8e42538fb681e9f08f0127 generation=1 request=5e87fd581f4942d5ae080a5444d55aa1 type=observation queue_s=0.000159 worker_s=0.009437
INFO 2026-09-29 19:14:14 e/server.py:574 Policy operation deployment=omx-act instance=4bc7a2bb48514cdaa75527d9c0cf2e26 session=882a8fa6ea8e42538fb681e9f08f0127 generation=1 request=3de5d9b7ae7a4622945dfde183b66f9a type=observation queue_s=0.000149 worker_s=0.009891
INFO 2026-09-29 19:14:14 e/server.py:574 Policy operation deployment=omx-act instance=4bc7a2bb48514cdaa75527d9c0cf2e26 session=882a8fa6ea8e42538fb681e9f08f0127 generation=1 request=099ab43e5dd94201849132b76953aa7c type=observation queue_s=0.000179 worker_s=0.009442
INFO 2026-09-29 19:14:14 e/server.py:574 Policy operation deployment=omx-act instance=4bc7a2bb48514cdaa75527d9c0cf2e26 session=882a8fa6ea8e42538fb681e9f08f0127 generation=1 request=b7affd8801744d4fb5b671941befd43c type=observation queue_s=0.000112 worker_s=0.008551
INFO 2026-09-29 19:14:14 e/server.py:574 Policy operation deployment=omx-act instance=4bc7a2bb48514cdaa75527d9c0cf2e26 session=882a8fa6ea8e42538fb681e9f08f0127 generation=1 request=7dfb3920a3754766bc9a654d49b2e33e type=observation queue_s=0.000175 worker_s=0.009804
INFO 2026-09-29 19:14:14 e/server.py:574 Policy operation deployment=omx-act instance=4bc7a2bb48514cdaa75527d9c0cf2e26 session=882a8fa6ea8e42538fb681e9f08f0127 generation=1 request=2f112bfa67144b0e8fed2511ac833947 type=observation queue_s=0.000136 worker_s=0.009438
INFO 2026-09-29 19:14:15 e/server.py:574 Policy operation deployment=omx-act instance=4bc7a2bb48514cdaa75527d9c0cf2e26 session=882a8fa6ea8e42538fb681e9f08f0127 generation=1 request=754eeeee37cd4e398b43d85605dfe7eb type=observation queue_s=0.000124 worker_s=0.010090
INFO 2026-09-29 19:14:15 e/server.py:574 Policy operation deployment=omx-act instance=4bc7a2bb48514cdaa75527d9c0cf2e26 session=882a8fa6ea8e42538fb681e9f08f0127 generation=1 request=a0cbebb5b9e943419e8690832181431d type=observation queue_s=0.000147 worker_s=0.009408
INFO 2026-09-29 19:14:15 e/server.py:574 Policy operation deployment=omx-act instance=4bc7a2bb48514cdaa75527d9c0cf2e26 session=882a8fa6ea8e42538fb681e9f08f0127 generation=1 request=67b601407b8d4d52bdc986ccfa7784f1 type=observation queue_s=0.000134 worker_s=0.009244
INFO 2026-09-29 19:14:15 e/server.py:574 Policy operation deployment=omx-act instance=4bc7a2bb48514cdaa75527d9c0cf2e26 session=882a8fa6ea8e42538fb681e9f08f0127 generation=1 request=1528ae0396734aa9bbf732d39486b69d type=observation queue_s=0.000164 worker_s=0.009609
INFO 2026-09-29 19:14:15 e/server.py:574 Policy operation deployment=omx-act instance=4bc7a2bb48514cdaa75527d9c0cf2e26 session=882a8fa6ea8e42538fb681e9f08f0127 generation=1 request=c4d4060b1cb84266afa0eed7ac770d34 type=observation queue_s=0.000105 worker_s=0.008759
INFO 2026-09-29 19:14:15 e/server.py:574 Policy operation deployment=omx-act instance=4bc7a2bb48514cdaa75527d9c0cf2e26 session=882a8fa6ea8e42538fb681e9f08f0127 generation=1 request=4e1ee1156a4c4890b602191d6312f5ed type=observation queue_s=0.000134 worker_s=0.009669
INFO 2026-09-29 19:14:15 e/server.py:574 Policy operation deployment=omx-act instance=4bc7a2bb48514cdaa75527d9c0cf2e26 session=882a8fa6ea8e42538fb681e9f08f0127 generation=1 request=020f30b65b0e4d009b5c796178657b48 type=observation queue_s=0.000161 worker_s=0.009054
INFO 2026-09-29 19:14:15 e/server.py:574 Policy operation deployment=omx-act instance=4bc7a2bb48514cdaa75527d9c0cf2e26 session=882a8fa6ea8e42538fb681e9f08f0127 generation=1 request=1b1af8e463f24ca899916f5451e2b207 type=observation queue_s=0.000132 worker_s=0.009796
INFO 2026-09-29 19:14:15 e/server.py:574 Policy operation deployment=omx-act instance=4bc7a2bb48514cdaa75527d9c0cf2e26 session=882a8fa6ea8e42538fb681e9f08f0127 generation=1 request=1b208626f6cc4a1eaf78e6e4e82d0a5a type=observation queue_s=0.000146 worker_s=0.009387
INFO 2026-09-29 19:14:15 e/server.py:574 Policy operation deployment=omx-act instance=4bc7a2bb48514cdaa75527d9c0cf2e26 session=882a8fa6ea8e42538fb681e9f08f0127 generation=1 request=b545a0e13f184857ae6599b6dfd0c6f9 type=observation queue_s=0.000135 worker_s=0.009178
INFO 2026-09-29 19:14:15 e/server.py:574 Policy operation deployment=omx-act instance=4bc7a2bb48514cdaa75527d9c0cf2e26 session=882a8fa6ea8e42538fb681e9f08f0127 generation=1 request=c1c7edffe9894e9f9e61b7960b0b0c22 type=observation queue_s=0.000133 worker_s=0.008909
INFO 2026-09-29 19:14:15 e/server.py:574 Policy operation deployment=omx-act instance=4bc7a2bb48514cdaa75527d9c0cf2e26 session=882a8fa6ea8e42538fb681e9f08f0127 generation=1 request=21cf9d4410e7473698cfdc72155c51b4 type=observation queue_s=0.000137 worker_s=0.009926
INFO 2026-09-29 19:14:15 e/server.py:574 Policy operation deployment=omx-act instance=4bc7a2bb48514cdaa75527d9c0cf2e26 session=882a8fa6ea8e42538fb681e9f08f0127 generation=1 request=35b7fb0aa6f1420bb50843b744fe8f42 type=observation queue_s=0.000139 worker_s=0.010630
INFO 2026-09-29 19:14:15 e/server.py:574 Policy operation deployment=omx-act instance=4bc7a2bb48514cdaa75527d9c0cf2e26 session=882a8fa6ea8e42538fb681e9f08f0127 generation=1 request=86523be8452c4f638b4ee374ef79ecb2 type=observation queue_s=0.000117 worker_s=0.012908
INFO 2026-09-29 19:14:15 e/server.py:574 Policy operation deployment=omx-act instance=4bc7a2bb48514cdaa75527d9c0cf2e26 session=882a8fa6ea8e42538fb681e9f08f0127 generation=1 request=a9a258916cf848658b537e6afe434160 type=observation queue_s=0.000143 worker_s=0.011517
INFO 2026-09-29 19:14:15 e/server.py:574 Policy operation deployment=omx-act instance=4bc7a2bb48514cdaa75527d9c0cf2e26 session=882a8fa6ea8e42538fb681e9f08f0127 generation=1 request=f2c75ada43fa4209b8425313369f55fc type=observation queue_s=0.000095 worker_s=0.011358
INFO 2026-09-29 19:14:15 e/server.py:318 Session cleanup queued instance=4bc7a2bb48514cdaa75527d9c0cf2e26 session=882a8fa6ea8e42538fb681e9f08f0127 reason=client_close inference_pending=False; ownership releases only after worker close/reset completes
INFO 2026-09-29 19:14:15 e/server.py:459 Session released instance=4bc7a2bb48514cdaa75527d9c0cf2e26 session=882a8fa6ea8e42538fb681e9f08f0127 reason=client_close; deployment available for a new session
INFO 2026-09-29 19:14:50 e/server.py:430 Session admitted instance=4bc7a2bb48514cdaa75527d9c0cf2e26 session=b0ac00d24a144e7a9ad01da0de5421c6
INFO 2026-09-29 19:14:50 e/server.py:614 Session client absent instance=4bc7a2bb48514cdaa75527d9c0cf2e26 session=b0ac00d24a144e7a9ad01da0de5421c6 grace_s=30.000 inference_pending=False
INFO 2026-09-29 19:14:50 e/server.py:602 Session presence restored instance=4bc7a2bb48514cdaa75527d9c0cf2e26 session=b0ac00d24a144e7a9ad01da0de5421c6; absence cleanup cancelled
INFO 2026-09-29 19:14:55 e/server.py:318 Session cleanup queued instance=4bc7a2bb48514cdaa75527d9c0cf2e26 session=b0ac00d24a144e7a9ad01da0de5421c6 reason=client_close inference_pending=False; ownership releases only after worker close/reset completes
INFO 2026-09-29 19:14:55 e/server.py:459 Session released instance=4bc7a2bb48514cdaa75527d9c0cf2e26 session=b0ac00d24a144e7a9ad01da0de5421c6 reason=client_close; deployment available for a new session
INFO 2026-09-29 19:15:17 e/server.py:430 Session admitted instance=4bc7a2bb48514cdaa75527d9c0cf2e26 session=3494f99bdf394c5482deeb4e8c8ed255
INFO 2026-09-29 19:15:17 e/server.py:614 Session client absent instance=4bc7a2bb48514cdaa75527d9c0cf2e26 session=3494f99bdf394c5482deeb4e8c8ed255 grace_s=30.000 inference_pending=False
INFO 2026-09-29 19:15:17 e/server.py:602 Session presence restored instance=4bc7a2bb48514cdaa75527d9c0cf2e26 session=3494f99bdf394c5482deeb4e8c8ed255; absence cleanup cancelled
INFO 2026-09-29 19:15:17 e/server.py:574 Policy operation deployment=omx-act instance=4bc7a2bb48514cdaa75527d9c0cf2e26 session=3494f99bdf394c5482deeb4e8c8ed255 generation=1 request=43969abec18f479e8bc21f5b58faec66 type=observation queue_s=0.000197 worker_s=0.025405
INFO 2026-09-29 19:15:17 e/server.py:574 Policy operation deployment=omx-act instance=4bc7a2bb48514cdaa75527d9c0cf2e26 session=3494f99bdf394c5482deeb4e8c8ed255 generation=1 request=44010f42ace44653bf293bba40e157c9 type=observation queue_s=0.000153 worker_s=0.012918
INFO 2026-09-29 19:15:17 e/server.py:574 Policy operation deployment=omx-act instance=4bc7a2bb48514cdaa75527d9c0cf2e26 session=3494f99bdf394c5482deeb4e8c8ed255 generation=1 request=facf9f58f2524e2b9d5a2f61df8cdf25 type=observation queue_s=0.000103 worker_s=0.012629
INFO 2026-09-29 19:15:17 e/server.py:574 Policy operation deployment=omx-act instance=4bc7a2bb48514cdaa75527d9c0cf2e26 session=3494f99bdf394c5482deeb4e8c8ed255 generation=1 request=7aa77dfa4ad64aeab3b615225f130d18 type=observation queue_s=0.000107 worker_s=0.012301
INFO 2026-09-29 19:15:17 e/server.py:574 Policy operation deployment=omx-act instance=4bc7a2bb48514cdaa75527d9c0cf2e26 session=3494f99bdf394c5482deeb4e8c8ed255 generation=1 request=1b439030b66647c1af83be9f87e1731d type=observation queue_s=0.000199 worker_s=0.013656
INFO 2026-09-29 19:15:17 e/server.py:574 Policy operation deployment=omx-act instance=4bc7a2bb48514cdaa75527d9c0cf2e26 session=3494f99bdf394c5482deeb4e8c8ed255 generation=1 request=a2fe48d0058a414981d566e5a63d7f89 type=observation queue_s=0.000126 worker_s=0.013069
INFO 2026-09-29 19:15:17 e/server.py:574 Policy operation deployment=omx-act instance=4bc7a2bb48514cdaa75527d9c0cf2e26 session=3494f99bdf394c5482deeb4e8c8ed255 generation=1 request=9129e59c86ca48f9b24be26eadfec626 type=observation queue_s=0.000122 worker_s=0.012058
INFO 2026-09-29 19:15:17 e/server.py:574 Policy operation deployment=omx-act instance=4bc7a2bb48514cdaa75527d9c0cf2e26 session=3494f99bdf394c5482deeb4e8c8ed255 generation=1 request=1de15d71ed00411e8c7792314722a766 type=observation queue_s=0.000126 worker_s=0.013200
INFO 2026-09-29 19:15:18 e/server.py:574 Policy operation deployment=omx-act instance=4bc7a2bb48514cdaa75527d9c0cf2e26 session=3494f99bdf394c5482deeb4e8c8ed255 generation=1 request=7119373825914cc1b6674999da8689cc type=observation queue_s=0.000206 worker_s=0.014043
INFO 2026-09-29 19:15:18 e/server.py:574 Policy operation deployment=omx-act instance=4bc7a2bb48514cdaa75527d9c0cf2e26 session=3494f99bdf394c5482deeb4e8c8ed255 generation=1 request=51ca14184a734130a216726b08d401c0 type=observation queue_s=0.000127 worker_s=0.012742
INFO 2026-09-29 19:15:18 e/server.py:574 Policy operation deployment=omx-act instance=4bc7a2bb48514cdaa75527d9c0cf2e26 session=3494f99bdf394c5482deeb4e8c8ed255 generation=1 request=301906b1944d43d29efde82a5cd4f2b9 type=observation queue_s=0.000131 worker_s=0.010661
INFO 2026-09-29 19:15:18 e/server.py:574 Policy operation deployment=omx-act instance=4bc7a2bb48514cdaa75527d9c0cf2e26 session=3494f99bdf394c5482deeb4e8c8ed255 generation=1 request=a612e204597e4cefa6297ec1f0679403 type=observation queue_s=0.000156 worker_s=0.013597
INFO 2026-09-29 19:15:18 e/server.py:574 Policy operation deployment=omx-act instance=4bc7a2bb48514cdaa75527d9c0cf2e26 session=3494f99bdf394c5482deeb4e8c8ed255 generation=1 request=bbc6800846814655a43859bce25f716f type=observation queue_s=0.000127 worker_s=0.013651
INFO 2026-09-29 19:15:18 e/server.py:574 Policy operation deployment=omx-act instance=4bc7a2bb48514cdaa75527d9c0cf2e26 session=3494f99bdf394c5482deeb4e8c8ed255 generation=1 request=ebd8b56c8af64a6cb839467d399c67cf type=observation queue_s=0.000113 worker_s=0.011962
INFO 2026-09-29 19:15:18 e/server.py:574 Policy operation deployment=omx-act instance=4bc7a2bb48514cdaa75527d9c0cf2e26 session=3494f99bdf394c5482deeb4e8c8ed255 generation=1 request=7f3d480454ba4e7eba57cec4b29ff14b type=observation queue_s=0.000109 worker_s=0.012043
INFO 2026-09-29 19:15:18 e/server.py:574 Policy operation deployment=omx-act instance=4bc7a2bb48514cdaa75527d9c0cf2e26 session=3494f99bdf394c5482deeb4e8c8ed255 generation=1 request=637bd5ab9c7640c2a6daa250fa04daac type=observation queue_s=0.000100 worker_s=0.010523
INFO 2026-09-29 19:15:18 e/server.py:574 Policy operation deployment=omx-act instance=4bc7a2bb48514cdaa75527d9c0cf2e26 session=3494f99bdf394c5482deeb4e8c8ed255 generation=1 request=862863d5fbe4496bbd6ca0e0eb60b987 type=observation queue_s=0.000046 worker_s=0.010770
INFO 2026-09-29 19:15:18 e/server.py:574 Policy operation deployment=omx-act instance=4bc7a2bb48514cdaa75527d9c0cf2e26 session=3494f99bdf394c5482deeb4e8c8ed255 generation=1 request=54649f7f8c674349b3ee702dac6f3882 type=observation queue_s=0.000044 worker_s=0.009664
INFO 2026-09-29 19:15:18 e/server.py:574 Policy operation deployment=omx-act instance=4bc7a2bb48514cdaa75527d9c0cf2e26 session=3494f99bdf394c5482deeb4e8c8ed255 generation=1 request=ddd4a2bdbf164737be74f72fbb12f39c type=observation queue_s=0.000021 worker_s=0.010038
INFO 2026-09-29 19:15:18 e/server.py:574 Policy operation deployment=omx-act instance=4bc7a2bb48514cdaa75527d9c0cf2e26 session=3494f99bdf394c5482deeb4e8c8ed255 generation=1 request=502d8c70fc104d3188a17194b5567309 type=observation queue_s=0.000094 worker_s=0.009665
INFO 2026-09-29 19:15:18 e/server.py:574 Policy operation deployment=omx-act instance=4bc7a2bb48514cdaa75527d9c0cf2e26 session=3494f99bdf394c5482deeb4e8c8ed255 generation=1 request=a857ccd8b5db4d8fbc731a55044163f8 type=observation queue_s=0.000051 worker_s=0.009328
INFO 2026-09-29 19:15:18 e/server.py:574 Policy operation deployment=omx-act instance=4bc7a2bb48514cdaa75527d9c0cf2e26 session=3494f99bdf394c5482deeb4e8c8ed255 generation=1 request=431b2804f10d4f59b38864872ff35bb2 type=observation queue_s=0.000043 worker_s=0.009567
INFO 2026-09-29 19:15:18 e/server.py:574 Policy operation deployment=omx-act instance=4bc7a2bb48514cdaa75527d9c0cf2e26 session=3494f99bdf394c5482deeb4e8c8ed255 generation=1 request=773a4e00ed57430eb810f0c52fa3af7c type=observation queue_s=0.000050 worker_s=0.011485
INFO 2026-09-29 19:15:18 e/server.py:574 Policy operation deployment=omx-act instance=4bc7a2bb48514cdaa75527d9c0cf2e26 session=3494f99bdf394c5482deeb4e8c8ed255 generation=1 request=d5426bec4ebe4eee8b7c3ac3c57932c3 type=observation queue_s=0.000020 worker_s=0.009703
INFO 2026-09-29 19:15:18 e/server.py:574 Policy operation deployment=omx-act instance=4bc7a2bb48514cdaa75527d9c0cf2e26 session=3494f99bdf394c5482deeb4e8c8ed255 generation=1 request=acd5163e8a7b4244b2f31b3ede26ba85 type=observation queue_s=0.000051 worker_s=0.009423
INFO 2026-09-29 19:15:18 e/server.py:574 Policy operation deployment=omx-act instance=4bc7a2bb48514cdaa75527d9c0cf2e26 session=3494f99bdf394c5482deeb4e8c8ed255 generation=1 request=bb838d0d5b1143d9b5428a92db870e39 type=observation queue_s=0.000052 worker_s=0.009478
INFO 2026-09-29 19:15:18 e/server.py:574 Policy operation deployment=omx-act instance=4bc7a2bb48514cdaa75527d9c0cf2e26 session=3494f99bdf394c5482deeb4e8c8ed255 generation=1 request=b128c263d34146298822d7fb69b2c3b1 type=observation queue_s=0.000127 worker_s=0.009583
INFO 2026-09-29 19:15:18 e/server.py:574 Policy operation deployment=omx-act instance=4bc7a2bb48514cdaa75527d9c0cf2e26 session=3494f99bdf394c5482deeb4e8c8ed255 generation=1 request=2547ea70cffb4f5fbb21f697158ced36 type=observation queue_s=0.000047 worker_s=0.010214
INFO 2026-09-29 19:15:18 e/server.py:574 Policy operation deployment=omx-act instance=4bc7a2bb48514cdaa75527d9c0cf2e26 session=3494f99bdf394c5482deeb4e8c8ed255 generation=1 request=e67a0326d2874bdcaf533cd4a4ff3694 type=observation queue_s=0.000022 worker_s=0.009771
INFO 2026-09-29 19:15:18 e/server.py:574 Policy operation deployment=omx-act instance=4bc7a2bb48514cdaa75527d9c0cf2e26 session=3494f99bdf394c5482deeb4e8c8ed255 generation=1 request=5c2bfcb24b244ceea0dadfc299685896 type=observation queue_s=0.000022 worker_s=0.009601
INFO 2026-09-29 19:15:18 e/server.py:574 Policy operation deployment=omx-act instance=4bc7a2bb48514cdaa75527d9c0cf2e26 session=3494f99bdf394c5482deeb4e8c8ed255 generation=1 request=da92ee90fa5f4da1b3b807cffcbc620e type=observation queue_s=0.000051 worker_s=0.009277
INFO 2026-09-29 19:15:18 e/server.py:574 Policy operation deployment=omx-act instance=4bc7a2bb48514cdaa75527d9c0cf2e26 session=3494f99bdf394c5482deeb4e8c8ed255 generation=1 request=eb9a317bcaeb4616b92d9c0edb3110fc type=observation queue_s=0.000092 worker_s=0.009502
INFO 2026-09-29 19:15:18 e/server.py:574 Policy operation deployment=omx-act instance=4bc7a2bb48514cdaa75527d9c0cf2e26 session=3494f99bdf394c5482deeb4e8c8ed255 generation=1 request=422d1157e16e4df8907b72c90ac37d22 type=observation queue_s=0.000020 worker_s=0.009342
INFO 2026-09-29 19:15:19 e/server.py:574 Policy operation deployment=omx-act instance=4bc7a2bb48514cdaa75527d9c0cf2e26 session=3494f99bdf394c5482deeb4e8c8ed255 generation=1 request=48edde36c38e4e2c9c4b800993173531 type=observation queue_s=0.000040 worker_s=0.011368
INFO 2026-09-29 19:15:19 e/server.py:574 Policy operation deployment=omx-act instance=4bc7a2bb48514cdaa75527d9c0cf2e26 session=3494f99bdf394c5482deeb4e8c8ed255 generation=1 request=94bf18bc0ffc4021a40807e9750f9040 type=observation queue_s=0.000098 worker_s=0.009794
INFO 2026-09-29 19:15:19 e/server.py:574 Policy operation deployment=omx-act instance=4bc7a2bb48514cdaa75527d9c0cf2e26 session=3494f99bdf394c5482deeb4e8c8ed255 generation=1 request=a072c6bc571c4b83995c56db5437c30c type=observation queue_s=0.000095 worker_s=0.009420
INFO 2026-09-29 19:15:19 e/server.py:574 Policy operation deployment=omx-act instance=4bc7a2bb48514cdaa75527d9c0cf2e26 session=3494f99bdf394c5482deeb4e8c8ed255 generation=1 request=8184f98b7f26416c8204c3b7a3deb02e type=observation queue_s=0.000093 worker_s=0.009757
INFO 2026-09-29 19:15:19 e/server.py:574 Policy operation deployment=omx-act instance=4bc7a2bb48514cdaa75527d9c0cf2e26 session=3494f99bdf394c5482deeb4e8c8ed255 generation=1 request=95d24676332d47b384bbf3c7150fe1d6 type=observation queue_s=0.000109 worker_s=0.009786
INFO 2026-09-29 19:15:19 e/server.py:574 Policy operation deployment=omx-act instance=4bc7a2bb48514cdaa75527d9c0cf2e26 session=3494f99bdf394c5482deeb4e8c8ed255 generation=1 request=8b9c672af32046098241d572a1fb8753 type=observation queue_s=0.000108 worker_s=0.010557
INFO 2026-09-29 19:15:19 e/server.py:574 Policy operation deployment=omx-act instance=4bc7a2bb48514cdaa75527d9c0cf2e26 session=3494f99bdf394c5482deeb4e8c8ed255 generation=1 request=8ba5fb12e9f349cf872303296553bdcf type=observation queue_s=0.000105 worker_s=0.010970
INFO 2026-09-29 19:15:19 e/server.py:574 Policy operation deployment=omx-act instance=4bc7a2bb48514cdaa75527d9c0cf2e26 session=3494f99bdf394c5482deeb4e8c8ed255 generation=1 request=7e4d2402946c4ee79d856fa467d78633 type=observation queue_s=0.000079 worker_s=0.010167
INFO 2026-09-29 19:15:19 e/server.py:574 Policy operation deployment=omx-act instance=4bc7a2bb48514cdaa75527d9c0cf2e26 session=3494f99bdf394c5482deeb4e8c8ed255 generation=1 request=17368ba6bdfe4b4896ff8632fa273590 type=observation queue_s=0.000083 worker_s=0.009515
INFO 2026-09-29 19:15:19 e/server.py:574 Policy operation deployment=omx-act instance=4bc7a2bb48514cdaa75527d9c0cf2e26 session=3494f99bdf394c5482deeb4e8c8ed255 generation=1 request=5d6937b586c44cdd8536c708d3156158 type=observation queue_s=0.000077 worker_s=0.009498
INFO 2026-09-29 19:15:19 e/server.py:574 Policy operation deployment=omx-act instance=4bc7a2bb48514cdaa75527d9c0cf2e26 session=3494f99bdf394c5482deeb4e8c8ed255 generation=1 request=e59137588795411d815d0d5ab5ccc217 type=observation queue_s=0.000096 worker_s=0.009623
INFO 2026-09-29 19:15:19 e/server.py:574 Policy operation deployment=omx-act instance=4bc7a2bb48514cdaa75527d9c0cf2e26 session=3494f99bdf394c5482deeb4e8c8ed255 generation=1 request=8fe93b52ae8e4e85875515f1e66ce756 type=observation queue_s=0.000095 worker_s=0.010515
INFO 2026-09-29 19:15:19 e/server.py:574 Policy operation deployment=omx-act instance=4bc7a2bb48514cdaa75527d9c0cf2e26 session=3494f99bdf394c5482deeb4e8c8ed255 generation=1 request=b34a6979513d41d0bbe1248a21bb2799 type=observation queue_s=0.000100 worker_s=0.010235
INFO 2026-09-29 19:15:19 e/server.py:574 Policy operation deployment=omx-act instance=4bc7a2bb48514cdaa75527d9c0cf2e26 session=3494f99bdf394c5482deeb4e8c8ed255 generation=1 request=09918555fcd54efda9b6c06e35ed81c3 type=observation queue_s=0.000078 worker_s=0.011365
INFO 2026-09-29 19:15:19 e/server.py:574 Policy operation deployment=omx-act instance=4bc7a2bb48514cdaa75527d9c0cf2e26 session=3494f99bdf394c5482deeb4e8c8ed255 generation=1 request=01faee2f3a344631a4cb69046baf8275 type=observation queue_s=0.000079 worker_s=0.009516
INFO 2026-09-29 19:15:19 e/server.py:574 Policy operation deployment=omx-act instance=4bc7a2bb48514cdaa75527d9c0cf2e26 session=3494f99bdf394c5482deeb4e8c8ed255 generation=1 request=9ca0872e51734b39b3c240a3e620d61d type=observation queue_s=0.000096 worker_s=0.010010
INFO 2026-09-29 19:15:19 e/server.py:574 Policy operation deployment=omx-act instance=4bc7a2bb48514cdaa75527d9c0cf2e26 session=3494f99bdf394c5482deeb4e8c8ed255 generation=1 request=35e5c520ad28431c831c9333f0285fac type=observation queue_s=0.000081 worker_s=0.010807
INFO 2026-09-29 19:15:19 e/server.py:574 Policy operation deployment=omx-act instance=4bc7a2bb48514cdaa75527d9c0cf2e26 session=3494f99bdf394c5482deeb4e8c8ed255 generation=1 request=0640d0ba17ab4c0d8c891005c2072f9e type=observation queue_s=0.000089 worker_s=0.010096
INFO 2026-09-29 19:15:19 e/server.py:574 Policy operation deployment=omx-act instance=4bc7a2bb48514cdaa75527d9c0cf2e26 session=3494f99bdf394c5482deeb4e8c8ed255 generation=1 request=23d2ba6438214710887009b6728221a8 type=observation queue_s=0.000090 worker_s=0.009589
INFO 2026-09-29 19:15:19 e/server.py:574 Policy operation deployment=omx-act instance=4bc7a2bb48514cdaa75527d9c0cf2e26 session=3494f99bdf394c5482deeb4e8c8ed255 generation=1 request=8c8ff347d6de4616842df197f8db86e7 type=observation queue_s=0.000108 worker_s=0.010083
INFO 2026-09-29 19:15:19 e/server.py:574 Policy operation deployment=omx-act instance=4bc7a2bb48514cdaa75527d9c0cf2e26 session=3494f99bdf394c5482deeb4e8c8ed255 generation=1 request=10d880b4342a40b8a17c825b84856cb4 type=observation queue_s=0.000105 worker_s=0.009983
INFO 2026-09-29 19:15:19 e/server.py:574 Policy operation deployment=omx-act instance=4bc7a2bb48514cdaa75527d9c0cf2e26 session=3494f99bdf394c5482deeb4e8c8ed255 generation=1 request=522acf93addc40bca103a6483682ce35 type=observation queue_s=0.000099 worker_s=0.009387
INFO 2026-09-29 19:15:19 e/server.py:574 Policy operation deployment=omx-act instance=4bc7a2bb48514cdaa75527d9c0cf2e26 session=3494f99bdf394c5482deeb4e8c8ed255 generation=1 request=05011a1d7ff44727a85b8d39187ce8a6 type=observation queue_s=0.000062 worker_s=0.011612
INFO 2026-09-29 19:15:19 e/server.py:574 Policy operation deployment=omx-act instance=4bc7a2bb48514cdaa75527d9c0cf2e26 session=3494f99bdf394c5482deeb4e8c8ed255 generation=1 request=954c8a47a6c44a16b84d445db42e83b7 type=observation queue_s=0.000118 worker_s=0.011457
INFO 2026-09-29 19:15:19 e/server.py:574 Policy operation deployment=omx-act instance=4bc7a2bb48514cdaa75527d9c0cf2e26 session=3494f99bdf394c5482deeb4e8c8ed255 generation=1 request=62d289454eea4981a334c27451f1e3aa type=observation queue_s=0.000085 worker_s=0.009756
INFO 2026-09-29 19:15:19 e/server.py:574 Policy operation deployment=omx-act instance=4bc7a2bb48514cdaa75527d9c0cf2e26 session=3494f99bdf394c5482deeb4e8c8ed255 generation=1 request=e4900205d9b94707beaf08ac90ef9943 type=observation queue_s=0.000089 worker_s=0.009706
INFO 2026-09-29 19:15:19 e/server.py:574 Policy operation deployment=omx-act instance=4bc7a2bb48514cdaa75527d9c0cf2e26 session=3494f99bdf394c5482deeb4e8c8ed255 generation=1 request=2a16e53cdfd74a30bc297e81ebe6de53 type=observation queue_s=0.000082 worker_s=0.009707
INFO 2026-09-29 19:15:20 e/server.py:574 Policy operation deployment=omx-act instance=4bc7a2bb48514cdaa75527d9c0cf2e26 session=3494f99bdf394c5482deeb4e8c8ed255 generation=1 request=4d28eb4d676343bc9d2bafaef3aea9bc type=observation queue_s=0.000076 worker_s=0.009632
INFO 2026-09-29 19:15:20 e/server.py:574 Policy operation deployment=omx-act instance=4bc7a2bb48514cdaa75527d9c0cf2e26 session=3494f99bdf394c5482deeb4e8c8ed255 generation=1 request=f5377cdb9601466ebb6f66a891d030d4 type=observation queue_s=0.000027 worker_s=0.010303
INFO 2026-09-29 19:15:20 e/server.py:574 Policy operation deployment=omx-act instance=4bc7a2bb48514cdaa75527d9c0cf2e26 session=3494f99bdf394c5482deeb4e8c8ed255 generation=1 request=1f37bfd17ef64cd89b81280ed74cdf9c type=observation queue_s=0.000018 worker_s=0.009547
INFO 2026-09-29 19:15:20 e/server.py:574 Policy operation deployment=omx-act instance=4bc7a2bb48514cdaa75527d9c0cf2e26 session=3494f99bdf394c5482deeb4e8c8ed255 generation=1 request=5cd2069b53e345b380af21c21bda2381 type=observation queue_s=0.000019 worker_s=0.009710
INFO 2026-09-29 19:15:20 e/server.py:574 Policy operation deployment=omx-act instance=4bc7a2bb48514cdaa75527d9c0cf2e26 session=3494f99bdf394c5482deeb4e8c8ed255 generation=1 request=98b1443d1eb640ed9fdb2a2ab935139b type=observation queue_s=0.000110 worker_s=0.010529
INFO 2026-09-29 19:15:20 e/server.py:574 Policy operation deployment=omx-act instance=4bc7a2bb48514cdaa75527d9c0cf2e26 session=3494f99bdf394c5482deeb4e8c8ed255 generation=1 request=a6d840388c524c47a54544ab4d143ad6 type=observation queue_s=0.000031 worker_s=0.011069
INFO 2026-09-29 19:15:20 e/server.py:574 Policy operation deployment=omx-act instance=4bc7a2bb48514cdaa75527d9c0cf2e26 session=3494f99bdf394c5482deeb4e8c8ed255 generation=1 request=4a497f5d0f704a149a56d707c6793e03 type=observation queue_s=0.000055 worker_s=0.012341
INFO 2026-09-29 19:15:20 e/server.py:574 Policy operation deployment=omx-act instance=4bc7a2bb48514cdaa75527d9c0cf2e26 session=3494f99bdf394c5482deeb4e8c8ed255 generation=1 request=ec10c25245fd47eda8ecd8f2af0d9975 type=observation queue_s=0.000116 worker_s=0.010877
INFO 2026-09-29 19:15:20 e/server.py:574 Policy operation deployment=omx-act instance=4bc7a2bb48514cdaa75527d9c0cf2e26 session=3494f99bdf394c5482deeb4e8c8ed255 generation=1 request=6cb10722d1004a6686e3675abbac1904 type=observation queue_s=0.000093 worker_s=0.010736
INFO 2026-09-29 19:15:20 e/server.py:574 Policy operation deployment=omx-act instance=4bc7a2bb48514cdaa75527d9c0cf2e26 session=3494f99bdf394c5482deeb4e8c8ed255 generation=1 request=625b791656f34426a326e19a7a759f01 type=observation queue_s=0.000076 worker_s=0.010868
INFO 2026-09-29 19:15:20 e/server.py:574 Policy operation deployment=omx-act instance=4bc7a2bb48514cdaa75527d9c0cf2e26 session=3494f99bdf394c5482deeb4e8c8ed255 generation=1 request=218bd3da3e3a4b3eb3e0977d53a5bf8a type=observation queue_s=0.000086 worker_s=0.010342
INFO 2026-09-29 19:15:20 e/server.py:574 Policy operation deployment=omx-act instance=4bc7a2bb48514cdaa75527d9c0cf2e26 session=3494f99bdf394c5482deeb4e8c8ed255 generation=1 request=8bd6c147286644ff81d67af21967c829 type=observation queue_s=0.000112 worker_s=0.010995
INFO 2026-09-29 19:15:20 e/server.py:574 Policy operation deployment=omx-act instance=4bc7a2bb48514cdaa75527d9c0cf2e26 session=3494f99bdf394c5482deeb4e8c8ed255 generation=1 request=b39176b333e14d6f89683325771f017e type=observation queue_s=0.000079 worker_s=0.009795
INFO 2026-09-29 19:15:20 e/server.py:574 Policy operation deployment=omx-act instance=4bc7a2bb48514cdaa75527d9c0cf2e26 session=3494f99bdf394c5482deeb4e8c8ed255 generation=1 request=0b9c96dfa3374e9a8c90d0f8602ff4de type=observation queue_s=0.000141 worker_s=0.011944
INFO 2026-09-29 19:15:20 e/server.py:574 Policy operation deployment=omx-act instance=4bc7a2bb48514cdaa75527d9c0cf2e26 session=3494f99bdf394c5482deeb4e8c8ed255 generation=1 request=0dbdd2928b6f4051b1150f1af27ade39 type=observation queue_s=0.000123 worker_s=0.010391
INFO 2026-09-29 19:15:20 e/server.py:574 Policy operation deployment=omx-act instance=4bc7a2bb48514cdaa75527d9c0cf2e26 session=3494f99bdf394c5482deeb4e8c8ed255 generation=1 request=49cbe8fef6444a1fb3b787e000e4b383 type=observation queue_s=0.000089 worker_s=0.010858
INFO 2026-09-29 19:15:20 e/server.py:574 Policy operation deployment=omx-act instance=4bc7a2bb48514cdaa75527d9c0cf2e26 session=3494f99bdf394c5482deeb4e8c8ed255 generation=1 request=67a25ae129ee4d76a8c8c2bd287e4746 type=observation queue_s=0.000092 worker_s=0.010772
INFO 2026-09-29 19:15:20 e/server.py:574 Policy operation deployment=omx-act instance=4bc7a2bb48514cdaa75527d9c0cf2e26 session=3494f99bdf394c5482deeb4e8c8ed255 generation=1 request=bc510c6c7c334b96b2c9a018c727687c type=observation queue_s=0.000203 worker_s=0.012866
INFO 2026-09-29 19:15:20 e/server.py:574 Policy operation deployment=omx-act instance=4bc7a2bb48514cdaa75527d9c0cf2e26 session=3494f99bdf394c5482deeb4e8c8ed255 generation=1 request=1a7ad7ebf16445d9adb64440d2ef49cb type=observation queue_s=0.000032 worker_s=0.010952
INFO 2026-09-29 19:15:20 e/server.py:574 Policy operation deployment=omx-act instance=4bc7a2bb48514cdaa75527d9c0cf2e26 session=3494f99bdf394c5482deeb4e8c8ed255 generation=1 request=1301d9240259438a8d3935ae119047e6 type=observation queue_s=0.000041 worker_s=0.012315
INFO 2026-09-29 19:15:20 e/server.py:574 Policy operation deployment=omx-act instance=4bc7a2bb48514cdaa75527d9c0cf2e26 session=3494f99bdf394c5482deeb4e8c8ed255 generation=1 request=d5dc2ef7c6bd4d4c8f1b62631d11a602 type=observation queue_s=0.000048 worker_s=0.010815
INFO 2026-09-29 19:15:20 e/server.py:574 Policy operation deployment=omx-act instance=4bc7a2bb48514cdaa75527d9c0cf2e26 session=3494f99bdf394c5482deeb4e8c8ed255 generation=1 request=1af437859a144dc0b243a7afc2b02a1f type=observation queue_s=0.000047 worker_s=0.011160
INFO 2026-09-29 19:15:20 e/server.py:574 Policy operation deployment=omx-act instance=4bc7a2bb48514cdaa75527d9c0cf2e26 session=3494f99bdf394c5482deeb4e8c8ed255 generation=1 request=4d24ad216a914fdfa8f4d7448cd601c0 type=observation queue_s=0.000069 worker_s=0.012415
INFO 2026-09-29 19:15:20 e/server.py:574 Policy operation deployment=omx-act instance=4bc7a2bb48514cdaa75527d9c0cf2e26 session=3494f99bdf394c5482deeb4e8c8ed255 generation=1 request=791de8828d3343a1877e193af5ed2a28 type=observation queue_s=0.000047 worker_s=0.011008
INFO 2026-09-29 19:15:20 e/server.py:574 Policy operation deployment=omx-act instance=4bc7a2bb48514cdaa75527d9c0cf2e26 session=3494f99bdf394c5482deeb4e8c8ed255 generation=1 request=dc1ed87c172545a285673bcc85461103 type=observation queue_s=0.000048 worker_s=0.010349
INFO 2026-09-29 19:15:20 e/server.py:574 Policy operation deployment=omx-act instance=4bc7a2bb48514cdaa75527d9c0cf2e26 session=3494f99bdf394c5482deeb4e8c8ed255 generation=1 request=d7f166555d6947bba9ea44a06ef4b179 type=observation queue_s=0.000046 worker_s=0.010486
INFO 2026-09-29 19:15:21 e/server.py:574 Policy operation deployment=omx-act instance=4bc7a2bb48514cdaa75527d9c0cf2e26 session=3494f99bdf394c5482deeb4e8c8ed255 generation=1 request=fc2b47a17f554b6ebf67e61f7e20c7b4 type=observation queue_s=0.000051 worker_s=0.011453
INFO 2026-09-29 19:15:21 e/server.py:574 Policy operation deployment=omx-act instance=4bc7a2bb48514cdaa75527d9c0cf2e26 session=3494f99bdf394c5482deeb4e8c8ed255 generation=1 request=f4a08b1db587493abb6b639eca197962 type=observation queue_s=0.000070 worker_s=0.013313
INFO 2026-09-29 19:15:21 e/server.py:574 Policy operation deployment=omx-act instance=4bc7a2bb48514cdaa75527d9c0cf2e26 session=3494f99bdf394c5482deeb4e8c8ed255 generation=1 request=e76c0ceb526b4fbeaa3308795be09329 type=observation queue_s=0.000139 worker_s=0.011501
INFO 2026-09-29 19:15:21 e/server.py:574 Policy operation deployment=omx-act instance=4bc7a2bb48514cdaa75527d9c0cf2e26 session=3494f99bdf394c5482deeb4e8c8ed255 generation=1 request=b66276b982d54deba4fc22dc862a080d type=observation queue_s=0.000098 worker_s=0.010704
INFO 2026-09-29 19:15:21 e/server.py:574 Policy operation deployment=omx-act instance=4bc7a2bb48514cdaa75527d9c0cf2e26 session=3494f99bdf394c5482deeb4e8c8ed255 generation=1 request=9777e535d0854ce6bf295f250afdd24c type=observation queue_s=0.000092 worker_s=0.011419
INFO 2026-09-29 19:15:21 e/server.py:574 Policy operation deployment=omx-act instance=4bc7a2bb48514cdaa75527d9c0cf2e26 session=3494f99bdf394c5482deeb4e8c8ed255 generation=1 request=8b22a155d9d04a0d98b532ff66f6f971 type=observation queue_s=0.000130 worker_s=0.013123
INFO 2026-09-29 19:15:21 e/server.py:574 Policy operation deployment=omx-act instance=4bc7a2bb48514cdaa75527d9c0cf2e26 session=3494f99bdf394c5482deeb4e8c8ed255 generation=1 request=c3249bcb21b34207ac294904d63253e4 type=observation queue_s=0.000110 worker_s=0.013084
INFO 2026-09-29 19:15:21 e/server.py:574 Policy operation deployment=omx-act instance=4bc7a2bb48514cdaa75527d9c0cf2e26 session=3494f99bdf394c5482deeb4e8c8ed255 generation=1 request=34261e2cf6a8434a94eed47f590e1c02 type=observation queue_s=0.000097 worker_s=0.011048
INFO 2026-09-29 19:15:21 e/server.py:574 Policy operation deployment=omx-act instance=4bc7a2bb48514cdaa75527d9c0cf2e26 session=3494f99bdf394c5482deeb4e8c8ed255 generation=1 request=d7b49d3ff0d24fa6b2e9d8d4fd84d0d7 type=observation queue_s=0.000159 worker_s=0.011658
INFO 2026-09-29 19:15:21 e/server.py:574 Policy operation deployment=omx-act instance=4bc7a2bb48514cdaa75527d9c0cf2e26 session=3494f99bdf394c5482deeb4e8c8ed255 generation=1 request=1f86f034c95544f499c6da2d1d4d5f96 type=observation queue_s=0.000114 worker_s=0.012044
INFO 2026-09-29 19:15:21 e/server.py:574 Policy operation deployment=omx-act instance=4bc7a2bb48514cdaa75527d9c0cf2e26 session=3494f99bdf394c5482deeb4e8c8ed255 generation=1 request=6797980ca123446ab4aa0265508b3a7b type=observation queue_s=0.000111 worker_s=0.012517
INFO 2026-09-29 19:15:21 e/server.py:574 Policy operation deployment=omx-act instance=4bc7a2bb48514cdaa75527d9c0cf2e26 session=3494f99bdf394c5482deeb4e8c8ed255 generation=1 request=493649bc3236443e90f313291c8132fc type=observation queue_s=0.000117 worker_s=0.011772
INFO 2026-09-29 19:15:21 e/server.py:574 Policy operation deployment=omx-act instance=4bc7a2bb48514cdaa75527d9c0cf2e26 session=3494f99bdf394c5482deeb4e8c8ed255 generation=1 request=9cddb34d125f4337bc57d0f9234740dd type=observation queue_s=0.000115 worker_s=0.012377
INFO 2026-09-29 19:15:21 e/server.py:574 Policy operation deployment=omx-act instance=4bc7a2bb48514cdaa75527d9c0cf2e26 session=3494f99bdf394c5482deeb4e8c8ed255 generation=1 request=53a744be6de04d478daae233d17fa4a8 type=observation queue_s=0.000121 worker_s=0.010960
INFO 2026-09-29 19:15:21 e/server.py:574 Policy operation deployment=omx-act instance=4bc7a2bb48514cdaa75527d9c0cf2e26 session=3494f99bdf394c5482deeb4e8c8ed255 generation=1 request=208046b313ad486cbaad6a8c862364ed type=observation queue_s=0.000112 worker_s=0.011503
INFO 2026-09-29 19:15:21 e/server.py:574 Policy operation deployment=omx-act instance=4bc7a2bb48514cdaa75527d9c0cf2e26 session=3494f99bdf394c5482deeb4e8c8ed255 generation=1 request=a99711e868f74c8c80d4bb427b1764ea type=observation queue_s=0.000103 worker_s=0.010936
INFO 2026-09-29 19:15:21 e/server.py:574 Policy operation deployment=omx-act instance=4bc7a2bb48514cdaa75527d9c0cf2e26 session=3494f99bdf394c5482deeb4e8c8ed255 generation=1 request=ed9cf49005e9490cbbe9450b158ec73f type=observation queue_s=0.000121 worker_s=0.012813
INFO 2026-09-29 19:15:21 e/server.py:574 Policy operation deployment=omx-act instance=4bc7a2bb48514cdaa75527d9c0cf2e26 session=3494f99bdf394c5482deeb4e8c8ed255 generation=1 request=63b34c7fe9464c94aff8713039b40372 type=observation queue_s=0.000070 worker_s=0.011561
INFO 2026-09-29 19:15:21 e/server.py:574 Policy operation deployment=omx-act instance=4bc7a2bb48514cdaa75527d9c0cf2e26 session=3494f99bdf394c5482deeb4e8c8ed255 generation=1 request=604268b7335d4c63b0bfb51e55cb40c7 type=observation queue_s=0.000055 worker_s=0.012255
INFO 2026-09-29 19:15:21 e/server.py:574 Policy operation deployment=omx-act instance=4bc7a2bb48514cdaa75527d9c0cf2e26 session=3494f99bdf394c5482deeb4e8c8ed255 generation=1 request=3b41d04183b34a7fbbf6c0a0b4d111fb type=observation queue_s=0.000148 worker_s=0.013112
INFO 2026-09-29 19:15:21 e/server.py:574 Policy operation deployment=omx-act instance=4bc7a2bb48514cdaa75527d9c0cf2e26 session=3494f99bdf394c5482deeb4e8c8ed255 generation=1 request=b42c593beb484e54ac0029e291ec08e5 type=observation queue_s=0.000128 worker_s=0.012332
INFO 2026-09-29 19:15:21 e/server.py:574 Policy operation deployment=omx-act instance=4bc7a2bb48514cdaa75527d9c0cf2e26 session=3494f99bdf394c5482deeb4e8c8ed255 generation=1 request=f7fb188e4d1041eb8fcb05df41bf18ab type=observation queue_s=0.000141 worker_s=0.012305
INFO 2026-09-29 19:15:21 e/server.py:574 Policy operation deployment=omx-act instance=4bc7a2bb48514cdaa75527d9c0cf2e26 session=3494f99bdf394c5482deeb4e8c8ed255 generation=1 request=f62ae2992918468890e7618e365ff19d type=observation queue_s=0.000109 worker_s=0.011249
INFO 2026-09-29 19:15:22 e/server.py:574 Policy operation deployment=omx-act instance=4bc7a2bb48514cdaa75527d9c0cf2e26 session=3494f99bdf394c5482deeb4e8c8ed255 generation=1 request=ca78c3a8437f42959f663775e8217d24 type=observation queue_s=0.000179 worker_s=0.012474
INFO 2026-09-29 19:15:22 e/server.py:574 Policy operation deployment=omx-act instance=4bc7a2bb48514cdaa75527d9c0cf2e26 session=3494f99bdf394c5482deeb4e8c8ed255 generation=1 request=0a014339309f40ba92b263244387601c type=observation queue_s=0.000108 worker_s=0.011139
INFO 2026-09-29 19:15:22 e/server.py:574 Policy operation deployment=omx-act instance=4bc7a2bb48514cdaa75527d9c0cf2e26 session=3494f99bdf394c5482deeb4e8c8ed255 generation=1 request=cb989e6483fe4306bae512862e41c62f type=observation queue_s=0.000101 worker_s=0.011075
INFO 2026-09-29 19:15:22 e/server.py:574 Policy operation deployment=omx-act instance=4bc7a2bb48514cdaa75527d9c0cf2e26 session=3494f99bdf394c5482deeb4e8c8ed255 generation=1 request=c79be3aa1e4e4da9a6bdef002abc0fbc type=observation queue_s=0.000099 worker_s=0.010439
INFO 2026-09-29 19:15:22 e/server.py:574 Policy operation deployment=omx-act instance=4bc7a2bb48514cdaa75527d9c0cf2e26 session=3494f99bdf394c5482deeb4e8c8ed255 generation=1 request=a0dd6b2286774c2aa4f222194dd2191e type=observation queue_s=0.000100 worker_s=0.011201
INFO 2026-09-29 19:15:22 e/server.py:574 Policy operation deployment=omx-act instance=4bc7a2bb48514cdaa75527d9c0cf2e26 session=3494f99bdf394c5482deeb4e8c8ed255 generation=1 request=79900a6212de4306898d1e336ced622b type=observation queue_s=0.000112 worker_s=0.011824
INFO 2026-09-29 19:15:22 e/server.py:574 Policy operation deployment=omx-act instance=4bc7a2bb48514cdaa75527d9c0cf2e26 session=3494f99bdf394c5482deeb4e8c8ed255 generation=1 request=14299afeb7b24460b4ff511bb0e987ee type=observation queue_s=0.000145 worker_s=0.011372
INFO 2026-09-29 19:15:22 e/server.py:574 Policy operation deployment=omx-act instance=4bc7a2bb48514cdaa75527d9c0cf2e26 session=3494f99bdf394c5482deeb4e8c8ed255 generation=1 request=34380302fcfd4170bf2ab32c86509945 type=observation queue_s=0.000128 worker_s=0.010947
INFO 2026-09-29 19:15:22 e/server.py:574 Policy operation deployment=omx-act instance=4bc7a2bb48514cdaa75527d9c0cf2e26 session=3494f99bdf394c5482deeb4e8c8ed255 generation=1 request=e8fb6b85e14c450c9a38ffe82bdc5f81 type=observation queue_s=0.000142 worker_s=0.010766
INFO 2026-09-29 19:15:22 e/server.py:574 Policy operation deployment=omx-act instance=4bc7a2bb48514cdaa75527d9c0cf2e26 session=3494f99bdf394c5482deeb4e8c8ed255 generation=1 request=e6e7e0d3c8534773a546d662607c4e45 type=observation queue_s=0.000139 worker_s=0.010549
INFO 2026-09-29 19:15:22 e/server.py:574 Policy operation deployment=omx-act instance=4bc7a2bb48514cdaa75527d9c0cf2e26 session=3494f99bdf394c5482deeb4e8c8ed255 generation=1 request=7814bacc91b140dca997cd7b07b72d11 type=observation queue_s=0.000124 worker_s=0.011802
INFO 2026-09-29 19:15:22 e/server.py:574 Policy operation deployment=omx-act instance=4bc7a2bb48514cdaa75527d9c0cf2e26 session=3494f99bdf394c5482deeb4e8c8ed255 generation=1 request=5abd8345d9794f9ca782339a3762c192 type=observation queue_s=0.000116 worker_s=0.012129
INFO 2026-09-29 19:15:22 e/server.py:574 Policy operation deployment=omx-act instance=4bc7a2bb48514cdaa75527d9c0cf2e26 session=3494f99bdf394c5482deeb4e8c8ed255 generation=1 request=fec42ca372374334bbe874f97600e950 type=observation queue_s=0.000122 worker_s=0.010485
INFO 2026-09-29 19:15:22 e/server.py:574 Policy operation deployment=omx-act instance=4bc7a2bb48514cdaa75527d9c0cf2e26 session=3494f99bdf394c5482deeb4e8c8ed255 generation=1 request=3f2d73177dcc436eb8cfdfd441a1700f type=observation queue_s=0.000099 worker_s=0.011523
INFO 2026-09-29 19:15:22 e/server.py:574 Policy operation deployment=omx-act instance=4bc7a2bb48514cdaa75527d9c0cf2e26 session=3494f99bdf394c5482deeb4e8c8ed255 generation=1 request=3b24629b9d3448b4a6fb5de9fd77bbc7 type=observation queue_s=0.000104 worker_s=0.010919
INFO 2026-09-29 19:15:22 e/server.py:574 Policy operation deployment=omx-act instance=4bc7a2bb48514cdaa75527d9c0cf2e26 session=3494f99bdf394c5482deeb4e8c8ed255 generation=1 request=0c128eb65707406daab88a1dba5394fb type=observation queue_s=0.000102 worker_s=0.011008
INFO 2026-09-29 19:15:22 e/server.py:574 Policy operation deployment=omx-act instance=4bc7a2bb48514cdaa75527d9c0cf2e26 session=3494f99bdf394c5482deeb4e8c8ed255 generation=1 request=ef565b1c089f418c8dd2590f43b4c39e type=observation queue_s=0.000101 worker_s=0.010901
INFO 2026-09-29 19:15:22 e/server.py:574 Policy operation deployment=omx-act instance=4bc7a2bb48514cdaa75527d9c0cf2e26 session=3494f99bdf394c5482deeb4e8c8ed255 generation=1 request=615245d347fa4e9a9567c57fdfb84c46 type=observation queue_s=0.000108 worker_s=0.011010
INFO 2026-09-29 19:15:22 e/server.py:574 Policy operation deployment=omx-act instance=4bc7a2bb48514cdaa75527d9c0cf2e26 session=3494f99bdf394c5482deeb4e8c8ed255 generation=1 request=e9fbce08e695488086d1785defa7c992 type=observation queue_s=0.000101 worker_s=0.011767
INFO 2026-09-29 19:15:22 e/server.py:574 Policy operation deployment=omx-act instance=4bc7a2bb48514cdaa75527d9c0cf2e26 session=3494f99bdf394c5482deeb4e8c8ed255 generation=1 request=0a0dfc7993224c708e897a8965902f1c type=observation queue_s=0.000101 worker_s=0.010849
INFO 2026-09-29 19:15:22 e/server.py:574 Policy operation deployment=omx-act instance=4bc7a2bb48514cdaa75527d9c0cf2e26 session=3494f99bdf394c5482deeb4e8c8ed255 generation=1 request=2fea3190173b4349b5145f28e03951ea type=observation queue_s=0.000070 worker_s=0.010445
INFO 2026-09-29 19:15:22 e/server.py:574 Policy operation deployment=omx-act instance=4bc7a2bb48514cdaa75527d9c0cf2e26 session=3494f99bdf394c5482deeb4e8c8ed255 generation=1 request=459116f690e049f285dafe6397b8499f type=observation queue_s=0.000140 worker_s=0.010071
INFO 2026-09-29 19:15:22 e/server.py:574 Policy operation deployment=omx-act instance=4bc7a2bb48514cdaa75527d9c0cf2e26 session=3494f99bdf394c5482deeb4e8c8ed255 generation=1 request=a58c3eb58ea14e6baca38e55164186a4 type=observation queue_s=0.000158 worker_s=0.010596
INFO 2026-09-29 19:15:22 e/server.py:574 Policy operation deployment=omx-act instance=4bc7a2bb48514cdaa75527d9c0cf2e26 session=3494f99bdf394c5482deeb4e8c8ed255 generation=1 request=5d0a1c91e0574a4c95ed96059cdb6796 type=observation queue_s=0.000136 worker_s=0.010641
INFO 2026-09-29 19:15:22 e/server.py:574 Policy operation deployment=omx-act instance=4bc7a2bb48514cdaa75527d9c0cf2e26 session=3494f99bdf394c5482deeb4e8c8ed255 generation=1 request=7d8894f338ac4668a037c8d36ac7a010 type=observation queue_s=0.000098 worker_s=0.010625
INFO 2026-09-29 19:15:22 e/server.py:574 Policy operation deployment=omx-act instance=4bc7a2bb48514cdaa75527d9c0cf2e26 session=3494f99bdf394c5482deeb4e8c8ed255 generation=1 request=67bcbd333dab4b3094aa43e0739227bd type=observation queue_s=0.000096 worker_s=0.010725
INFO 2026-09-29 19:15:23 e/server.py:574 Policy operation deployment=omx-act instance=4bc7a2bb48514cdaa75527d9c0cf2e26 session=3494f99bdf394c5482deeb4e8c8ed255 generation=1 request=67285dc618a049798cf7cfd1edc73cd3 type=observation queue_s=0.000105 worker_s=0.011163
INFO 2026-09-29 19:15:23 e/server.py:574 Policy operation deployment=omx-act instance=4bc7a2bb48514cdaa75527d9c0cf2e26 session=3494f99bdf394c5482deeb4e8c8ed255 generation=1 request=32fb6c990ce44bc6abbf096a9b362bab type=observation queue_s=0.000112 worker_s=0.011129
INFO 2026-09-29 19:15:23 e/server.py:574 Policy operation deployment=omx-act instance=4bc7a2bb48514cdaa75527d9c0cf2e26 session=3494f99bdf394c5482deeb4e8c8ed255 generation=1 request=02de5f4094464fb4aff7df449893327c type=observation queue_s=0.000162 worker_s=0.010882
INFO 2026-09-29 19:15:23 e/server.py:574 Policy operation deployment=omx-act instance=4bc7a2bb48514cdaa75527d9c0cf2e26 session=3494f99bdf394c5482deeb4e8c8ed255 generation=1 request=3624efff57434f57b0d93e088f070e13 type=observation queue_s=0.000100 worker_s=0.011299
INFO 2026-09-29 19:15:23 e/server.py:574 Policy operation deployment=omx-act instance=4bc7a2bb48514cdaa75527d9c0cf2e26 session=3494f99bdf394c5482deeb4e8c8ed255 generation=1 request=f68b52829a4c424680c70fd9e4a9072b type=observation queue_s=0.000099 worker_s=0.010757
INFO 2026-09-29 19:15:23 e/server.py:574 Policy operation deployment=omx-act instance=4bc7a2bb48514cdaa75527d9c0cf2e26 session=3494f99bdf394c5482deeb4e8c8ed255 generation=1 request=c9b21281b07b4d5aa8116fee3158c7d2 type=observation queue_s=0.000101 worker_s=0.011079
INFO 2026-09-29 19:15:23 e/server.py:574 Policy operation deployment=omx-act instance=4bc7a2bb48514cdaa75527d9c0cf2e26 session=3494f99bdf394c5482deeb4e8c8ed255 generation=1 request=66f8e5c2a3a342c6bcbb09539b2ede66 type=observation queue_s=0.000121 worker_s=0.010567
INFO 2026-09-29 19:15:23 e/server.py:574 Policy operation deployment=omx-act instance=4bc7a2bb48514cdaa75527d9c0cf2e26 session=3494f99bdf394c5482deeb4e8c8ed255 generation=1 request=bc68c7a18e8747f7865d3099dea29c9d type=observation queue_s=0.000117 worker_s=0.010702
INFO 2026-09-29 19:15:23 e/server.py:574 Policy operation deployment=omx-act instance=4bc7a2bb48514cdaa75527d9c0cf2e26 session=3494f99bdf394c5482deeb4e8c8ed255 generation=1 request=18afd4a1e8f64372952cef5e94b82a0c type=observation queue_s=0.000141 worker_s=0.011095
INFO 2026-09-29 19:15:23 e/server.py:574 Policy operation deployment=omx-act instance=4bc7a2bb48514cdaa75527d9c0cf2e26 session=3494f99bdf394c5482deeb4e8c8ed255 generation=1 request=0343a50f79bb4c5d862b7b233f3465dc type=observation queue_s=0.000135 worker_s=0.010759
INFO 2026-09-29 19:15:23 e/server.py:574 Policy operation deployment=omx-act instance=4bc7a2bb48514cdaa75527d9c0cf2e26 session=3494f99bdf394c5482deeb4e8c8ed255 generation=1 request=7734caa872524899b15cbbb3818fc0c8 type=observation queue_s=0.000099 worker_s=0.010714
INFO 2026-09-29 19:15:23 e/server.py:574 Policy operation deployment=omx-act instance=4bc7a2bb48514cdaa75527d9c0cf2e26 session=3494f99bdf394c5482deeb4e8c8ed255 generation=1 request=4f2d30908bea4215bfb654de996d89a6 type=observation queue_s=0.000105 worker_s=0.011071
INFO 2026-09-29 19:15:23 e/server.py:574 Policy operation deployment=omx-act instance=4bc7a2bb48514cdaa75527d9c0cf2e26 session=3494f99bdf394c5482deeb4e8c8ed255 generation=1 request=12f17a9d376a44be835f334fe4253aa2 type=observation queue_s=0.000127 worker_s=0.010626
INFO 2026-09-29 19:15:23 e/server.py:574 Policy operation deployment=omx-act instance=4bc7a2bb48514cdaa75527d9c0cf2e26 session=3494f99bdf394c5482deeb4e8c8ed255 generation=1 request=f05f7d1f05f24dddae0547ce44537625 type=observation queue_s=0.000162 worker_s=0.010434
INFO 2026-09-29 19:15:23 e/server.py:574 Policy operation deployment=omx-act instance=4bc7a2bb48514cdaa75527d9c0cf2e26 session=3494f99bdf394c5482deeb4e8c8ed255 generation=1 request=7d8628c9fc8f4d369e71dbb23981a4d3 type=observation queue_s=0.000131 worker_s=0.010962
INFO 2026-09-29 19:15:23 e/server.py:574 Policy operation deployment=omx-act instance=4bc7a2bb48514cdaa75527d9c0cf2e26 session=3494f99bdf394c5482deeb4e8c8ed255 generation=1 request=4bf3ba7f435e4199a21192ceb63d54e3 type=observation queue_s=0.000090 worker_s=0.011977
INFO 2026-09-29 19:15:23 e/server.py:574 Policy operation deployment=omx-act instance=4bc7a2bb48514cdaa75527d9c0cf2e26 session=3494f99bdf394c5482deeb4e8c8ed255 generation=1 request=1f68ef492f1642b6b5f9975c0e3abea5 type=observation queue_s=0.000082 worker_s=0.010639
INFO 2026-09-29 19:15:23 e/server.py:574 Policy operation deployment=omx-act instance=4bc7a2bb48514cdaa75527d9c0cf2e26 session=3494f99bdf394c5482deeb4e8c8ed255 generation=1 request=182fd1f96273483c80324432072e579e type=observation queue_s=0.000132 worker_s=0.011085
INFO 2026-09-29 19:15:23 e/server.py:574 Policy operation deployment=omx-act instance=4bc7a2bb48514cdaa75527d9c0cf2e26 session=3494f99bdf394c5482deeb4e8c8ed255 generation=1 request=e64e4648c8c847739bb9b5afffde3a9b type=observation queue_s=0.000091 worker_s=0.009764
INFO 2026-09-29 19:15:23 e/server.py:574 Policy operation deployment=omx-act instance=4bc7a2bb48514cdaa75527d9c0cf2e26 session=3494f99bdf394c5482deeb4e8c8ed255 generation=1 request=49c0ce5dfa71475baf31212c079d5a60 type=observation queue_s=0.000095 worker_s=0.010442
INFO 2026-09-29 19:15:23 e/server.py:574 Policy operation deployment=omx-act instance=4bc7a2bb48514cdaa75527d9c0cf2e26 session=3494f99bdf394c5482deeb4e8c8ed255 generation=1 request=5f5827cb93b641a0b4854a90a1d71a6a type=observation queue_s=0.000124 worker_s=0.010665
INFO 2026-09-29 19:15:23 e/server.py:574 Policy operation deployment=omx-act instance=4bc7a2bb48514cdaa75527d9c0cf2e26 session=3494f99bdf394c5482deeb4e8c8ed255 generation=1 request=021c153beb0245bfa77dff62593f1217 type=observation queue_s=0.000096 worker_s=0.010617
INFO 2026-09-29 19:15:23 e/server.py:574 Policy operation deployment=omx-act instance=4bc7a2bb48514cdaa75527d9c0cf2e26 session=3494f99bdf394c5482deeb4e8c8ed255 generation=1 request=514d583849a54b33bf4b8fb5b4c7e800 type=observation queue_s=0.000134 worker_s=0.011142
INFO 2026-09-29 19:15:23 e/server.py:574 Policy operation deployment=omx-act instance=4bc7a2bb48514cdaa75527d9c0cf2e26 session=3494f99bdf394c5482deeb4e8c8ed255 generation=1 request=6a74042bf18c4b3488d59ce56f655271 type=observation queue_s=0.000114 worker_s=0.010324
INFO 2026-09-29 19:15:23 e/server.py:574 Policy operation deployment=omx-act instance=4bc7a2bb48514cdaa75527d9c0cf2e26 session=3494f99bdf394c5482deeb4e8c8ed255 generation=1 request=d7002d3ca4f2429ea330383f62ae1588 type=observation queue_s=0.000125 worker_s=0.010233
INFO 2026-09-29 19:15:23 e/server.py:574 Policy operation deployment=omx-act instance=4bc7a2bb48514cdaa75527d9c0cf2e26 session=3494f99bdf394c5482deeb4e8c8ed255 generation=1 request=55dcfcdacccd4d3f864132f71b3d9ca8 type=observation queue_s=0.000092 worker_s=0.009912
INFO 2026-09-29 19:15:23 e/server.py:574 Policy operation deployment=omx-act instance=4bc7a2bb48514cdaa75527d9c0cf2e26 session=3494f99bdf394c5482deeb4e8c8ed255 generation=1 request=8850d130672048e7880cc8b7fe782821 type=observation queue_s=0.000110 worker_s=0.010527
INFO 2026-09-29 19:15:23 e/server.py:574 Policy operation deployment=omx-act instance=4bc7a2bb48514cdaa75527d9c0cf2e26 session=3494f99bdf394c5482deeb4e8c8ed255 generation=1 request=b2b53399b9994c34927a696fbcc96eb9 type=observation queue_s=0.000095 worker_s=0.010483
INFO 2026-09-29 19:15:23 e/server.py:574 Policy operation deployment=omx-act instance=4bc7a2bb48514cdaa75527d9c0cf2e26 session=3494f99bdf394c5482deeb4e8c8ed255 generation=1 request=28f298557a25413294f2ac8ba3c912fe type=observation queue_s=0.000098 worker_s=0.010761
INFO 2026-09-29 19:15:24 e/server.py:574 Policy operation deployment=omx-act instance=4bc7a2bb48514cdaa75527d9c0cf2e26 session=3494f99bdf394c5482deeb4e8c8ed255 generation=1 request=db4908f0c4cf4e4596d23b8927ecd214 type=observation queue_s=0.000114 worker_s=0.010732
INFO 2026-09-29 19:15:24 e/server.py:574 Policy operation deployment=omx-act instance=4bc7a2bb48514cdaa75527d9c0cf2e26 session=3494f99bdf394c5482deeb4e8c8ed255 generation=1 request=e96123d23d704bb4aa6fe724524632c4 type=observation queue_s=0.000129 worker_s=0.011275
INFO 2026-09-29 19:15:24 e/server.py:574 Policy operation deployment=omx-act instance=4bc7a2bb48514cdaa75527d9c0cf2e26 session=3494f99bdf394c5482deeb4e8c8ed255 generation=1 request=afe69d7d06f74e779226b5bdfd9d31df type=observation queue_s=0.000023 worker_s=0.011684
INFO 2026-09-29 19:15:24 e/server.py:574 Policy operation deployment=omx-act instance=4bc7a2bb48514cdaa75527d9c0cf2e26 session=3494f99bdf394c5482deeb4e8c8ed255 generation=1 request=1af304c9156e4be98df1c4fec55d6db7 type=observation queue_s=0.000020 worker_s=0.009443
INFO 2026-09-29 19:15:24 e/server.py:574 Policy operation deployment=omx-act instance=4bc7a2bb48514cdaa75527d9c0cf2e26 session=3494f99bdf394c5482deeb4e8c8ed255 generation=1 request=79708b99fff645a3b839c5cf5a752d13 type=observation queue_s=0.000123 worker_s=0.009584
INFO 2026-09-29 19:15:24 e/server.py:574 Policy operation deployment=omx-act instance=4bc7a2bb48514cdaa75527d9c0cf2e26 session=3494f99bdf394c5482deeb4e8c8ed255 generation=1 request=41395551118142da9a8dba90a2ab5f03 type=observation queue_s=0.000137 worker_s=0.009237
INFO 2026-09-29 19:15:24 e/server.py:574 Policy operation deployment=omx-act instance=4bc7a2bb48514cdaa75527d9c0cf2e26 session=3494f99bdf394c5482deeb4e8c8ed255 generation=1 request=5f4a2726cb3e439cad8504220bd20c2e type=observation queue_s=0.000156 worker_s=0.008577
INFO 2026-09-29 19:15:24 e/server.py:574 Policy operation deployment=omx-act instance=4bc7a2bb48514cdaa75527d9c0cf2e26 session=3494f99bdf394c5482deeb4e8c8ed255 generation=1 request=9683a49f8be540e8b84d18599a1cc736 type=observation queue_s=0.000241 worker_s=0.009519
INFO 2026-09-29 19:15:24 e/server.py:574 Policy operation deployment=omx-act instance=4bc7a2bb48514cdaa75527d9c0cf2e26 session=3494f99bdf394c5482deeb4e8c8ed255 generation=1 request=670ae7a6d9c5420493d12b108a877f70 type=observation queue_s=0.000106 worker_s=0.009064
INFO 2026-09-29 19:15:24 e/server.py:574 Policy operation deployment=omx-act instance=4bc7a2bb48514cdaa75527d9c0cf2e26 session=3494f99bdf394c5482deeb4e8c8ed255 generation=1 request=c6cddb9ac1c34c1289166fe0acd0c0be type=observation queue_s=0.000113 worker_s=0.009312
INFO 2026-09-29 19:15:24 e/server.py:574 Policy operation deployment=omx-act instance=4bc7a2bb48514cdaa75527d9c0cf2e26 session=3494f99bdf394c5482deeb4e8c8ed255 generation=1 request=780d6fe5aba04766b3d0c4810dc212ab type=observation queue_s=0.000110 worker_s=0.009326
INFO 2026-09-29 19:15:24 e/server.py:574 Policy operation deployment=omx-act instance=4bc7a2bb48514cdaa75527d9c0cf2e26 session=3494f99bdf394c5482deeb4e8c8ed255 generation=1 request=dd49b4237c5c4f92af167d9020b06899 type=observation queue_s=0.000158 worker_s=0.009121
INFO 2026-09-29 19:15:24 e/server.py:574 Policy operation deployment=omx-act instance=4bc7a2bb48514cdaa75527d9c0cf2e26 session=3494f99bdf394c5482deeb4e8c8ed255 generation=1 request=78081b49c5e944f9bc1663f1b8df47a7 type=observation queue_s=0.000193 worker_s=0.009268
INFO 2026-09-29 19:15:24 e/server.py:574 Policy operation deployment=omx-act instance=4bc7a2bb48514cdaa75527d9c0cf2e26 session=3494f99bdf394c5482deeb4e8c8ed255 generation=1 request=9df81163078e4ab68699b782c2eeb877 type=observation queue_s=0.000125 worker_s=0.009145
INFO 2026-09-29 19:15:24 e/server.py:574 Policy operation deployment=omx-act instance=4bc7a2bb48514cdaa75527d9c0cf2e26 session=3494f99bdf394c5482deeb4e8c8ed255 generation=1 request=b56d95194118480ba1db864f7e27a71f type=observation queue_s=0.000148 worker_s=0.009212
INFO 2026-09-29 19:15:24 e/server.py:574 Policy operation deployment=omx-act instance=4bc7a2bb48514cdaa75527d9c0cf2e26 session=3494f99bdf394c5482deeb4e8c8ed255 generation=1 request=8a7664fe9bbe4be1be4bf1b1943f50ef type=observation queue_s=0.000098 worker_s=0.009571
INFO 2026-09-29 19:15:24 e/server.py:574 Policy operation deployment=omx-act instance=4bc7a2bb48514cdaa75527d9c0cf2e26 session=3494f99bdf394c5482deeb4e8c8ed255 generation=1 request=67190d97993443dfbb0da15638abb175 type=observation queue_s=0.000122 worker_s=0.009302
INFO 2026-09-29 19:15:24 e/server.py:574 Policy operation deployment=omx-act instance=4bc7a2bb48514cdaa75527d9c0cf2e26 session=3494f99bdf394c5482deeb4e8c8ed255 generation=1 request=688a4de703ab46ab89a79d22d161626c type=observation queue_s=0.000120 worker_s=0.008780
INFO 2026-09-29 19:15:24 e/server.py:574 Policy operation deployment=omx-act instance=4bc7a2bb48514cdaa75527d9c0cf2e26 session=3494f99bdf394c5482deeb4e8c8ed255 generation=1 request=650d77630ca74b3d90aa2164901d4e34 type=observation queue_s=0.000141 worker_s=0.008449
INFO 2026-09-29 19:15:24 e/server.py:574 Policy operation deployment=omx-act instance=4bc7a2bb48514cdaa75527d9c0cf2e26 session=3494f99bdf394c5482deeb4e8c8ed255 generation=1 request=2e58d098045748b8b4045f4656b22fb5 type=observation queue_s=0.000133 worker_s=0.008696
INFO 2026-09-29 19:15:24 e/server.py:574 Policy operation deployment=omx-act instance=4bc7a2bb48514cdaa75527d9c0cf2e26 session=3494f99bdf394c5482deeb4e8c8ed255 generation=1 request=ad95c63060c844f18f6be2fa0fc6f1f8 type=observation queue_s=0.000114 worker_s=0.008776
INFO 2026-09-29 19:15:24 e/server.py:574 Policy operation deployment=omx-act instance=4bc7a2bb48514cdaa75527d9c0cf2e26 session=3494f99bdf394c5482deeb4e8c8ed255 generation=1 request=7fc7d276016145e1b9fde140dfde1cbb type=observation queue_s=0.000121 worker_s=0.008476
INFO 2026-09-29 19:15:24 e/server.py:574 Policy operation deployment=omx-act instance=4bc7a2bb48514cdaa75527d9c0cf2e26 session=3494f99bdf394c5482deeb4e8c8ed255 generation=1 request=c4c85260a3774f76b54f190be9fe32ea type=observation queue_s=0.000126 worker_s=0.012771
INFO 2026-09-29 19:15:24 e/server.py:574 Policy operation deployment=omx-act instance=4bc7a2bb48514cdaa75527d9c0cf2e26 session=3494f99bdf394c5482deeb4e8c8ed255 generation=1 request=48107add1ae34f2a9d2c245ede93adc6 type=observation queue_s=0.000154 worker_s=0.011985
INFO 2026-09-29 19:15:24 e/server.py:574 Policy operation deployment=omx-act instance=4bc7a2bb48514cdaa75527d9c0cf2e26 session=3494f99bdf394c5482deeb4e8c8ed255 generation=1 request=91fbe614cdf04894a91ccdd8206c7204 type=observation queue_s=0.000122 worker_s=0.010812
INFO 2026-09-29 19:15:24 e/server.py:574 Policy operation deployment=omx-act instance=4bc7a2bb48514cdaa75527d9c0cf2e26 session=3494f99bdf394c5482deeb4e8c8ed255 generation=1 request=fb500d5cb3bf4bb2b050f691e406760e type=observation queue_s=0.000108 worker_s=0.011241
INFO 2026-09-29 19:15:24 e/server.py:574 Policy operation deployment=omx-act instance=4bc7a2bb48514cdaa75527d9c0cf2e26 session=3494f99bdf394c5482deeb4e8c8ed255 generation=1 request=481a9ea937a240128dde281b84dc75d7 type=observation queue_s=0.000167 worker_s=0.010630
INFO 2026-09-29 19:15:24 e/server.py:574 Policy operation deployment=omx-act instance=4bc7a2bb48514cdaa75527d9c0cf2e26 session=3494f99bdf394c5482deeb4e8c8ed255 generation=1 request=f848e9245c3441408b6dee990ddb472e type=observation queue_s=0.000121 worker_s=0.010859
INFO 2026-09-29 19:15:24 e/server.py:574 Policy operation deployment=omx-act instance=4bc7a2bb48514cdaa75527d9c0cf2e26 session=3494f99bdf394c5482deeb4e8c8ed255 generation=1 request=ab4958a2a265473199c2697ddb533227 type=observation queue_s=0.000105 worker_s=0.011328
INFO 2026-09-29 19:15:25 e/server.py:574 Policy operation deployment=omx-act instance=4bc7a2bb48514cdaa75527d9c0cf2e26 session=3494f99bdf394c5482deeb4e8c8ed255 generation=1 request=1208124f9a7149d88b050fc32c769279 type=observation queue_s=0.000114 worker_s=0.010649
INFO 2026-09-29 19:15:25 e/server.py:574 Policy operation deployment=omx-act instance=4bc7a2bb48514cdaa75527d9c0cf2e26 session=3494f99bdf394c5482deeb4e8c8ed255 generation=1 request=03302ace33704d56969dc34383fd3a73 type=observation queue_s=0.000112 worker_s=0.011657
INFO 2026-09-29 19:15:25 e/server.py:574 Policy operation deployment=omx-act instance=4bc7a2bb48514cdaa75527d9c0cf2e26 session=3494f99bdf394c5482deeb4e8c8ed255 generation=1 request=791b7242f8cd493d80e79dbb103faa34 type=observation queue_s=0.000106 worker_s=0.011811
INFO 2026-09-29 19:15:25 e/server.py:574 Policy operation deployment=omx-act instance=4bc7a2bb48514cdaa75527d9c0cf2e26 session=3494f99bdf394c5482deeb4e8c8ed255 generation=1 request=dbcbbaef097c465c8a2a1c5ede7182be type=observation queue_s=0.000103 worker_s=0.010849
INFO 2026-09-29 19:15:25 e/server.py:574 Policy operation deployment=omx-act instance=4bc7a2bb48514cdaa75527d9c0cf2e26 session=3494f99bdf394c5482deeb4e8c8ed255 generation=1 request=4c7becc6bd50408386135cb5f2980a80 type=observation queue_s=0.000101 worker_s=0.011335
INFO 2026-09-29 19:15:25 e/server.py:574 Policy operation deployment=omx-act instance=4bc7a2bb48514cdaa75527d9c0cf2e26 session=3494f99bdf394c5482deeb4e8c8ed255 generation=1 request=78648cff91414f73abfef703fbce5dda type=observation queue_s=0.000092 worker_s=0.010339
INFO 2026-09-29 19:15:25 e/server.py:574 Policy operation deployment=omx-act instance=4bc7a2bb48514cdaa75527d9c0cf2e26 session=3494f99bdf394c5482deeb4e8c8ed255 generation=1 request=81873bc7b5f04e7f99c40c85fb9fa496 type=observation queue_s=0.000129 worker_s=0.011596
INFO 2026-09-29 19:15:25 e/server.py:574 Policy operation deployment=omx-act instance=4bc7a2bb48514cdaa75527d9c0cf2e26 session=3494f99bdf394c5482deeb4e8c8ed255 generation=1 request=24edf90fc793425787c3869c250af296 type=observation queue_s=0.000131 worker_s=0.009728
INFO 2026-09-29 19:15:25 e/server.py:574 Policy operation deployment=omx-act instance=4bc7a2bb48514cdaa75527d9c0cf2e26 session=3494f99bdf394c5482deeb4e8c8ed255 generation=1 request=43580f0a7d7c489d9c2bb10ac7a7943d type=observation queue_s=0.000139 worker_s=0.010248
INFO 2026-09-29 19:15:25 e/server.py:574 Policy operation deployment=omx-act instance=4bc7a2bb48514cdaa75527d9c0cf2e26 session=3494f99bdf394c5482deeb4e8c8ed255 generation=1 request=fe011354d0e94288b9ae384c87a02490 type=observation queue_s=0.000093 worker_s=0.009567
INFO 2026-09-29 19:15:25 e/server.py:574 Policy operation deployment=omx-act instance=4bc7a2bb48514cdaa75527d9c0cf2e26 session=3494f99bdf394c5482deeb4e8c8ed255 generation=1 request=6cda4962765f4adc92ea339129e1ee5c type=observation queue_s=0.000138 worker_s=0.011379
INFO 2026-09-29 19:15:25 e/server.py:574 Policy operation deployment=omx-act instance=4bc7a2bb48514cdaa75527d9c0cf2e26 session=3494f99bdf394c5482deeb4e8c8ed255 generation=1 request=be46bb9ac5be4d7c8b1e17504a3d5dc4 type=observation queue_s=0.000100 worker_s=0.010703
INFO 2026-09-29 19:15:25 e/server.py:574 Policy operation deployment=omx-act instance=4bc7a2bb48514cdaa75527d9c0cf2e26 session=3494f99bdf394c5482deeb4e8c8ed255 generation=1 request=b441da48ed124cc9b3649b0880ee49c5 type=observation queue_s=0.000109 worker_s=0.010625
INFO 2026-09-29 19:15:25 e/server.py:574 Policy operation deployment=omx-act instance=4bc7a2bb48514cdaa75527d9c0cf2e26 session=3494f99bdf394c5482deeb4e8c8ed255 generation=1 request=72c106dde9ff44bba2cd7fee02616aa1 type=observation queue_s=0.000099 worker_s=0.010851
INFO 2026-09-29 19:15:25 e/server.py:574 Policy operation deployment=omx-act instance=4bc7a2bb48514cdaa75527d9c0cf2e26 session=3494f99bdf394c5482deeb4e8c8ed255 generation=1 request=75e9392f9197418488fbdee1ca0f6f9c type=observation queue_s=0.000128 worker_s=0.011479
INFO 2026-09-29 19:15:25 e/server.py:574 Policy operation deployment=omx-act instance=4bc7a2bb48514cdaa75527d9c0cf2e26 session=3494f99bdf394c5482deeb4e8c8ed255 generation=1 request=8d1c5b53b0b1493d87c0f9628b2ce5a1 type=observation queue_s=0.000112 worker_s=0.011156
INFO 2026-09-29 19:15:25 e/server.py:574 Policy operation deployment=omx-act instance=4bc7a2bb48514cdaa75527d9c0cf2e26 session=3494f99bdf394c5482deeb4e8c8ed255 generation=1 request=e33f597ab1384c729f12d6bfc4a0f2f8 type=observation queue_s=0.000111 worker_s=0.011293
INFO 2026-09-29 19:15:25 e/server.py:574 Policy operation deployment=omx-act instance=4bc7a2bb48514cdaa75527d9c0cf2e26 session=3494f99bdf394c5482deeb4e8c8ed255 generation=1 request=faf3cffdafe846a2a66599cb75769e3f type=observation queue_s=0.000097 worker_s=0.010784
INFO 2026-09-29 19:15:25 e/server.py:574 Policy operation deployment=omx-act instance=4bc7a2bb48514cdaa75527d9c0cf2e26 session=3494f99bdf394c5482deeb4e8c8ed255 generation=1 request=34fac58a0ae04a49a97f4d1a9b3ab2f9 type=observation queue_s=0.000103 worker_s=0.011368
INFO 2026-09-29 19:15:25 e/server.py:574 Policy operation deployment=omx-act instance=4bc7a2bb48514cdaa75527d9c0cf2e26 session=3494f99bdf394c5482deeb4e8c8ed255 generation=1 request=799305a7b33c4c57a88c6482feb21bc5 type=observation queue_s=0.000134 worker_s=0.011298
INFO 2026-09-29 19:15:25 e/server.py:574 Policy operation deployment=omx-act instance=4bc7a2bb48514cdaa75527d9c0cf2e26 session=3494f99bdf394c5482deeb4e8c8ed255 generation=1 request=c502f702088942ac94c0e3ca2fc0981b type=observation queue_s=0.000102 worker_s=0.010770
INFO 2026-09-29 19:15:25 e/server.py:574 Policy operation deployment=omx-act instance=4bc7a2bb48514cdaa75527d9c0cf2e26 session=3494f99bdf394c5482deeb4e8c8ed255 generation=1 request=48ac0009a0194d1b9dff3ad47a585a53 type=observation queue_s=0.000146 worker_s=0.010928
INFO 2026-09-29 19:15:25 e/server.py:574 Policy operation deployment=omx-act instance=4bc7a2bb48514cdaa75527d9c0cf2e26 session=3494f99bdf394c5482deeb4e8c8ed255 generation=1 request=8ac72dc9fe084829ab6c8d9c9f87130d type=observation queue_s=0.000138 worker_s=0.011300
INFO 2026-09-29 19:15:25 e/server.py:574 Policy operation deployment=omx-act instance=4bc7a2bb48514cdaa75527d9c0cf2e26 session=3494f99bdf394c5482deeb4e8c8ed255 generation=1 request=cec6c72ab25e48d4b3266e025100fcf6 type=observation queue_s=0.000137 worker_s=0.010759
INFO 2026-09-29 19:15:25 e/server.py:574 Policy operation deployment=omx-act instance=4bc7a2bb48514cdaa75527d9c0cf2e26 session=3494f99bdf394c5482deeb4e8c8ed255 generation=1 request=78d1b9d83a2741c2b1934427663c3f77 type=observation queue_s=0.000121 worker_s=0.011738
INFO 2026-09-29 19:15:25 e/server.py:574 Policy operation deployment=omx-act instance=4bc7a2bb48514cdaa75527d9c0cf2e26 session=3494f99bdf394c5482deeb4e8c8ed255 generation=1 request=ab33970d45ab4f03b5dc5fca1f6e3997 type=observation queue_s=0.000121 worker_s=0.012517
INFO 2026-09-29 19:15:26 e/server.py:574 Policy operation deployment=omx-act instance=4bc7a2bb48514cdaa75527d9c0cf2e26 session=3494f99bdf394c5482deeb4e8c8ed255 generation=1 request=ff2af41d2bab4ff29e93d7f1d9eb9be1 type=observation queue_s=0.000100 worker_s=0.011007
INFO 2026-09-29 19:15:26 e/server.py:574 Policy operation deployment=omx-act instance=4bc7a2bb48514cdaa75527d9c0cf2e26 session=3494f99bdf394c5482deeb4e8c8ed255 generation=1 request=1c6ef80744d0452fa675963578d973b1 type=observation queue_s=0.000109 worker_s=0.011307
INFO 2026-09-29 19:15:26 e/server.py:574 Policy operation deployment=omx-act instance=4bc7a2bb48514cdaa75527d9c0cf2e26 session=3494f99bdf394c5482deeb4e8c8ed255 generation=1 request=fc43025a81c94a2a88e62e6d47370587 type=observation queue_s=0.000107 worker_s=0.011333
INFO 2026-09-29 19:15:26 e/server.py:574 Policy operation deployment=omx-act instance=4bc7a2bb48514cdaa75527d9c0cf2e26 session=3494f99bdf394c5482deeb4e8c8ed255 generation=1 request=e7d13fbe4876455b9ea025eed86754dd type=observation queue_s=0.000094 worker_s=0.011184
INFO 2026-09-29 19:15:26 e/server.py:574 Policy operation deployment=omx-act instance=4bc7a2bb48514cdaa75527d9c0cf2e26 session=3494f99bdf394c5482deeb4e8c8ed255 generation=1 request=d9cc83714e034914bb87f61947fd1d31 type=observation queue_s=0.000141 worker_s=0.011829
INFO 2026-09-29 19:15:26 e/server.py:574 Policy operation deployment=omx-act instance=4bc7a2bb48514cdaa75527d9c0cf2e26 session=3494f99bdf394c5482deeb4e8c8ed255 generation=1 request=1d48db6944854c3baa422577c63a0254 type=observation queue_s=0.000132 worker_s=0.011104
INFO 2026-09-29 19:15:26 e/server.py:574 Policy operation deployment=omx-act instance=4bc7a2bb48514cdaa75527d9c0cf2e26 session=3494f99bdf394c5482deeb4e8c8ed255 generation=1 request=6abbb2e7fdbe45f3ae083d009dfef76a type=observation queue_s=0.000141 worker_s=0.011477
INFO 2026-09-29 19:15:26 e/server.py:574 Policy operation deployment=omx-act instance=4bc7a2bb48514cdaa75527d9c0cf2e26 session=3494f99bdf394c5482deeb4e8c8ed255 generation=1 request=cf89297857c8495b8639b38fbd3dd7ca type=observation queue_s=0.000107 worker_s=0.010832
INFO 2026-09-29 19:15:26 e/server.py:574 Policy operation deployment=omx-act instance=4bc7a2bb48514cdaa75527d9c0cf2e26 session=3494f99bdf394c5482deeb4e8c8ed255 generation=1 request=d9c5b18b231b4728be9cf98dd8d42bfe type=observation queue_s=0.000121 worker_s=0.010887
INFO 2026-09-29 19:15:26 e/server.py:574 Policy operation deployment=omx-act instance=4bc7a2bb48514cdaa75527d9c0cf2e26 session=3494f99bdf394c5482deeb4e8c8ed255 generation=1 request=c10b8e7126db499883c0957c888e5ec7 type=observation queue_s=0.000106 worker_s=0.012186
INFO 2026-09-29 19:15:26 e/server.py:574 Policy operation deployment=omx-act instance=4bc7a2bb48514cdaa75527d9c0cf2e26 session=3494f99bdf394c5482deeb4e8c8ed255 generation=1 request=c8915ec5bc8d4746b3fae938a75d728c type=observation queue_s=0.000097 worker_s=0.009458
INFO 2026-09-29 19:15:26 e/server.py:574 Policy operation deployment=omx-act instance=4bc7a2bb48514cdaa75527d9c0cf2e26 session=3494f99bdf394c5482deeb4e8c8ed255 generation=1 request=6adb9f7ce88045b184897e9c4bbc727f type=observation queue_s=0.000105 worker_s=0.010226
INFO 2026-09-29 19:15:26 e/server.py:574 Policy operation deployment=omx-act instance=4bc7a2bb48514cdaa75527d9c0cf2e26 session=3494f99bdf394c5482deeb4e8c8ed255 generation=1 request=eac95d0f150547cbac839e8abd7a56dc type=observation queue_s=0.000131 worker_s=0.011158
INFO 2026-09-29 19:15:26 e/server.py:574 Policy operation deployment=omx-act instance=4bc7a2bb48514cdaa75527d9c0cf2e26 session=3494f99bdf394c5482deeb4e8c8ed255 generation=1 request=66e1388cbe5941ceb1125f7527a5a674 type=observation queue_s=0.000092 worker_s=0.010894
INFO 2026-09-29 19:15:26 e/server.py:574 Policy operation deployment=omx-act instance=4bc7a2bb48514cdaa75527d9c0cf2e26 session=3494f99bdf394c5482deeb4e8c8ed255 generation=1 request=3c63fb54b8634abb93688d58baec9439 type=observation queue_s=0.000081 worker_s=0.011911
INFO 2026-09-29 19:15:26 e/server.py:574 Policy operation deployment=omx-act instance=4bc7a2bb48514cdaa75527d9c0cf2e26 session=3494f99bdf394c5482deeb4e8c8ed255 generation=1 request=c72bea9c1bc84745b0d82ed525f08e45 type=observation queue_s=0.000123 worker_s=0.010382
INFO 2026-09-29 19:15:26 e/server.py:574 Policy operation deployment=omx-act instance=4bc7a2bb48514cdaa75527d9c0cf2e26 session=3494f99bdf394c5482deeb4e8c8ed255 generation=1 request=77aa33ab59ce473da93d7e5cba7f9e15 type=observation queue_s=0.000135 worker_s=0.011049
INFO 2026-09-29 19:15:26 e/server.py:574 Policy operation deployment=omx-act instance=4bc7a2bb48514cdaa75527d9c0cf2e26 session=3494f99bdf394c5482deeb4e8c8ed255 generation=1 request=c951230c9867479f84e7e2566bcc93b9 type=observation queue_s=0.000090 worker_s=0.011126
INFO 2026-09-29 19:15:26 e/server.py:574 Policy operation deployment=omx-act instance=4bc7a2bb48514cdaa75527d9c0cf2e26 session=3494f99bdf394c5482deeb4e8c8ed255 generation=1 request=dab7c64380f34d79a51ce703e5f9a95e type=observation queue_s=0.000132 worker_s=0.011077
INFO 2026-09-29 19:15:26 e/server.py:574 Policy operation deployment=omx-act instance=4bc7a2bb48514cdaa75527d9c0cf2e26 session=3494f99bdf394c5482deeb4e8c8ed255 generation=1 request=668b93ca6691492298b46ab146d45de4 type=observation queue_s=0.000119 worker_s=0.012567
INFO 2026-09-29 19:15:26 e/server.py:574 Policy operation deployment=omx-act instance=4bc7a2bb48514cdaa75527d9c0cf2e26 session=3494f99bdf394c5482deeb4e8c8ed255 generation=1 request=a88d6613f4cd40ecadfae723b837b1ea type=observation queue_s=0.000144 worker_s=0.011716
INFO 2026-09-29 19:15:26 e/server.py:574 Policy operation deployment=omx-act instance=4bc7a2bb48514cdaa75527d9c0cf2e26 session=3494f99bdf394c5482deeb4e8c8ed255 generation=1 request=5978a3bd47a343728154f261123e5e29 type=observation queue_s=0.000114 worker_s=0.010921
INFO 2026-09-29 19:15:26 e/server.py:574 Policy operation deployment=omx-act instance=4bc7a2bb48514cdaa75527d9c0cf2e26 session=3494f99bdf394c5482deeb4e8c8ed255 generation=1 request=b2fa0f3fdfd245fcb1a4f8660dba4915 type=observation queue_s=0.000102 worker_s=0.011102
INFO 2026-09-29 19:15:26 e/server.py:574 Policy operation deployment=omx-act instance=4bc7a2bb48514cdaa75527d9c0cf2e26 session=3494f99bdf394c5482deeb4e8c8ed255 generation=1 request=491cfd9cd7754430add182e343a1d442 type=observation queue_s=0.000086 worker_s=0.010621
INFO 2026-09-29 19:15:26 e/server.py:574 Policy operation deployment=omx-act instance=4bc7a2bb48514cdaa75527d9c0cf2e26 session=3494f99bdf394c5482deeb4e8c8ed255 generation=1 request=8bbe4ba3c7484f78a1e2f57fe55135f9 type=observation queue_s=0.000097 worker_s=0.010157
INFO 2026-09-29 19:15:26 e/server.py:574 Policy operation deployment=omx-act instance=4bc7a2bb48514cdaa75527d9c0cf2e26 session=3494f99bdf394c5482deeb4e8c8ed255 generation=1 request=45381c54241748428c729fd35e30cf07 type=observation queue_s=0.000119 worker_s=0.012150
INFO 2026-09-29 19:15:27 e/server.py:574 Policy operation deployment=omx-act instance=4bc7a2bb48514cdaa75527d9c0cf2e26 session=3494f99bdf394c5482deeb4e8c8ed255 generation=1 request=6fa877678a83415790ce6a383ad90789 type=observation queue_s=0.000118 worker_s=0.010893
INFO 2026-09-29 19:15:27 e/server.py:574 Policy operation deployment=omx-act instance=4bc7a2bb48514cdaa75527d9c0cf2e26 session=3494f99bdf394c5482deeb4e8c8ed255 generation=1 request=dba0f1c23e09491d903b99365a044c20 type=observation queue_s=0.000114 worker_s=0.010641
INFO 2026-09-29 19:15:27 e/server.py:574 Policy operation deployment=omx-act instance=4bc7a2bb48514cdaa75527d9c0cf2e26 session=3494f99bdf394c5482deeb4e8c8ed255 generation=1 request=2768a55cfd8542e5999747d816ddf73b type=observation queue_s=0.000081 worker_s=0.010201
INFO 2026-09-29 19:15:27 e/server.py:574 Policy operation deployment=omx-act instance=4bc7a2bb48514cdaa75527d9c0cf2e26 session=3494f99bdf394c5482deeb4e8c8ed255 generation=1 request=fbd5fb211f4249b1bb5c778eda81ef33 type=observation queue_s=0.000131 worker_s=0.010800
INFO 2026-09-29 19:15:27 e/server.py:574 Policy operation deployment=omx-act instance=4bc7a2bb48514cdaa75527d9c0cf2e26 session=3494f99bdf394c5482deeb4e8c8ed255 generation=1 request=d22ae09de5c44923b9d5a9754c85c85e type=observation queue_s=0.000109 worker_s=0.012224
INFO 2026-09-29 19:15:27 e/server.py:574 Policy operation deployment=omx-act instance=4bc7a2bb48514cdaa75527d9c0cf2e26 session=3494f99bdf394c5482deeb4e8c8ed255 generation=1 request=ee4a61121969497985a66b8ef7fe4dcf type=observation queue_s=0.000114 worker_s=0.011151
INFO 2026-09-29 19:15:27 e/server.py:574 Policy operation deployment=omx-act instance=4bc7a2bb48514cdaa75527d9c0cf2e26 session=3494f99bdf394c5482deeb4e8c8ed255 generation=1 request=ff941ebf6aad46e8a91ff92dc449f56b type=observation queue_s=0.000089 worker_s=0.011739
INFO 2026-09-29 19:15:27 e/server.py:574 Policy operation deployment=omx-act instance=4bc7a2bb48514cdaa75527d9c0cf2e26 session=3494f99bdf394c5482deeb4e8c8ed255 generation=1 request=e28499039bd840d6af6b16d2c06ffd9a type=observation queue_s=0.000098 worker_s=0.011024
INFO 2026-09-29 19:15:27 e/server.py:574 Policy operation deployment=omx-act instance=4bc7a2bb48514cdaa75527d9c0cf2e26 session=3494f99bdf394c5482deeb4e8c8ed255 generation=1 request=72dea526a0ed4b5697b44e6def7b27b7 type=observation queue_s=0.000111 worker_s=0.011194
INFO 2026-09-29 19:15:27 e/server.py:574 Policy operation deployment=omx-act instance=4bc7a2bb48514cdaa75527d9c0cf2e26 session=3494f99bdf394c5482deeb4e8c8ed255 generation=1 request=9f3ea4f2700d47498e5eb7dffb69d0f2 type=observation queue_s=0.000126 worker_s=0.011213
INFO 2026-09-29 19:15:27 e/server.py:574 Policy operation deployment=omx-act instance=4bc7a2bb48514cdaa75527d9c0cf2e26 session=3494f99bdf394c5482deeb4e8c8ed255 generation=1 request=7104a9bf578d4a03b389a955aae60a0a type=observation queue_s=0.000088 worker_s=0.011164
INFO 2026-09-29 19:15:27 e/server.py:574 Policy operation deployment=omx-act instance=4bc7a2bb48514cdaa75527d9c0cf2e26 session=3494f99bdf394c5482deeb4e8c8ed255 generation=1 request=2f5cf0db84f34a3082d8f908c2f1fe4f type=observation queue_s=0.000077 worker_s=0.010861
INFO 2026-09-29 19:15:27 e/server.py:574 Policy operation deployment=omx-act instance=4bc7a2bb48514cdaa75527d9c0cf2e26 session=3494f99bdf394c5482deeb4e8c8ed255 generation=1 request=a52eaf60d4e54d44a2a37f4ee82afb93 type=observation queue_s=0.000090 worker_s=0.011071
INFO 2026-09-29 19:15:27 e/server.py:574 Policy operation deployment=omx-act instance=4bc7a2bb48514cdaa75527d9c0cf2e26 session=3494f99bdf394c5482deeb4e8c8ed255 generation=1 request=1f36f55ae2644b26b2fbdbfb8a57fc95 type=observation queue_s=0.000019 worker_s=0.009656
INFO 2026-09-29 19:15:27 e/server.py:574 Policy operation deployment=omx-act instance=4bc7a2bb48514cdaa75527d9c0cf2e26 session=3494f99bdf394c5482deeb4e8c8ed255 generation=1 request=3359d953f5b14accb87a7dc64b5afef6 type=observation queue_s=0.000047 worker_s=0.012072
INFO 2026-09-29 19:15:27 e/server.py:574 Policy operation deployment=omx-act instance=4bc7a2bb48514cdaa75527d9c0cf2e26 session=3494f99bdf394c5482deeb4e8c8ed255 generation=1 request=df59628fa97d49e5857803ed4398042f type=observation queue_s=0.000023 worker_s=0.009490
INFO 2026-09-29 19:15:27 e/server.py:574 Policy operation deployment=omx-act instance=4bc7a2bb48514cdaa75527d9c0cf2e26 session=3494f99bdf394c5482deeb4e8c8ed255 generation=1 request=25ea7ff20e1a430db6b87d5d543d15d7 type=observation queue_s=0.000025 worker_s=0.010407
INFO 2026-09-29 19:15:27 e/server.py:574 Policy operation deployment=omx-act instance=4bc7a2bb48514cdaa75527d9c0cf2e26 session=3494f99bdf394c5482deeb4e8c8ed255 generation=1 request=1f3b5e7201664d60aeb76a01f4703a40 type=observation queue_s=0.000031 worker_s=0.010755
INFO 2026-09-29 19:15:27 e/server.py:574 Policy operation deployment=omx-act instance=4bc7a2bb48514cdaa75527d9c0cf2e26 session=3494f99bdf394c5482deeb4e8c8ed255 generation=1 request=580002d49ec04e79bc3737d890c09598 type=observation queue_s=0.000037 worker_s=0.011283
INFO 2026-09-29 19:15:27 e/server.py:574 Policy operation deployment=omx-act instance=4bc7a2bb48514cdaa75527d9c0cf2e26 session=3494f99bdf394c5482deeb4e8c8ed255 generation=1 request=2bfe3be77cdc4f0b8ab49f3473e6719c type=observation queue_s=0.000052 worker_s=0.012037
INFO 2026-09-29 19:15:27 e/server.py:574 Policy operation deployment=omx-act instance=4bc7a2bb48514cdaa75527d9c0cf2e26 session=3494f99bdf394c5482deeb4e8c8ed255 generation=1 request=5e8e4c9abd9847d790ef463c05f330db type=observation queue_s=0.000027 worker_s=0.010565
INFO 2026-09-29 19:15:27 e/server.py:574 Policy operation deployment=omx-act instance=4bc7a2bb48514cdaa75527d9c0cf2e26 session=3494f99bdf394c5482deeb4e8c8ed255 generation=1 request=0bad4e586cc64407a32a76a66b121299 type=observation queue_s=0.000029 worker_s=0.010415
INFO 2026-09-29 19:15:27 e/server.py:574 Policy operation deployment=omx-act instance=4bc7a2bb48514cdaa75527d9c0cf2e26 session=3494f99bdf394c5482deeb4e8c8ed255 generation=1 request=60b1ea46d8d548dd9bd304af9c9176cb type=observation queue_s=0.000027 worker_s=0.010676
INFO 2026-09-29 19:15:27 e/server.py:574 Policy operation deployment=omx-act instance=4bc7a2bb48514cdaa75527d9c0cf2e26 session=3494f99bdf394c5482deeb4e8c8ed255 generation=1 request=4fbf6ff5a79e409f8f6eec3cc6fbe7c1 type=observation queue_s=0.000026 worker_s=0.010845
INFO 2026-09-29 19:15:27 e/server.py:574 Policy operation deployment=omx-act instance=4bc7a2bb48514cdaa75527d9c0cf2e26 session=3494f99bdf394c5482deeb4e8c8ed255 generation=1 request=33bd399558004c78947ba71b337dcc79 type=observation queue_s=0.000049 worker_s=0.011183
INFO 2026-09-29 19:15:27 e/server.py:574 Policy operation deployment=omx-act instance=4bc7a2bb48514cdaa75527d9c0cf2e26 session=3494f99bdf394c5482deeb4e8c8ed255 generation=1 request=450f62a34cea4678bea063858603dd17 type=observation queue_s=0.000041 worker_s=0.011626
INFO 2026-09-29 19:15:28 e/server.py:574 Policy operation deployment=omx-act instance=4bc7a2bb48514cdaa75527d9c0cf2e26 session=3494f99bdf394c5482deeb4e8c8ed255 generation=1 request=a133e7ddd11d4dc980d475157dd193fc type=observation queue_s=0.000166 worker_s=0.011619
INFO 2026-09-29 19:15:28 e/server.py:574 Policy operation deployment=omx-act instance=4bc7a2bb48514cdaa75527d9c0cf2e26 session=3494f99bdf394c5482deeb4e8c8ed255 generation=1 request=8dca6113adcc44b487dec583a263e81e type=observation queue_s=0.000096 worker_s=0.011124
INFO 2026-09-29 19:15:28 e/server.py:574 Policy operation deployment=omx-act instance=4bc7a2bb48514cdaa75527d9c0cf2e26 session=3494f99bdf394c5482deeb4e8c8ed255 generation=1 request=42e300ac653c49cb830495fc50587f50 type=observation queue_s=0.000109 worker_s=0.010809
INFO 2026-09-29 19:15:28 e/server.py:574 Policy operation deployment=omx-act instance=4bc7a2bb48514cdaa75527d9c0cf2e26 session=3494f99bdf394c5482deeb4e8c8ed255 generation=1 request=fc82ea6f7bda41cdb66b79df34bb44c2 type=observation queue_s=0.000105 worker_s=0.011888
INFO 2026-09-29 19:15:28 e/server.py:574 Policy operation deployment=omx-act instance=4bc7a2bb48514cdaa75527d9c0cf2e26 session=3494f99bdf394c5482deeb4e8c8ed255 generation=1 request=a00bdccdafe942f8825a9b061b914b46 type=observation queue_s=0.000097 worker_s=0.011657
INFO 2026-09-29 19:15:28 e/server.py:574 Policy operation deployment=omx-act instance=4bc7a2bb48514cdaa75527d9c0cf2e26 session=3494f99bdf394c5482deeb4e8c8ed255 generation=1 request=1b90bb76acd54bea839f0c376b40b521 type=observation queue_s=0.000025 worker_s=0.010605
INFO 2026-09-29 19:15:28 e/server.py:574 Policy operation deployment=omx-act instance=4bc7a2bb48514cdaa75527d9c0cf2e26 session=3494f99bdf394c5482deeb4e8c8ed255 generation=1 request=e27185c714c94496b046b52c4c7c3d69 type=observation queue_s=0.000038 worker_s=0.010842
INFO 2026-09-29 19:15:28 e/server.py:574 Policy operation deployment=omx-act instance=4bc7a2bb48514cdaa75527d9c0cf2e26 session=3494f99bdf394c5482deeb4e8c8ed255 generation=1 request=b788a16005d54668b44cf2646fc6f191 type=observation queue_s=0.000030 worker_s=0.010507
INFO 2026-09-29 19:15:28 e/server.py:574 Policy operation deployment=omx-act instance=4bc7a2bb48514cdaa75527d9c0cf2e26 session=3494f99bdf394c5482deeb4e8c8ed255 generation=1 request=dd17f53086dc449aba9a8a337a90f43a type=observation queue_s=0.000039 worker_s=0.011283
INFO 2026-09-29 19:15:28 e/server.py:574 Policy operation deployment=omx-act instance=4bc7a2bb48514cdaa75527d9c0cf2e26 session=3494f99bdf394c5482deeb4e8c8ed255 generation=1 request=b33a1fe53917434db87def155bcb60c5 type=observation queue_s=0.000044 worker_s=0.010958
INFO 2026-09-29 19:15:28 e/server.py:574 Policy operation deployment=omx-act instance=4bc7a2bb48514cdaa75527d9c0cf2e26 session=3494f99bdf394c5482deeb4e8c8ed255 generation=1 request=e90e2ae215dc4dc5b3384453c70d38d2 type=observation queue_s=0.000029 worker_s=0.010560
INFO 2026-09-29 19:15:28 e/server.py:574 Policy operation deployment=omx-act instance=4bc7a2bb48514cdaa75527d9c0cf2e26 session=3494f99bdf394c5482deeb4e8c8ed255 generation=1 request=28451891413c4a0c802ee8eb850e9a5a type=observation queue_s=0.000025 worker_s=0.010356
INFO 2026-09-29 19:15:28 e/server.py:574 Policy operation deployment=omx-act instance=4bc7a2bb48514cdaa75527d9c0cf2e26 session=3494f99bdf394c5482deeb4e8c8ed255 generation=1 request=a699d0a59fe14dfdaa1bd405dbcfe1c5 type=observation queue_s=0.000029 worker_s=0.010633
INFO 2026-09-29 19:15:28 e/server.py:574 Policy operation deployment=omx-act instance=4bc7a2bb48514cdaa75527d9c0cf2e26 session=3494f99bdf394c5482deeb4e8c8ed255 generation=1 request=115194f3205347bf84c1ada399301f81 type=observation queue_s=0.000017 worker_s=0.009864
INFO 2026-09-29 19:15:28 e/server.py:574 Policy operation deployment=omx-act instance=4bc7a2bb48514cdaa75527d9c0cf2e26 session=3494f99bdf394c5482deeb4e8c8ed255 generation=1 request=8d8333b7a5b844f6aa1d8cf88e6e7ff8 type=observation queue_s=0.000047 worker_s=0.012177
INFO 2026-09-29 19:15:28 e/server.py:574 Policy operation deployment=omx-act instance=4bc7a2bb48514cdaa75527d9c0cf2e26 session=3494f99bdf394c5482deeb4e8c8ed255 generation=1 request=70e3d32bf82943f1ba4fe18c2867dbc7 type=observation queue_s=0.000126 worker_s=0.010145
INFO 2026-09-29 19:15:28 e/server.py:574 Policy operation deployment=omx-act instance=4bc7a2bb48514cdaa75527d9c0cf2e26 session=3494f99bdf394c5482deeb4e8c8ed255 generation=1 request=2bcaee12895048e0b32a4249009adc7e type=observation queue_s=0.000026 worker_s=0.010822
INFO 2026-09-29 19:15:28 e/server.py:574 Policy operation deployment=omx-act instance=4bc7a2bb48514cdaa75527d9c0cf2e26 session=3494f99bdf394c5482deeb4e8c8ed255 generation=1 request=60840ab5497a486abd2564d50793c653 type=observation queue_s=0.000032 worker_s=0.010626
INFO 2026-09-29 19:15:28 e/server.py:574 Policy operation deployment=omx-act instance=4bc7a2bb48514cdaa75527d9c0cf2e26 session=3494f99bdf394c5482deeb4e8c8ed255 generation=1 request=020a9297f6e04e48b7b974feeebb5c05 type=observation queue_s=0.000083 worker_s=0.011296
INFO 2026-09-29 19:15:28 e/server.py:574 Policy operation deployment=omx-act instance=4bc7a2bb48514cdaa75527d9c0cf2e26 session=3494f99bdf394c5482deeb4e8c8ed255 generation=1 request=b543407491554b409de9497218d620cb type=observation queue_s=0.000150 worker_s=0.013053
INFO 2026-09-29 19:15:28 e/server.py:574 Policy operation deployment=omx-act instance=4bc7a2bb48514cdaa75527d9c0cf2e26 session=3494f99bdf394c5482deeb4e8c8ed255 generation=1 request=8efe8ae3a04148529549f2dcfeb4abdf type=observation queue_s=0.000122 worker_s=0.011868
INFO 2026-09-29 19:15:28 e/server.py:574 Policy operation deployment=omx-act instance=4bc7a2bb48514cdaa75527d9c0cf2e26 session=3494f99bdf394c5482deeb4e8c8ed255 generation=1 request=e2e156bb70644b1f907ff1103c2c3afa type=observation queue_s=0.000099 worker_s=0.010768
INFO 2026-09-29 19:15:28 e/server.py:574 Policy operation deployment=omx-act instance=4bc7a2bb48514cdaa75527d9c0cf2e26 session=3494f99bdf394c5482deeb4e8c8ed255 generation=1 request=07df6fe9082b41d09727befcd5bb4fba type=observation queue_s=0.000097 worker_s=0.011270
INFO 2026-09-29 19:15:28 e/server.py:574 Policy operation deployment=omx-act instance=4bc7a2bb48514cdaa75527d9c0cf2e26 session=3494f99bdf394c5482deeb4e8c8ed255 generation=1 request=ed7fc430a06b443c93fb71b74eb448e8 type=observation queue_s=0.000088 worker_s=0.010904
INFO 2026-09-29 19:15:28 e/server.py:574 Policy operation deployment=omx-act instance=4bc7a2bb48514cdaa75527d9c0cf2e26 session=3494f99bdf394c5482deeb4e8c8ed255 generation=1 request=1d706b4ce46749e9be2f710174a34c84 type=observation queue_s=0.000108 worker_s=0.012989
INFO 2026-09-29 19:15:29 e/server.py:574 Policy operation deployment=omx-act instance=4bc7a2bb48514cdaa75527d9c0cf2e26 session=3494f99bdf394c5482deeb4e8c8ed255 generation=1 request=a666f83b96f94dfeb0fccdb9b93bcd2c type=observation queue_s=0.000038 worker_s=0.011034
INFO 2026-09-29 19:15:29 e/server.py:574 Policy operation deployment=omx-act instance=4bc7a2bb48514cdaa75527d9c0cf2e26 session=3494f99bdf394c5482deeb4e8c8ed255 generation=1 request=40c44615fc2e47b1a6489d8932e01032 type=observation queue_s=0.000034 worker_s=0.010791
INFO 2026-09-29 19:15:29 e/server.py:574 Policy operation deployment=omx-act instance=4bc7a2bb48514cdaa75527d9c0cf2e26 session=3494f99bdf394c5482deeb4e8c8ed255 generation=1 request=46429494e5a14493b87ed25fbb4c157d type=observation queue_s=0.000043 worker_s=0.011475
INFO 2026-09-29 19:15:29 e/server.py:574 Policy operation deployment=omx-act instance=4bc7a2bb48514cdaa75527d9c0cf2e26 session=3494f99bdf394c5482deeb4e8c8ed255 generation=1 request=8d80f30650274f07b40cb0aa474fe734 type=observation queue_s=0.000073 worker_s=0.010852
INFO 2026-09-29 19:15:29 e/server.py:574 Policy operation deployment=omx-act instance=4bc7a2bb48514cdaa75527d9c0cf2e26 session=3494f99bdf394c5482deeb4e8c8ed255 generation=1 request=749f512675ae42bfa3128026a767dbaa type=observation queue_s=0.000150 worker_s=0.012432
INFO 2026-09-29 19:15:29 e/server.py:574 Policy operation deployment=omx-act instance=4bc7a2bb48514cdaa75527d9c0cf2e26 session=3494f99bdf394c5482deeb4e8c8ed255 generation=1 request=4beeeabf1bf547408c0ee9835989511e type=observation queue_s=0.000098 worker_s=0.011706
INFO 2026-09-29 19:15:29 e/server.py:574 Policy operation deployment=omx-act instance=4bc7a2bb48514cdaa75527d9c0cf2e26 session=3494f99bdf394c5482deeb4e8c8ed255 generation=1 request=29fdfe26411f4ba59b9b4f96d0b2b877 type=observation queue_s=0.000098 worker_s=0.010655
INFO 2026-09-29 19:15:29 e/server.py:574 Policy operation deployment=omx-act instance=4bc7a2bb48514cdaa75527d9c0cf2e26 session=3494f99bdf394c5482deeb4e8c8ed255 generation=1 request=89b78a2f154147e4a1a695834d8c1721 type=observation queue_s=0.000079 worker_s=0.011111
INFO 2026-09-29 19:15:29 e/server.py:574 Policy operation deployment=omx-act instance=4bc7a2bb48514cdaa75527d9c0cf2e26 session=3494f99bdf394c5482deeb4e8c8ed255 generation=1 request=ed9f86bd40b548868855804714698d3a type=observation queue_s=0.000094 worker_s=0.010640
INFO 2026-09-29 19:15:29 e/server.py:574 Policy operation deployment=omx-act instance=4bc7a2bb48514cdaa75527d9c0cf2e26 session=3494f99bdf394c5482deeb4e8c8ed255 generation=1 request=a4a45038ee9349bbb820941aaefdc358 type=observation queue_s=0.000115 worker_s=0.012855
INFO 2026-09-29 19:15:29 e/server.py:574 Policy operation deployment=omx-act instance=4bc7a2bb48514cdaa75527d9c0cf2e26 session=3494f99bdf394c5482deeb4e8c8ed255 generation=1 request=bc7b43a1438547f8b692b59f4bbe4a18 type=observation queue_s=0.000075 worker_s=0.010008
INFO 2026-09-29 19:15:29 e/server.py:574 Policy operation deployment=omx-act instance=4bc7a2bb48514cdaa75527d9c0cf2e26 session=3494f99bdf394c5482deeb4e8c8ed255 generation=1 request=9d76ac9879b64188a70440cb52c5d9f0 type=observation queue_s=0.000078 worker_s=0.010947
INFO 2026-09-29 19:15:29 e/server.py:574 Policy operation deployment=omx-act instance=4bc7a2bb48514cdaa75527d9c0cf2e26 session=3494f99bdf394c5482deeb4e8c8ed255 generation=1 request=36b696961aef4bc3a9921bb5f8ec3831 type=observation queue_s=0.000077 worker_s=0.010526
INFO 2026-09-29 19:15:29 e/server.py:574 Policy operation deployment=omx-act instance=4bc7a2bb48514cdaa75527d9c0cf2e26 session=3494f99bdf394c5482deeb4e8c8ed255 generation=1 request=7bbe8a889a334811bbff1a56a6e3a2dc type=observation queue_s=0.000111 worker_s=0.010956
INFO 2026-09-29 19:15:29 e/server.py:574 Policy operation deployment=omx-act instance=4bc7a2bb48514cdaa75527d9c0cf2e26 session=3494f99bdf394c5482deeb4e8c8ed255 generation=1 request=d4ef5ddbf275471b928e047c7bd5b300 type=observation queue_s=0.000167 worker_s=0.012399
INFO 2026-09-29 19:15:29 e/server.py:574 Policy operation deployment=omx-act instance=4bc7a2bb48514cdaa75527d9c0cf2e26 session=3494f99bdf394c5482deeb4e8c8ed255 generation=1 request=ae7f140c4b2e4afebe0d4a54ce9bced4 type=observation queue_s=0.000114 worker_s=0.011593
INFO 2026-09-29 19:15:29 e/server.py:574 Policy operation deployment=omx-act instance=4bc7a2bb48514cdaa75527d9c0cf2e26 session=3494f99bdf394c5482deeb4e8c8ed255 generation=1 request=6d9e58998e264b04a2ab5f8e79cc9a3b type=observation queue_s=0.000092 worker_s=0.010148
INFO 2026-09-29 19:15:29 e/server.py:574 Policy operation deployment=omx-act instance=4bc7a2bb48514cdaa75527d9c0cf2e26 session=3494f99bdf394c5482deeb4e8c8ed255 generation=1 request=2e6719842ff6449aae407a4c43a9f7b1 type=observation queue_s=0.000100 worker_s=0.010214
INFO 2026-09-29 19:15:29 e/server.py:574 Policy operation deployment=omx-act instance=4bc7a2bb48514cdaa75527d9c0cf2e26 session=3494f99bdf394c5482deeb4e8c8ed255 generation=1 request=e86468d6b22a4883bf4378d01b23fb05 type=observation queue_s=0.000080 worker_s=0.010410
INFO 2026-09-29 19:15:29 e/server.py:574 Policy operation deployment=omx-act instance=4bc7a2bb48514cdaa75527d9c0cf2e26 session=3494f99bdf394c5482deeb4e8c8ed255 generation=1 request=178ee036ae084b12939ff44779b3cab0 type=observation queue_s=0.000117 worker_s=0.011772
INFO 2026-09-29 19:15:29 e/server.py:574 Policy operation deployment=omx-act instance=4bc7a2bb48514cdaa75527d9c0cf2e26 session=3494f99bdf394c5482deeb4e8c8ed255 generation=1 request=b7f2323994f54d4f8f7a7be8e92b176e type=observation queue_s=0.000122 worker_s=0.012280
INFO 2026-09-29 19:15:29 e/server.py:574 Policy operation deployment=omx-act instance=4bc7a2bb48514cdaa75527d9c0cf2e26 session=3494f99bdf394c5482deeb4e8c8ed255 generation=1 request=265e5c6fc7a144768103bc352f717e91 type=observation queue_s=0.000103 worker_s=0.010968
INFO 2026-09-29 19:15:29 e/server.py:574 Policy operation deployment=omx-act instance=4bc7a2bb48514cdaa75527d9c0cf2e26 session=3494f99bdf394c5482deeb4e8c8ed255 generation=1 request=9f55802228ed4bd0be8f7bde8aa8cb5d type=observation queue_s=0.000114 worker_s=0.011029
INFO 2026-09-29 19:15:29 e/server.py:574 Policy operation deployment=omx-act instance=4bc7a2bb48514cdaa75527d9c0cf2e26 session=3494f99bdf394c5482deeb4e8c8ed255 generation=1 request=79385de99535413888c9b213076b50d7 type=observation queue_s=0.000082 worker_s=0.011207
INFO 2026-09-29 19:15:29 e/server.py:574 Policy operation deployment=omx-act instance=4bc7a2bb48514cdaa75527d9c0cf2e26 session=3494f99bdf394c5482deeb4e8c8ed255 generation=1 request=a1125dfc3a204b0caf175f31c2f22c3e type=observation queue_s=0.000089 worker_s=0.011120
INFO 2026-09-29 19:15:29 e/server.py:574 Policy operation deployment=omx-act instance=4bc7a2bb48514cdaa75527d9c0cf2e26 session=3494f99bdf394c5482deeb4e8c8ed255 generation=1 request=7c1652e1c2204dfda0ea8d855c36e8b5 type=observation queue_s=0.000181 worker_s=0.012202
INFO 2026-09-29 19:15:30 e/server.py:574 Policy operation deployment=omx-act instance=4bc7a2bb48514cdaa75527d9c0cf2e26 session=3494f99bdf394c5482deeb4e8c8ed255 generation=1 request=6500be39a2354e92a41fc374e0b82c4b type=observation queue_s=0.000078 worker_s=0.010511
INFO 2026-09-29 19:15:30 e/server.py:574 Policy operation deployment=omx-act instance=4bc7a2bb48514cdaa75527d9c0cf2e26 session=3494f99bdf394c5482deeb4e8c8ed255 generation=1 request=b704deeda19c49dcacc089e97753e81b type=observation queue_s=0.000092 worker_s=0.010706
INFO 2026-09-29 19:15:30 e/server.py:574 Policy operation deployment=omx-act instance=4bc7a2bb48514cdaa75527d9c0cf2e26 session=3494f99bdf394c5482deeb4e8c8ed255 generation=1 request=9e31c5a382094bfeac63d8ee771b8756 type=observation queue_s=0.000077 worker_s=0.011078
INFO 2026-09-29 19:15:30 e/server.py:574 Policy operation deployment=omx-act instance=4bc7a2bb48514cdaa75527d9c0cf2e26 session=3494f99bdf394c5482deeb4e8c8ed255 generation=1 request=995e13eccc5b4779a6b30d18bd292520 type=observation queue_s=0.000092 worker_s=0.010647
INFO 2026-09-29 19:15:30 e/server.py:574 Policy operation deployment=omx-act instance=4bc7a2bb48514cdaa75527d9c0cf2e26 session=3494f99bdf394c5482deeb4e8c8ed255 generation=1 request=114f62ee6e834ed0928101b90b66f6ab type=observation queue_s=0.000109 worker_s=0.012543
INFO 2026-09-29 19:15:30 e/server.py:574 Policy operation deployment=omx-act instance=4bc7a2bb48514cdaa75527d9c0cf2e26 session=3494f99bdf394c5482deeb4e8c8ed255 generation=1 request=3a0846a8b279478ead69b45cf029018d type=observation queue_s=0.000088 worker_s=0.010936
INFO 2026-09-29 19:15:30 e/server.py:574 Policy operation deployment=omx-act instance=4bc7a2bb48514cdaa75527d9c0cf2e26 session=3494f99bdf394c5482deeb4e8c8ed255 generation=1 request=6b489e930bf548a4a8ceb13b938f81fc type=observation queue_s=0.000094 worker_s=0.011004
INFO 2026-09-29 19:15:30 e/server.py:574 Policy operation deployment=omx-act instance=4bc7a2bb48514cdaa75527d9c0cf2e26 session=3494f99bdf394c5482deeb4e8c8ed255 generation=1 request=a66647ed4bf14c93b0ae6afd0b7a6cbf type=observation queue_s=0.000030 worker_s=0.010838
INFO 2026-09-29 19:15:30 e/server.py:574 Policy operation deployment=omx-act instance=4bc7a2bb48514cdaa75527d9c0cf2e26 session=3494f99bdf394c5482deeb4e8c8ed255 generation=1 request=4e19dee8b3b84151803f67c9b0c14e5e type=observation queue_s=0.000028 worker_s=0.010462
INFO 2026-09-29 19:15:30 e/server.py:574 Policy operation deployment=omx-act instance=4bc7a2bb48514cdaa75527d9c0cf2e26 session=3494f99bdf394c5482deeb4e8c8ed255 generation=1 request=a32b9783dac3458989b092259b792a10 type=observation queue_s=0.000025 worker_s=0.010380
INFO 2026-09-29 19:15:30 e/server.py:574 Policy operation deployment=omx-act instance=4bc7a2bb48514cdaa75527d9c0cf2e26 session=3494f99bdf394c5482deeb4e8c8ed255 generation=1 request=e4325fa8587d4181be72b315946e20f5 type=observation queue_s=0.000030 worker_s=0.010821
INFO 2026-09-29 19:15:30 e/server.py:574 Policy operation deployment=omx-act instance=4bc7a2bb48514cdaa75527d9c0cf2e26 session=3494f99bdf394c5482deeb4e8c8ed255 generation=1 request=675f186b9c874337b969bd1a3a5a2b21 type=observation queue_s=0.000025 worker_s=0.010391
INFO 2026-09-29 19:15:30 e/server.py:574 Policy operation deployment=omx-act instance=4bc7a2bb48514cdaa75527d9c0cf2e26 session=3494f99bdf394c5482deeb4e8c8ed255 generation=1 request=02e0e98c32784d85821ad4880fac5957 type=observation queue_s=0.000021 worker_s=0.010333
INFO 2026-09-29 19:15:30 e/server.py:574 Policy operation deployment=omx-act instance=4bc7a2bb48514cdaa75527d9c0cf2e26 session=3494f99bdf394c5482deeb4e8c8ed255 generation=1 request=ffab6ec250c749f09d2b72a878ea6810 type=observation queue_s=0.000023 worker_s=0.010322
INFO 2026-09-29 19:15:30 e/server.py:574 Policy operation deployment=omx-act instance=4bc7a2bb48514cdaa75527d9c0cf2e26 session=3494f99bdf394c5482deeb4e8c8ed255 generation=1 request=998a9d81fe4246fd9f249e1adf763c4d type=observation queue_s=0.000020 worker_s=0.010155
INFO 2026-09-29 19:15:30 e/server.py:574 Policy operation deployment=omx-act instance=4bc7a2bb48514cdaa75527d9c0cf2e26 session=3494f99bdf394c5482deeb4e8c8ed255 generation=1 request=bef8228fac234d3fa55a4132058b9994 type=observation queue_s=0.000021 worker_s=0.009988
INFO 2026-09-29 19:15:30 e/server.py:574 Policy operation deployment=omx-act instance=4bc7a2bb48514cdaa75527d9c0cf2e26 session=3494f99bdf394c5482deeb4e8c8ed255 generation=1 request=1d33e7158d95448c8952a0f3f34bc743 type=observation queue_s=0.000021 worker_s=0.010358
INFO 2026-09-29 19:15:30 e/server.py:574 Policy operation deployment=omx-act instance=4bc7a2bb48514cdaa75527d9c0cf2e26 session=3494f99bdf394c5482deeb4e8c8ed255 generation=1 request=933fbc20b3d2443490dc89b30373e96d type=observation queue_s=0.000081 worker_s=0.010941
INFO 2026-09-29 19:15:30 e/server.py:574 Policy operation deployment=omx-act instance=4bc7a2bb48514cdaa75527d9c0cf2e26 session=3494f99bdf394c5482deeb4e8c8ed255 generation=1 request=f21a992d7e104048a4ec7856d3c5f795 type=observation queue_s=0.000158 worker_s=0.011558
INFO 2026-09-29 19:15:30 e/server.py:574 Policy operation deployment=omx-act instance=4bc7a2bb48514cdaa75527d9c0cf2e26 session=3494f99bdf394c5482deeb4e8c8ed255 generation=1 request=a933ae385abc452d98a2730
                                                                                                bb69ee184 type=observation queue_s=0.000115 worker_s=0.011829
INFO 2026-09-29 19:15:30 e/server.py:574 Policy operation deployment=omx-act instance=4bc7a2bb48514cdaa75527d9c0cf2e26 session=3494f99bdf394c5482deeb4e8c8ed255 generation=1 request=46dcdf6eec454fe2bd0c253566081eb7 type=observation queue_s=0.000109 worker_s=0.009775
INFO 2026-09-29 19:15:30 e/server.py:574 Policy operation deployment=omx-act instance=4bc7a2bb48514cdaa75527d9c0cf2e26 session=3494f99bdf394c5482deeb4e8c8ed255 generation=1 request=55ec501054e7442a856d29d94c47eaef type=observation queue_s=0.000076 worker_s=0.010785
INFO 2026-09-29 19:15:30 e/server.py:574 Policy operation deployment=omx-act instance=4bc7a2bb48514cdaa75527d9c0cf2e26 session=3494f99bdf394c5482deeb4e8c8ed255 generation=1 request=8ff380bb543244f589501c11343c7772 type=observation queue_s=0.000087 worker_s=0.010550
INFO 2026-09-29 19:15:30 e/server.py:574 Policy operation deployment=omx-act instance=4bc7a2bb48514cdaa75527d9c0cf2e26 session=3494f99bdf394c5482deeb4e8c8ed255 generation=1 request=c88f9915f3ce4fd38170f6d81f711bb8 type=observation queue_s=0.000089 worker_s=0.009758
INFO 2026-09-29 19:15:30 e/server.py:574 Policy operation deployment=omx-act instance=4bc7a2bb48514cdaa75527d9c0cf2e26 session=3494f99bdf394c5482deeb4e8c8ed255 generation=1 request=453005d3ae0942b3900fac247b20ee5d type=observation queue_s=0.000186 worker_s=0.009913
INFO 2026-09-29 19:15:30 e/server.py:574 Policy operation deployment=omx-act instance=4bc7a2bb48514cdaa75527d9c0cf2e26 session=3494f99bdf394c5482deeb4e8c8ed255 generation=1 request=b3338bfbb79841e0af44f60d7226de08 type=observation queue_s=0.000132 worker_s=0.009329
INFO 2026-09-29 19:15:30 e/server.py:574 Policy operation deployment=omx-act instance=4bc7a2bb48514cdaa75527d9c0cf2e26 session=3494f99bdf394c5482deeb4e8c8ed255 generation=1 request=f7beecd6024243e095797c6ac07809dd type=observation queue_s=0.000128 worker_s=0.009488
INFO 2026-09-29 19:15:31 e/server.py:574 Policy operation deployment=omx-act instance=4bc7a2bb48514cdaa75527d9c0cf2e26 session=3494f99bdf394c5482deeb4e8c8ed255 generation=1 request=643a6ce9ac09499cb45c8ef428064e97 type=observation queue_s=0.000050 worker_s=0.009665
INFO 2026-09-29 19:15:31 e/server.py:574 Policy operation deployment=omx-act instance=4bc7a2bb48514cdaa75527d9c0cf2e26 session=3494f99bdf394c5482deeb4e8c8ed255 generation=1 request=f9dc9b6380434251ab165451d45643da type=observation queue_s=0.000109 worker_s=0.009656
INFO 2026-09-29 19:15:31 e/server.py:574 Policy operation deployment=omx-act instance=4bc7a2bb48514cdaa75527d9c0cf2e26 session=3494f99bdf394c5482deeb4e8c8ed255 generation=1 request=a805664604d1419b896c0b9f166b9f86 type=observation queue_s=0.000175 worker_s=0.009194
INFO 2026-09-29 19:15:31 e/server.py:574 Policy operation deployment=omx-act instance=4bc7a2bb48514cdaa75527d9c0cf2e26 session=3494f99bdf394c5482deeb4e8c8ed255 generation=1 request=add9fc11765942babe1b806780d8971b type=observation queue_s=0.000149 worker_s=0.009130
INFO 2026-09-29 19:15:31 e/server.py:574 Policy operation deployment=omx-act instance=4bc7a2bb48514cdaa75527d9c0cf2e26 session=3494f99bdf394c5482deeb4e8c8ed255 generation=1 request=a0ea0ecc323d46df82f1a2eb5e92b2c7 type=observation queue_s=0.000150 worker_s=0.009300
INFO 2026-09-29 19:15:31 e/server.py:574 Policy operation deployment=omx-act instance=4bc7a2bb48514cdaa75527d9c0cf2e26 session=3494f99bdf394c5482deeb4e8c8ed255 generation=1 request=f0043ed139d54a51a2dca856417c0efb type=observation queue_s=0.000179 worker_s=0.009356
INFO 2026-09-29 19:15:31 e/server.py:574 Policy operation deployment=omx-act instance=4bc7a2bb48514cdaa75527d9c0cf2e26 session=3494f99bdf394c5482deeb4e8c8ed255 generation=1 request=1cf4f75aeb6140bca1449cadfa7009be type=observation queue_s=0.000125 worker_s=0.009587
INFO 2026-09-29 19:15:31 e/server.py:574 Policy operation deployment=omx-act instance=4bc7a2bb48514cdaa75527d9c0cf2e26 session=3494f99bdf394c5482deeb4e8c8ed255 generation=1 request=f1250dab708849ab8b260c7f9b5e701f type=observation queue_s=0.000118 worker_s=0.009236
INFO 2026-09-29 19:15:31 e/server.py:574 Policy operation deployment=omx-act instance=4bc7a2bb48514cdaa75527d9c0cf2e26 session=3494f99bdf394c5482deeb4e8c8ed255 generation=1 request=cadd98cb51d04401a5f0071cd2bcc7eb type=observation queue_s=0.000108 worker_s=0.009645
INFO 2026-09-29 19:15:31 e/server.py:574 Policy operation deployment=omx-act instance=4bc7a2bb48514cdaa75527d9c0cf2e26 session=3494f99bdf394c5482deeb4e8c8ed255 generation=1 request=e6f29753f54f4f05b806c6cae89b6419 type=observation queue_s=0.000122 worker_s=0.009354
INFO 2026-09-29 19:15:31 e/server.py:574 Policy operation deployment=omx-act instance=4bc7a2bb48514cdaa75527d9c0cf2e26 session=3494f99bdf394c5482deeb4e8c8ed255 generation=1 request=8db85fec3e4043918a03a1555b3aca2c type=observation queue_s=0.000125 worker_s=0.009923
INFO 2026-09-29 19:15:31 e/server.py:574 Policy operation deployment=omx-act instance=4bc7a2bb48514cdaa75527d9c0cf2e26 session=3494f99bdf394c5482deeb4e8c8ed255 generation=1 request=eb78eb4ca88448d6b9689f258ba90fd9 type=observation queue_s=0.000096 worker_s=0.009017
INFO 2026-09-29 19:15:31 e/server.py:574 Policy operation deployment=omx-act instance=4bc7a2bb48514cdaa75527d9c0cf2e26 session=3494f99bdf394c5482deeb4e8c8ed255 generation=1 request=290f31054adf4c3586b509a7a8d98814 type=observation queue_s=0.000118 worker_s=0.010626
INFO 2026-09-29 19:15:31 e/server.py:574 Policy operation deployment=omx-act instance=4bc7a2bb48514cdaa75527d9c0cf2e26 session=3494f99bdf394c5482deeb4e8c8ed255 generation=1 request=780c3475444f48bf90c7b5cd6f6985ae type=observation queue_s=0.000148 worker_s=0.010113
INFO 2026-09-29 19:15:31 e/server.py:574 Policy operation deployment=omx-act instance=4bc7a2bb48514cdaa75527d9c0cf2e26 session=3494f99bdf394c5482deeb4e8c8ed255 generation=1 request=6e235463edb3429785355a923f8c61c1 type=observation queue_s=0.000043 worker_s=0.009333
INFO 2026-09-29 19:15:31 e/server.py:574 Policy operation deployment=omx-act instance=4bc7a2bb48514cdaa75527d9c0cf2e26 session=3494f99bdf394c5482deeb4e8c8ed255 generation=1 request=ed6f8516c36b41f2a535c58f6e9393a7 type=observation queue_s=0.000172 worker_s=0.009205
INFO 2026-09-29 19:15:31 e/server.py:574 Policy operation deployment=omx-act instance=4bc7a2bb48514cdaa75527d9c0cf2e26 session=3494f99bdf394c5482deeb4e8c8ed255 generation=1 request=349b9158f7e64e22a0184660231fc692 type=observation queue_s=0.000106 worker_s=0.009396
INFO 2026-09-29 19:15:31 e/server.py:574 Policy operation deployment=omx-act instance=4bc7a2bb48514cdaa75527d9c0cf2e26 session=3494f99bdf394c5482deeb4e8c8ed255 generation=1 request=c245b3513ca14af4a590d404f998e485 type=observation queue_s=0.000176 worker_s=0.008865
INFO 2026-09-29 19:15:31 e/server.py:574 Policy operation deployment=omx-act instance=4bc7a2bb48514cdaa75527d9c0cf2e26 session=3494f99bdf394c5482deeb4e8c8ed255 generation=1 request=cc56c04b73e74ced9d2b0cfae0a16df3 type=observation queue_s=0.000072 worker_s=0.009641
INFO 2026-09-29 19:15:31 e/server.py:574 Policy operation deployment=omx-act instance=4bc7a2bb48514cdaa75527d9c0cf2e26 session=3494f99bdf394c5482deeb4e8c8ed255 generation=1 request=983530397b514143a0abd842b6164e50 type=observation queue_s=0.000188 worker_s=0.009011
INFO 2026-09-29 19:15:31 e/server.py:574 Policy operation deployment=omx-act instance=4bc7a2bb48514cdaa75527d9c0cf2e26 session=3494f99bdf394c5482deeb4e8c8ed255 generation=1 request=1cfe7caff3d54b1a9208ec11e6dc5cfa type=observation queue_s=0.000111 worker_s=0.009441
INFO 2026-09-29 19:15:31 e/server.py:574 Policy operation deployment=omx-act instance=4bc7a2bb48514cdaa75527d9c0cf2e26 session=3494f99bdf394c5482deeb4e8c8ed255 generation=1 request=ae977d2fb7c9441cb1199549ccfdc6f7 type=observation queue_s=0.000129 worker_s=0.008166
INFO 2026-09-29 19:15:31 e/server.py:574 Policy operation deployment=omx-act instance=4bc7a2bb48514cdaa75527d9c0cf2e26 session=3494f99bdf394c5482deeb4e8c8ed255 generation=1 request=197826a586cd43048754b6e0c1fb4ceb type=observation queue_s=0.000070 worker_s=0.009414
INFO 2026-09-29 19:15:31 e/server.py:318 Session cleanup queued instance=4bc7a2bb48514cdaa75527d9c0cf2e26 session=3494f99bdf394c5482deeb4e8c8ed255 reason=client_close inference_pending=True; ownership releases only after worker close/reset completes
INFO 2026-09-29 19:15:31 e/server.py:574 Policy operation deployment=omx-act instance=4bc7a2bb48514cdaa75527d9c0cf2e26 session=3494f99bdf394c5482deeb4e8c8ed255 generation=1 request=343515d45e8a4308b417ca06596394b4 type=observation queue_s=0.000125 worker_s=0.009168
INFO 2026-09-29 19:15:31 e/server.py:459 Session released instance=4bc7a2bb48514cdaa75527d9c0cf2e26 session=3494f99bdf394c5482deeb4e8c8ed255 reason=client_close; deployment available for a new session