{
    "index": {
        "min": [
            0
        ],
        "max": [
            193
        ],
        "mean": [
            96.5
        ],
        "std": [
            56.00223209837265
        ],
        "count": [
            194
        ],
        "q01": [
            47.60920577309693
        ],
        "q10": [
            56.38345257723749
        ],
        "q50": [
            96.10304845360659
        ],
        "q90": [
            136.56505257740048
        ],
        "q99": [
            145.39062773205768
        ]
    },
    "task_index": {
        "min": [
            0
        ],
        "max": [
            0
        ],
        "mean": [
            0.0
        ],
        "std": [
            0.0
        ],
        "count": [
            194
        ],
        "q01": [
            3.999999999999417e-16
        ],
        "q10": [
            3.999999999999417e-15
        ],
        "q50": [
            1.9999999999997088e-14
        ],
        "q90": [
            3.599999999999477e-14
        ],
        "q99": [
            3.959999999999423e-14
        ]
    },
    "timestamp": {
        "min": [
            0.0
        ],
        "max": [
            4.5
        ],
        "mean": [
            1.6532646048109967
        ],
        "std": [
            1.4304507079266626
        ],
        "count": [
            194
        ],
        "q01": [
            0.023571463818573394
        ],
        "q10": [
            0.3160463573062149
        ],
        "q50": [
            1.6400328865963043
        ],
        "q90": [
            2.9887663574692733
        ],
        "q99": [
            3.2829521959752386
        ]
    },
    "observation.state": {
        "min": [
            0.03380702808499336,
            -1.855337381362915,
            -0.020001472905278206,
            2.1624977588653564,
            -0.061802107840776443,
            -0.025150194764137268,
            1.584078311920166,
            0.06070199981331825
        ],
        "max": [
            0.033999014645814896,
            -1.7634981870651245,
            -0.018989183008670807,
            2.177245855331421,
            -0.06005677953362465,
            -0.02502802200615406,
            1.8082484006881714,
            0.06070199981331825
        ],
        "mean": [
            0.033843206280131925,
            -1.797737956047058,
            -0.019487338764689013,
            2.1679556087120293,
            -0.06076101040870873,
            -0.02510550763150773,
            1.6679141195778995,
            0.06070196657374348
        ],
        "std": [
            3.0080857184303447e-05,
            0.04387185567953795,
            0.00037852501802982405,
            0.007221285582294663,
            0.0007978032159366837,
            4.327634551644517e-05,
            0.1072315387613661,
            4.425673208218446e-05
        ],
        "count": [
            194
        ],
        "q01": [
            0.03382268179323255,
            -1.827880302655328,
            -0.01989697005714952,
            2.1624977588653564,
            -0.06130639816989604,
            -0.025150194764137268,
            1.584127200166254,
            0.06070199981331825
        ],
        "q10": [
            0.03382268179323255,
            -1.827880302655328,
            -0.019774653162435978,
            2.1624977588653564,
            -0.06130639816989604,
            -0.025150194764137268,
            1.5841272014960468,
            0.06070199981331825
        ],
        "q50": [
            0.03382268179323255,
            -1.827880302655328,
            -0.019224128845597155,
            2.1728346822539204,
            -0.06130639816989604,
            -0.02506456414003131,
            1.7411979603099448,
            0.06070199981331825
        ],
        "q90": [
            0.033859393743100444,
            -1.7635017590600017,
            -0.019224019793416817,
            2.172836240942594,
            -0.060143854347489034,
            -0.02506455113380797,
            1.74122238567602,
            0.06070199981331825
        ],
        "q99": [
            0.03395725255159987,
            -1.7634985442646123,
            -0.019223995256676233,
            2.1728365916475463,
            -0.06014380309279178,
            -0.025064548207407715,
            1.7412361345958287,
            0.06070199981331825
        ]
    },
    "frame_index": {
        "min": [
            0
        ],
        "max": [
            135
        ],
        "mean": [
            49.597938144329895
        ],
        "std": [
            42.91352123779988
        ],
        "count": [
            194
        ],
        "q01": [
            0.7071439174268207
        ],
        "q10": [
            9.481390721567383
        ],
        "q50": [
            49.200986597936506
        ],
        "q90": [
            89.66299072173041
        ],
        "q99": [
            98.48856587638761
        ]
    },
    "episode_index": {
        "min": [
            0
        ],
        "max": [
            4
        ],
        "mean": [
            0.6443298969072165
        ],
        "std": [
            1.1631337932778574
        ],
        "count": [
            194
        ],
        "q01": [
            0.644329896907217
        ],
        "q10": [
            0.6443298969072204
        ],
        "q50": [
            0.6443298969072365
        ],
        "q90": [
            0.6443298969072525
        ],
        "q99": [
            0.6443298969072561
        ]
    },
    "action": {
        "min": [
            0.032759830355644226,
            -1.8651809692382812,
            -0.022078415378928185,
            2.1963047981262207,
            -0.05881759524345398,
            -0.024783674627542496,
            1.6775232553482056,
            0.06089000031352043
        ],
        "max": [
            0.03401646763086319,
            -1.8651809692382812,
            -0.020961403846740723,
            2.1964271068573,
            -0.05820672959089279,
            -0.02471386268734932,
            1.6780468225479126,
            0.06089000031352043
        ],
        "mean": [
            0.03326757617064358,
            -1.8651782950175178,
            -0.021405473169054567,
            2.196383551223991,
            -0.058480194030502405,
            -0.024737229705164114,
            1.6779963183648807,
            0.06089006041743092
        ],
        "std": [
            0.0005304888812053684,
            0.0036536261822256375,
            0.0004725479254901618,
            0.0007540405098972993,
            0.00022656076444935684,
            5.064930293570345e-05,
            0.002832512832454723,
            1.050790509611179e-05
        ],
        "count": [
            194
        ],
        "q01": [
            0.03280157469136198,
            -1.8651809692382812,
            -0.021780989353650623,
            2.1963413680467374,
            -0.05867149173906169,
            -0.02476280301655691,
            1.6776745466841865,
            0.06089000031352043
        ],
        "q10": [
            0.03289936920308435,
            -1.8651809692382812,
            -0.021780989353650623,
            2.1963413985807496,
            -0.05867149173906169,
            -0.02476280301655691,
            1.6779926198098436,
            0.06089000031352043
        ],
        "q50": [
            0.03289952757394513,
            -1.8651809692382812,
            -0.021083586082100314,
            2.1963659674850935,
            -0.05832889794381623,
            -0.024713871441538107,
            1.677992685696442,
            0.06089000031352043
        ],
        "q90": [
            0.03368247910450721,
            -1.8651809692382812,
            -0.021083448596960253,
            2.1964271068573,
            -0.05824333416125209,
            -0.02471386443818708,
            1.6780293645047233,
            0.06089000031352043
        ],