{
    "observation.state": {
        "min": [
            -0.29190632700920105,
            -1.8553547859191895,
            -0.33403855562210083,
            1.2246277332305908,
            -0.1898045539855957,
            -0.22287854552268982,
            0.5477890372276306,
            0.00012799999967683107
        ],
        "max": [
            0.2998824715614319,
            0.8251916766166687,
            0.077178455889225,
            2.1767921447753906,
            0.028291787952184677,
            0.10787880420684814,
            1.8094526529312134,
            0.08729799836874008
        ],
        "mean": [
            0.047909677661405546,
            0.19712692302460358,
            -0.150201224178462,
            1.6857584505994343,
            -0.09727692509766016,
            -0.02462012172268289,
            0.8716841149965235,
            0.04979502525826939
        ],
        "std": [
            0.11964920973789511,
            0.6490998058106313,
            0.08863336909530685,
            0.2106732731242323,
            0.038071223647833066,
            0.06570587450509945,
            0.1871619725341424,
            0.024501128657557852
        ],
        "count": [
            6945
        ],
        "q01": [
            -0.14048004082820456,
            -1.7499506077378495,
            -0.29108785361095546,
            1.3759943274490434,
            -0.16653718582486574,
            -0.16577655287036003,
            0.6852406290839953,
            0.009536197801110983
        ],
        "q10": [
            -0.1022535316214298,
            -0.596655859991833,
            -0.24638184149983727,
            1.4976894463314434,
            -0.13951948944147552,
            -0.10752611320484577,
            0.7254114445539754,
            0.013552553863487143
        ],
        "q50": [
            0.040378945162428174,
            0.4049618793357783,
            -0.15397067287034316,
            1.6215026047061825,
            -0.09901745850365917,
            -0.019008799701864726,
            0.8436489518443633,
            0.06091934673126965
        ],
        "q90": [
            0.21534134885001474,
            0.6669047470956161,
            -0.04527057382713297,
            1.9850333956056343,
            -0.05071989276631045,
            0.04631933867073128,
            1.0381666941015675,
            0.07095635272149477
        ],
        "q99": [
            0.25169365331259363,
            0.7472706832776173,
            0.020054335275401822,
            2.1620841418037533,
            -0.02329159982960533,
            0.07855275749180925,
            1.442333736026848,
            0.0758634111357363
        ]
    },
    "observation.images.front": {
        "min": [
            [
                [
                    0.0
                ]
            ],
            [
                [
                    0.0
                ]
            ],
            [
                [
                    0.0
                ]
            ]
        ],
        "max": [
            [
                [
                    1.0
                ]
            ],
            [
                [
                    1.0
                ]
            ],
            [
                [
                    1.0
                ]
            ]
        ],
        "mean": [
            [
                [
                    0.5181983190966156
                ]
            ],
            [
                [
                    0.5182893990897958
                ]
            ],
            [
                [
                    0.5238564571106433
                ]
            ]
        ],
        "std": [
            [
                [
                    0.00453165696722495
                ]
            ],
            [
                [
                    0.0046302696566345855
                ]
            ],
            [
                [
                    0.003310368971806606
                ]
            ]
        ],
        "count": [
            1313
        ],
        "q01": [
            [
                [
                    0.08018099429092104
                ]
            ],
            [
                [
                    0.09318887476276248
                ]
            ],
            [
                [
                    0.08878829460385604
                ]
            ]
        ],
        "q10": [
            [
                [
                    0.14135026580560509
                ]
            ],
            [
                [
                    0.16046211253717693
                ]
            ],
            [
                [
                    0.169001166298664
                ]
            ]
        ],
        "q50": [
            [
                [
                    0.59276605157888
                ]
            ],
            [
                [
                    0.5894995828212669
                ]
            ],
            [
                [
                    0.5861881088964607
                ]
            ]
        ],
        "q90": [
            [
                [
                    0.6833499856791622
                ]
            ],
            [
                [
                    0.6776442214013116
                ]
            ],
            [
                [
                    0.6755035112273584
                ]
            ]
        ],
        "q99": [
            [
                [
                    0.7807034186853967
                ]
            ],
            [
                [
                    0.7378759116978558
                ]
            ],
            [
                [
                    0.8107962535900267
                ]
            ]
        ]
    },
    "action": {
        "min": [
            -0.30468297004699707,
            -1.9673765897750854,
            -0.33968958258628845,
            1.181281566619873,
            -0.20240262150764465,
            -0.22920311987400055,
            0.5504445433616638,
            -0.004258718341588974
        ],
        "max": [
            0.3052726089954376,
            0.858107328414917,
            0.08139979094266891,
            2.2355196475982666,
            0.014787234365940094,
            0.1154714897274971,
            1.6052684783935547,
            0.08823463320732117
        ],
        "mean": [
            0.04646056476706214,
            0.18729197624225982,
            -0.15311777737552182,
            1.6710948254583207,
            -0.09831444133177689,
            -0.023261763254425954,
            0.8620516145718535,
            0.04700835444478356
        ],
        "std": [
            0.12098333727231687,
            0.6448421715012002,
            0.08943711431423643,
            0.21690070150547588,
            0.03862943418524687,
            0.06607117708228313,
            0.1805464050576274,
            0.028030909808806483
        ],
        "count": [
            6945
        ],
        "q01": [
            -0.14691695143870304,
            -1.8293585369269394,
            -0.2969901861677804,
            1.3587572620647945,
            -0.1704978405861566,
            -0.16402634652426684,
            0.6767306865403513,
            -0.001962101016090483
        ],
        "q10": [
            -0.10433068386142935,
            -0.5876339093775437,
            -0.25065535100084396,
            1.483177510228751,
            -0.1412010992073258,
            -0.10774815759962844,
            0.7198689908608848,
            0.0023780897883376503
        ],
        "q50": [
            0.04003001137305599,
            0.38707051203066073,
            -0.15714350007715802,
            1.6057107687082284,
            -0.1008456505022412,
            -0.01733656791451168,
            0.8351665049426584,
            0.061030061549424613
        ],