{
    "action": {
        "min": [
            -0.20304113626480103,
            -1.9215104579925537,
            -0.37225452065467834,
            1.3221217393875122,
            -0.1714140921831131,
            -0.2559860050678253,
            0.5160696506500244,
            -0.004005685448646545
        ],
        "max": [
            0.3174545466899872,
            0.8307240009307861,
            0.016009077429771423,
            2.2273006439208984,
            0.03926718980073929,
            0.06006281077861786,
            1.5374901294708252,
            0.07865060865879059
        ],
        "mean": [
            0.072466179728508,
            0.16600187122821808,
            -0.1946129947900772,
            1.6854288578033447,
            -0.07312317937612534,
            -0.0891372337937355,
            0.8316054344177246,
            0.04401548206806183
        ],
        "std": [
            0.15030387043952942,
            0.6614199876785278,
            0.09736616909503937,
            0.2237367331981659,
            0.045431818813085556,
            0.08513582497835159,
            0.17506159842014313,
            0.026867371052503586
        ],
        "count": [
            1790
        ],
        "q01": [
            -0.19472361505031585,
            -1.8483560919761657,
            -0.36426405906677245,
            1.3394830465316772,
            -0.16290677785873414,
            -0.2520101100206375,
            0.5244350820779801,
            -0.0018748061498627066
        ],
        "q10": [
            -0.14183084666728973,
            -1.0496025085449219,
            -0.3011634647846222,
            1.4407001733779907,
            -0.13163746893405914,
            -0.19795945286750793,
            0.6572299599647522,
            0.0022431304678320885
        ],
        "q50": [
            0.07126009464263916,
            0.4553194046020508,
            -0.2237825244665146,
            1.625537633895874,
            -0.07799801230430603,
            -0.09606531262397766,
            0.807651162147522,
            0.05790388211607933
        ],
        "q90": [
            0.2557757943868637,
            0.6696633338928223,
            -0.033300429582595825,
            2.156153678894043,
            -0.0071248263120651245,
            0.022769033908843994,
            1.0310698747634888,
            0.07149257510900497
        ],
        "q99": [
            0.31319687962532045,
            0.7983028411865234,
            0.01213418245315551,
            2.2142751097679136,
            0.02865306735038757,
            0.05842247754335403,
            1.4196385622024537,
            0.07759426459670067
        ]
    },
    "observation.state": {
        "min": [
            -0.19828686118125916,
            -1.8552850484848022,
            -0.36276668310165405,
            1.3431705236434937,
            -0.16543975472450256,
            -0.2624451518058777,
            0.527595579624176,
            0.00015799999528098851
        ],
        "max": [
            0.3159395158290863,
            0.8195891380310059,
            0.015132004395127296,
            2.1731791496276855,
            0.02525491453707218,
            0.05438445881009102,
            1.8198199272155762,
            0.07758799940347672
        ],
        "mean": [
            0.07392094284296036,
            0.17683513462543488,
            -0.19198665022850037,
            1.6982451677322388,
            -0.0733674019575119,
            -0.09065433591604233,
            0.8405284881591797,
            0.04722362011671066
        ],
        "std": [
            0.14953289926052094,
            0.6681489944458008,
            0.09668194502592087,
            0.21459169685840607,
            0.0443597212433815,
            0.08398474007844925,
            0.18136821687221527,
            0.022998346015810966
        ],
        "count": [
            1790
        ],
        "q01": [
            -0.18939635862003673,
            -1.7560869925362723,
            -0.36020453572273253,
            1.349959945678711,
            -0.16018038988113403,
            -0.25902973413467406,
            0.5314593434333801,
            0.00015799989341758192
        ],
        "q10": [
            -0.1392536759376526,
            -1.080106496810913,
            -0.2989169120788574,
            1.4661778211593628,
            -0.12966543436050415,
            -0.19563634196917215,
            0.6576579809188843,
            0.003332630032673478
        ],
        "q50": [
            0.07240191102027893,
            0.4734605550765991,
            -0.22135698795318604,
            1.6394835710525513,
            -0.07890250533819199,
            -0.09820067882537842,
            0.8149863481521606,
            0.05771805752407421
        ],
        "q90": [
            0.25714630881945294,
            0.6708661317825317,
            -0.03349096576372782,
            2.1617250442504883,
            -0.007611304521560669,
            0.020737141370773315,
            1.038928747177124,
            0.07121809075276057
        ],
        "q99": [
            0.314098596572876,
            0.7998485326766968,
            0.013854700326919548,
            2.1663979411125185,
            0.022016927599906918,
            0.05388386845588684,
            1.469136095046997,
            0.07726434469223022
        ]
    },
    "observation.images.front": {
        "min": [
            [
                [
                    0.0
                ]
            ],
            [
                [
                    0.0
                ]
            ],
            [
                [
                    0.0
                ]
            ]
        ],
        "max": [
            [
                [
                    1.0
                ]
            ],
            [
                [
                    1.0
                ]
            ],
            [
                [
                    1.0
                ]
            ]
        ],
        "mean": [
            [
                [
                    0.5263504939096851
                ]
            ],
            [
                [
                    0.5270743820558527
                ]
            ],
            [
                [
                    0.5307991726084372
                ]
            ]
        ],
        "std": [
            [
                [
                    0.0
                ]
            ],
            [
                [
                    0.0
                ]
            ],
            [
                [
                    0.0
                ]
            ]
        ],
        "count": [
            275
        ],
        "q01": [
            [
                [
                    0.09802750268770463
                ]
            ],
            [
                [
                    0.10581799141599985
                ]
            ],
            [
                [
                    0.09815261341500765
                ]
            ]
        ],
        "q10": [
            [
                [
                    0.1687991403719085
                ]
            ],
            [
                [
                    0.18029622052679498
                ]
            ],
            [
                [
                    0.18835053918020125
                ]
            ]
        ],
        "q50": [
            [
                [
                    0.5960212002479248
                ]
            ],
            [
                [
                    0.5960895730095903
                ]
            ],
            [
                [
                    0.5883356679761039
                ]
            ]
        ],